,Config,Scheduler,Iteration,total time,cpu time,write to cpu ratio,task scheduler delay,peak JVM,total shuffle read,total shuffle write,average response time,average response time (worst10%),average response time (worst85),average response time (worst95),average response time (worst100),average proportional slowdown,average proportional slowdown (worst10%),loop100_ average response time,loop100_ average response time (worst 10%),loop100_ average proportional slowdown,loop100_ average proportional slowdown (worst 10%),loop100_ average response time (worst 1%),loop100_ average proportional slowdown (worst 1%),loop1000_ average response time,loop1000_ average response time (worst 10%),loop1000_ average proportional slowdown,loop1000_ average proportional slowdown (worst 10%),loop1000_ average response time (worst 1%),loop1000_ average proportional slowdown (worst 1%),user1_big_ average response time,user1_big_ average proportional slowdown (worst 10%),user1_big_ average response time (worst 10%),user1_big_ average proportional slowdown,user2_big_ average response time,user2_big_ average proportional slowdown (worst 10%),user2_big_ average response time (worst 10%),user2_big_ average proportional slowdown,user3_small_ average response time,user3_small_ average proportional slowdown (worst 10%),user3_small_ average response time (worst 10%),user3_small_ average proportional slowdown,user4_small_ average response time,user4_small_ average proportional slowdown (worst 10%),user4_small_ average response time (worst 10%),user4_small_ average proportional slowdown,loop20_ DVR,loop20_ violation count,loop20_ DSR,loop20_ slack count,loop100_ DVR,loop100_ violation count,loop100_ DSR,loop100_ slack count,loop1000_ DVR,loop1000_ violation count,loop1000_ DSR,loop1000_ slack count,user1_big_ DVR,user1_big_ violation count,user1_big_ DSR,user1_big_ slack count,user2_big_ DVR,user2_big_ violation count,user2_big_ DSR,user2_big_ slack count,user3_small_ DVR,user3_small_ violation count,user3_small_ DSR,user3_small_ slack count,user4_small_ DVR,user4_small_ violation count,user4_small_ DSR,user4_small_ slack count,best user DVR,worst user DVR ,best user DSR,worst user DSR,Total DVR,Total violations,Total DSR,Total gains
0,2_large_2_small_users,CUSTOM_CLUSTERFAIR,0.0,52.9229998588562,0.0,0.0,0.0,0.663837096,5.2864e-05,5.2864e-05,7.131250047683716,16.56749999523163,5.343187555670738,12.43233331044515,19.837000131607056,1.3995946909601726,2.272101308652317,3.5171667337417603,5.263000011444092,1.5624907746520478,2.338071973098219,5.263000011444092,2.338071973098219,12.55237501859665,19.837000131607056,1.1552505654223597,1.8256868189781468,19.837000131607056,1.8256868189781468,11.933749973773956,1.223873715784474,13.297999858856201,1.0983157676843178,13.171000063419342,1.8256868189781468,19.837000131607056,1.2121853631604014,3.7815000216166177,2.338071973098219,5.263000011444092,1.6799200451428777,3.252833445866903,1.7147934844577537,3.8600001335144043,1.4450615041612183,,0.0,,0.0,0.9573726408984823,3.0,-0.43650443650142545,9.0,0.4559026172619559,11.0,-0.43650443650142545,9.0,0.355497966129695,15.0,-0.43650443650142545,9.0,0.3767231398456623,19.0,-0.43650443650142545,9.0,0.455902617261956,22.0,-0.4500614264984695,12.0,0.455902617261956,22.0,-0.43650443650142545,18.0,0.355497966129695,0.455902617261956,-0.43650443650142545,-0.4500614264984695,0.455902617261956,22.0,-0.43650443650142545,18.0
1,2_large_2_small_users,CUSTOM_CLUSTERFAIR,1.0,52.67400002479553,0.0,0.0,0.0,0.643376256,5.2864e-05,5.2864e-05,7.375699973106384,15.50849986076355,5.778562486171722,12.138999938964844,18.639999866485596,1.5233007661096944,2.309640160352587,3.9960833191871643,5.276000022888184,1.775248031624684,2.3438471891995483,5.276000022888184,2.3438471891995483,12.445124953985214,18.639999866485596,1.1453798678372107,1.715521592792379,18.639999866485596,1.715521592792379,11.789249956607819,1.139110013808983,12.376999855041504,1.085016792288235,13.10099995136261,1.715521592792379,18.639999866485596,1.2057429433861864,3.9738332827885947,2.09018210737719,4.704999923706055,1.7653635196750752,4.018333355585734,2.3438471891995483,5.276000022888184,1.785132543574293,,0.0,,0.0,0.675065804346104,4.0,-0.3889062491120854,8.0,0.38212448828129325,12.0,-0.3889062491120854,8.0,0.2997574777697681,16.0,-0.3889062491120854,8.0,0.3235362250683311,20.0,-0.3889062491120854,8.0,0.3773296851512134,23.0,-0.37939674992286715,11.0,0.3821244882812933,24.0,-0.3889062491120854,16.0,0.2997574777697681,0.3821244882812933,-0.37939674992286715,-0.3889062491120854,0.3821244882812933,24.0,-0.3889062491120854,16.0
2,2_large_2_small_users,CUSTOM_CLUSTERFAIR,2.0,54.8199999332428,0.0,0.0,0.0,0.537360224,5.2864e-05,5.2864e-05,7.190349996089935,16.23900008201599,5.432624995708466,12.441999991734823,19.55900001525879,1.4066012536372008,2.252554427460001,3.524583339691162,5.431999921798706,1.5657855796051363,2.4131496764987586,5.431999921798706,2.4131496764987586,12.688999980688095,19.55900001525879,1.167824764685297,1.8001012392672944,19.55900001525879,1.8001012392672944,11.737750053405762,1.1889926969557951,12.919000148773193,1.0802770285219974,13.640249907970428,1.8001012392672944,19.55900001525879,1.2553725008485968,3.2016666730244956,1.7889826523362662,4.0269999504089355,1.4223308187581054,3.8475000063578286,2.4131496764987586,5.431999921798706,1.709240340452167,,0.0,,0.0,0.08779316420370381,4.0,-0.3868566877594122,8.0,0.2375976859146924,12.0,-0.3868566877594122,8.0,0.19719827656478126,16.0,-0.3868566877594122,8.0,0.2675585902568901,20.0,-0.3868566877594122,8.0,0.24767118760952517,23.0,-0.3800883453286892,11.0,0.23759768591469244,24.0,-0.3868566877594122,16.0,0.19719827656478126,0.2675585902568901,-0.3800883453286892,-0.3868566877594122,0.23759768591469244,24.0,-0.3868566877594122,16.0
3,2_large_2_small_users,CUSTOM_CLUSTERFAIR,1.0,53.47233327229818,0.0,0.0,0.0,0.6148578586666666,5.2864e-05,5.2864e-05,7.232433338960012,16.104999979337055,5.518125012516975,12.337777747048271,19.345333337783813,1.4431655702356894,2.2780986321549683,3.6792777975400295,5.32366665204366,1.6345081286272891,2.365022946265509,5.32366665204366,2.365022946265509,12.562166651089989,19.345333337783813,1.156151732648289,1.78043655034594,19.345333337783813,1.78043655034594,11.820249994595846,1.183992142183084,12.864666620890297,1.0878698628315167,13.304083307584126,1.78043655034594,19.345333337783813,1.2244336024650615,3.652333325809902,2.0724122442705584,4.664999961853027,1.6225381278586861,3.706222269270155,2.15726345005202,4.856000026067098,1.6464781293958928,,0.0,,0.0,0.5734105364827633,3.666666666666666,-0.404089124457641,8.333333333333332,0.3585415971526472,11.666666666666666,-0.404089124457641,8.333333333333332,0.2841512401547481,15.666666666666664,-0.404089124457641,8.333333333333332,0.3226059850569612,19.666666666666668,-0.404089124457641,8.333333333333332,0.36030116334089823,22.666666666666668,-0.4031821739166752,11.333333333333332,0.3585415971526472,23.333333333333332,-0.404089124457641,16.666666666666664,0.2841512401547481,0.3685285652667131,-0.39866317725099387,-0.40860812112332234,0.3585415971526472,23.333333333333332,-0.404089124457641,16.666666666666664
16,2_large_2_small_users,CUSTOM_CLUSTERFAIR_PARTITIONER,0.0,37.83999991416931,0.0,0.0,0.0,0.558352184,0.000169212,0.000169212,5.111200010776519,12.080999970436096,3.819687530398369,8.860666592915853,14.526999950408936,1.0048537118196927,1.3428589647207163,2.5290000438690186,3.0360000133514404,1.1235006858591818,1.3487339019775388,3.0360000133514404,1.3487339019775388,8.984499961137772,14.526999950408936,0.8268832507604593,1.3369840274638936,14.526999950408936,1.3369840274638936,8.571499943733215,0.8867516442375644,9.634999990463257,0.7888730333379241,9.397499978542328,1.3369840274638936,14.526999950408936,0.8648934681829945,2.462666710217794,1.3487339019775388,3.0360000133514404,1.094032301296221,2.595333377520243,1.3331853247176058,3.001000165939331,1.1529690704221427,,0.0,,0.0,,0.0,-0.5331825248129772,12.0,0.018330948255540543,3.0,-0.40439167364177936,17.0,0.018330948255540543,3.0,-0.3476590754593959,21.0,0.018330948255540543,6.0,-0.3341421184574895,22.0,0.018330948255540543,6.0,-0.38141515854550034,28.0,0.018330948255540543,6.0,-0.40439167364177925,34.0,0.018330948255540543,0.018330948255540543,-0.3341421184574895,-0.40439167364177925,0.018330948255540543,6.0,-0.40439167364177925,34.0
17,2_large_2_small_users,CUSTOM_CLUSTERFAIR_PARTITIONER,1.0,40.60899996757507,0.0,0.0,0.0,0.516288648,0.000169212,0.000169212,5.651199996471405,12.971000075340271,4.187062472105026,10.436333417892456,14.722000122070312,1.1324264897077,1.8327410408572478,2.897499998410543,4.263999938964844,1.2872056856555052,1.8942691865681223,4.263999938964844,1.8942691865681223,9.781749993562698,14.722000122070312,0.9002576957859922,1.3549307553329633,14.722000122070312,1.3549307553329633,9.466749966144562,1.0326262048327486,11.22000002861023,0.8712668506874568,10.096750020980835,1.3549307553329633,14.722000122070312,0.9292485408845276,3.025166710217794,1.8942691865681223,4.263999938964844,1.3439212395458877,2.769833286603292,1.4522434710820795,3.2690000534057617,1.230490131765123,,0.0,,0.0,0.3866714327724606,1.0,-0.5160211390608406,11.0,0.27753528700792784,8.0,-0.4814977454633533,12.0,0.27803897052694526,11.0,-0.45228564318855635,13.0,0.27025954395695895,15.0,-0.45228564318855635,13.0,0.27025954395695895,15.0,-0.45426710711884183,19.0,0.27753528700792784,16.0,-0.48149774546335333,24.0,0.27025954395695895,0.27803897052694526,-0.45228564318855635,-0.48149774546335333,0.27753528700792784,16.0,-0.48149774546335333,24.0
18,2_large_2_small_users,CUSTOM_CLUSTERFAIR_PARTITIONER,2.0,37.99500012397766,0.0,0.0,0.0,0.598033032,0.000169212,0.000169212,5.2319500088691715,12.155500054359436,3.950625002384186,8.93066668510437,14.63700008392334,1.0536712168764077,1.5415370543762503,2.7074166735013327,3.7129998207092285,1.2027617385612317,1.6494890362990795,3.7129998207092285,1.6494890362990795,9.018750011920929,14.63700008392334,0.830035434349172,1.347107826047889,14.63700008392334,1.347107826047889,8.605000019073486,0.8903409898113783,9.674000024795532,0.7919561933710815,9.432500004768372,1.347107826047889,14.63700008392334,0.8681146753272625,2.7010000546773276,1.4335850724534211,3.2269999980926514,1.1999111748899722,2.713833292325338,1.6494890362990795,3.7129998207092285,1.205612302232491,,0.0,,0.0,,0.0,-0.5103562331350427,12.0,0.03213250151487532,3.0,-0.38513932364115655,17.0,0.03213250151487532,3.0,-0.330685142515303,21.0,0.03213250151487532,6.0,-0.31683919118994597,22.0,0.03213250151487532,6.0,-0.3588537970503603,28.0,0.03213250151487532,6.0,-0.3851393236411565,34.0,0.03213250151487532,0.03213250151487532,-0.31683919118994597,-0.3851393236411565,0.03213250151487532,6.0,-0.3851393236411565,34.0
19,2_large_2_small_users,CUSTOM_CLUSTERFAIR_PARTITIONER,1.0,38.81466666857402,0.0,0.0,0.0,0.5575579546666667,0.000169212,0.000169212,5.331450005372366,12.402500033378601,3.9857916682958603,9.409222231970894,14.628666718800861,1.0636504728012668,1.572379019984738,2.7113055719269648,3.670999924341838,1.204489370025306,1.63083070828158,3.670999924341838,1.63083070828158,9.261666655540466,14.628666718800861,0.8523921269652079,1.3463408696149153,14.628666718800861,1.3463408696149153,8.881083309650421,0.9365729462938971,10.17633334795634,0.8173653591321541,9.642250001430511,1.3463408696149153,14.628666718800861,0.8874188947982615,2.7296111583709717,1.5588627203330274,3.5089999834696455,1.2126215719106936,2.692999985482958,1.4783059440329214,3.327666680018107,1.196357168139919,,0.0,,0.0,,0.3333333333333333,-0.5198532990029535,11.666666666666666,0.10933291225944791,4.666666666666666,-0.42367624758209643,15.333333333333336,0.10950080676578705,5.666666666666666,-0.37687662038775177,18.333333333333332,0.10690766457579161,9.0,-0.3677556509453306,19.0,0.10690766457579161,9.0,-0.3981786875715675,25.0,0.10933291225944791,9.333333333333332,-0.4236762475820963,30.66666666666667,0.10690766457579161,0.10950080676578705,-0.3677556509453306,-0.4236762475820963,0.10933291225944791,9.333333333333332,-0.4236762475820963,30.66666666666667
4,2_large_2_small_users,CUSTOM_FAIR,0.0,48.235000133514404,0.0,0.0,0.0,0.619995304,5.2864e-05,5.2864e-05,7.83170006275177,13.05400013923645,6.715750053524971,11.857333421707153,13.610000133514404,1.8122751659537393,3.78698362132699,5.164916714032491,8.86900019645691,2.294498762342288,3.940026742095472,8.86900019645691,3.940026742095472,11.831875085830688,13.610000133514404,1.088939771370916,1.2525884803749854,13.610000133514404,1.2525884803749854,11.667500078678131,1.1502462054170075,12.498000144958496,1.0738116127815682,11.996250092983246,1.2525884803749854,13.610000133514404,1.1040679299602636,4.155333360036214,2.9720124643360544,6.690000057220459,1.8459943847339908,6.174500068028768,3.940026742095472,8.86900019645691,2.7430031399505856,,0.0,,0.0,,0.0,,0.0,,0.0,,0.0,,0.0,0.0,4.0,,0.0,0.0,8.0,,0.0,0.0,14.0,,0.0,0.0,20.0,,,0.0,0.0,,0.0,0.0,20.0
5,2_large_2_small_users,CUSTOM_FAIR,1.0,48.329999923706055,0.0,0.0,0.0,0.647468088,5.2864e-05,5.2864e-05,7.772949993610382,13.128999948501587,6.598249986767769,12.182333389918009,13.339999914169312,1.7744293417745713,3.8409595858092196,5.011416633923848,8.667999982833862,2.226306812049688,3.8507329999261932,8.667999982833862,3.8507329999261932,11.915250033140182,13.339999914169312,1.096613136361896,1.2277391665518669,13.339999914169312,1.2277391665518669,11.812500059604645,1.1889006472627914,12.917999982833862,1.087156602052795,12.01800000667572,1.2277391665518669,13.339999914169312,1.1060696706709972,4.33816659450531,2.880497542236816,6.483999967575073,1.9272175008908528,5.684666673342387,3.8507329999261932,8.667999982833862,2.5253961232085236,,0.0,,0.0,,0.0,,0.0,,0.0,,0.0,0.08954098754599263,4.0,,0.0,0.07328755034441595,5.0,-0.02412289492234421,3.0,0.07507601087488515,10.0,-0.025939706182446294,4.0,0.06803034258974477,12.0,-0.0932941649410446,8.0,0.06803034258974477,0.08954098754599263,,,0.06803034258974477,12.0,-0.0932941649410446,8.0
6,2_large_2_small_users,CUSTOM_FAIR,2.0,49.21900010108948,0.0,0.0,0.0,0.626679512,5.2864e-05,5.2864e-05,7.860250020027161,13.0,6.676125019788742,12.312000036239624,13.450999975204468,1.7894906014815242,3.7872056757699424,5.044666687647502,8.589999914169312,2.2410780487105733,3.816081703318219,8.589999914169312,3.816081703318219,12.08362501859665,13.450999975204468,1.1121094306379504,1.2379549928861504,13.450999975204468,1.2379549928861504,11.921750009059906,1.1549399498224224,12.549000024795532,1.097211357881359,12.245500028133392,1.2379549928861504,13.450999975204468,1.1270075033945417,4.369166731834412,3.0097734763960156,6.775000095367432,1.9409892189402091,5.720166643460591,3.816081703318219,8.589999914169312,2.541166878480938,,0.0,,0.0,,0.0,,0.0,,0.0,,0.0,0.10309778072751521,4.0,,0.0,0.09400035952213802,7.0,-0.01263777869703915,1.0,0.08668755653856895,12.0,-0.017155958084417153,2.0,0.0801669421892642,14.0,-0.10352859170992419,6.0,0.0801669421892642,0.10309778072751521,,,0.0801669421892642,14.0,-0.10352859170992419,6.0
7,2_large_2_small_users,CUSTOM_FAIR,1.0,48.594666719436646,0.0,0.0,0.0,0.631380968,5.2864e-05,5.2864e-05,7.821633358796436,13.06100002924601,6.663375020027161,12.117222282621597,13.467000007629395,1.7920650364032782,3.805049627635384,5.073666678534614,8.709000031153362,2.2539612077008497,3.868947148446628,8.709000031153362,3.868947148446628,11.943583379189175,13.467000007629395,1.0992207794569209,1.2394275466043343,13.467000007629395,1.2394275466043343,11.800583382447561,1.1646956008340739,12.655000050862633,1.0860598575719074,12.086583375930786,1.2394275466043343,13.467000007629395,1.1123817013419341,4.287555562125312,2.9540944943229617,6.649666706720987,1.904733701521684,5.859777794943915,3.868947148446628,8.709000031153362,2.603188713880016,,0.0,,0.0,,0.0,,0.0,,0.0,,0.0,,2.6666666666666665,,1.3333333333333333,,4.0,-0.012253557873127787,4.0,,7.333333333333334,-0.014365221422287815,6.666666666666667,,8.666666666666668,-0.06560758555032294,11.333333333333334,,,,,,8.666666666666668,-0.06560758555032294,11.333333333333334
36,2_large_2_small_users,CUSTOM_FAIR_PARTITIONER,0.0,37.79699993133545,0.0,0.0,0.0,0.629879968,0.000169212,0.000169212,7.040100002288819,12.496000051498413,6.191687494516373,9.181666692097982,14.190000057220459,1.8579402380887373,3.468902679826354,5.725750009218852,7.957000017166138,2.543647271976389,3.534873397230625,7.957000017166138,3.534873397230625,9.011624991893768,14.190000057220459,0.8293796872572609,1.305968437459892,14.190000057220459,1.305968437459892,8.637250006198883,0.9941558184875401,10.802000045776367,0.7949243022593422,9.385999977588654,1.305968437459892,14.190000057220459,0.8638350722551795,5.531500021616618,2.6694802589704594,6.009000062942505,2.4573522974751745,5.919999996821086,3.534873397230625,7.957000017166138,2.629942246477603,,0.0,,0.0,,0.0,0.0,12.0,,0.0,0.0,20.0,,0.0,0.0,24.0,,0.0,0.0,28.0,,0.0,0.0,34.0,,0.0,0.0,40.0,,,0.0,0.0,,0.0,0.0,40.0
37,2_large_2_small_users,CUSTOM_FAIR_PARTITIONER,1.0,37.634000062942505,0.0,0.0,0.0,0.59414544,0.000169212,0.000169212,6.887000000476837,12.358999967575073,5.984750002622604,9.399333318074545,13.78600001335144,1.8051592156525422,3.431141773683131,5.542666673660278,8.192000150680542,2.4623130491604965,3.6392715018571926,8.192000150680542,3.6392715018571926,8.903499990701675,13.78600001335144,0.8194284653906102,1.2687865273895762,13.78600001335144,1.2687865273895762,8.453249990940094,1.0061202817908708,10.931999921798706,0.7779899674143016,9.353749990463257,1.2687865273895762,13.78600001335144,0.8608669633669188,5.32450000445048,2.5584184027205352,5.758999824523926,2.365393160573291,5.760833342870076,3.6392715018571926,8.192000150680542,2.5592329377477014,,0.0,,0.0,0.018706136746025274,5.0,-0.08655423568269209,7.0,0.022352440689533182,7.0,-0.06391301323855045,13.0,0.024378165102593132,9.0,-0.06274626052879348,15.0,0.024378165102593132,9.0,-0.055571510232814036,19.0,0.020797446516553738,11.0,-0.05634317748551824,23.0,0.022352440689533182,14.0,-0.06391301323855045,26.0,0.020797446516553738,0.024378165102593132,-0.055571510232814036,-0.06391301323855045,0.022352440689533182,14.0,-0.06391301323855045,26.0
38,2_large_2_small_users,CUSTOM_FAIR_PARTITIONER,2.0,38.134000062942505,0.0,0.0,0.0,0.588562328,0.000169212,0.000169212,7.167900013923645,12.976500034332275,6.207000017166138,9.846333344777426,14.506999969482422,1.9057688122979706,3.898045318701806,5.896416703859965,9.223999977111816,2.619465439298074,4.097734330125196,9.223999977111816,4.097734330125196,9.075124979019165,14.506999969482422,0.8352238717978155,1.3351433408018425,14.506999969482422,1.3351433408018425,8.67849999666214,1.0534259904451824,11.446000099182129,0.7987207212426617,9.47174996137619,1.3351433408018425,14.506999969482422,0.8717270223529694,5.576000054677327,2.60950681211047,5.873999834060669,2.4771213037216024,6.2168333530426025,4.097734330125196,9.223999977111816,2.7618095748745457,,0.0,,0.0,0.07247794976437014,8.0,-0.07905842668658934,4.0,0.0610023913564051,16.0,-0.07905842668658934,4.0,0.059975110825898625,20.0,-0.07905842668658934,4.0,0.057177205220416756,24.0,-0.07905842668658934,4.0,0.053969345418880474,28.0,-0.06657287660217552,6.0,0.0610023913564051,32.0,-0.07905842668658934,8.0,0.053969345418880474,0.0610023913564051,-0.06657287660217552,-0.07905842668658934,0.0610023913564051,32.0,-0.07905842668658934,8.0
39,2_large_2_small_users,CUSTOM_FAIR_PARTITIONER,1.0,37.855000019073486,0.0,0.0,0.0,0.604195912,0.000169212,0.000169212,7.031666672229767,12.61050001780192,6.127812504768372,9.475777784983318,14.16100001335144,1.8562894220130834,3.5993632574037635,5.7216111289130325,8.457666714986166,2.541808586811653,3.7572930764043377,8.457666714986166,3.7572930764043377,8.99674998720487,14.16100001335144,0.8280106748152289,1.3032994352171035,14.16100001335144,1.3032994352171035,8.589666664600372,1.0179006969078643,11.0600000222524,0.7905449969721018,9.403833309809368,1.3032994352171035,14.16100001335144,0.8654763526583558,5.477333360248142,2.6124684912671547,5.880666573842366,2.433288920590023,5.965888897577921,3.7572930764043377,8.457666714986166,2.6503282530332837,,0.0,,0.0,,4.333333333333333,-0.05520422078976048,7.666666666666667,,7.666666666666666,-0.04765714664171326,12.333333333333334,,9.666666666666668,-0.047268229071794274,14.333333333333334,,11.0,-0.04487664563980112,17.0,,13.0,-0.040972018029231255,21.0,,15.333333333333332,-0.04765714664171326,24.666666666666668,,,-0.04071479561166318,-0.04765714664171326,,15.333333333333332,-0.04765714664171326,24.666666666666668
20,2_large_2_small_users,CUSTOM_RANDOM,0.0,49.66000008583069,0.0,0.0,0.0,0.559286816,5.2864e-05,5.2864e-05,7.353599989414215,14.147999882698059,5.909624993801117,12.26966667175293,15.708999872207642,1.5698016970368407,3.5817415012035934,4.225749969482422,9.708000183105469,1.8772767523244873,4.3127499702823044,9.708000183105469,4.3127499702823044,12.045375019311905,15.708999872207642,1.1085891141053708,1.4457687057390494,15.708999872207642,1.4457687057390494,11.742749989032745,1.1584372457032328,12.586999893188477,1.080737194701831,12.348000049591064,1.4457687057390494,15.708999872207642,1.1364410335089103,4.031833330790202,4.3127499702823044,9.708000183105469,1.791129867076944,4.419666608174642,2.850733032124882,6.41700005531311,1.963423637572031,,0.0,,0.0,0.3686394092726167,5.0,-0.3773062985107311,7.0,0.22264031829623668,13.0,-0.3773062985107311,7.0,0.19092032389592478,17.0,-0.3773062985107311,7.0,0.18787862996852717,21.0,-0.3773062985107311,7.0,0.2219088030805109,25.0,-0.4187021068950592,9.0,0.22264031829623668,26.0,-0.37730629851073116,14.0,0.18787862996852717,0.22264031829623668,-0.3773062985107311,-0.4187021068950592,0.22264031829623668,26.0,-0.37730629851073116,14.0
21,2_large_2_small_users,CUSTOM_RANDOM,1.0,48.04200005531311,0.0,0.0,0.0,0.651329064,5.2864e-05,5.2864e-05,8.214849996566773,15.2260000705719,6.804687485098839,13.166000048319498,15.924000024795532,1.9682413843609976,6.329631286427901,5.736083308855693,15.924000024795532,2.5482378093539277,7.074189260237907,15.924000024795532,7.074189260237907,11.933000028133392,14.528000116348267,1.098246746871602,1.337076077156897,14.528000116348267,1.337076077156897,11.97825002670288,1.337076077156897,14.528000116348267,1.1024113042844674,11.887750029563904,1.1410427501640374,12.398000001907349,1.0940821894587365,3.818999926249186,3.749000395948968,8.438999891281128,1.69657926532616,7.653166691462199,7.074189260237907,15.924000024795532,3.399896353381696,,0.0,,0.0,0.5255272799486981,5.0,-0.2422586689539034,7.0,0.38261318907361336,9.0,-0.1796045184959065,11.0,0.3276462310447346,13.0,-0.1796045184959065,11.0,0.3276462310447346,13.0,-0.15036591494884124,15.0,0.3253310991081718,16.0,-0.1779776068201683,18.0,0.3826131890736134,18.0,-0.1796045184959065,22.0,0.3253310991081718,0.3826131890736134,-0.15036591494884124,-0.1796045184959065,0.3826131890736134,18.0,-0.1796045184959065,22.0
22,2_large_2_small_users,CUSTOM_RANDOM,2.0,49.801000118255615,0.0,0.0,0.0,0.647498488,5.2864e-05,5.2864e-05,8.154450035095214,13.993000030517578,6.937625050544739,12.527999957402548,14.503000020980835,1.89380735113834,4.279653478441954,5.41016670068105,10.038000106811523,2.4034503334878052,4.4593514468287525,10.038000106811523,4.4593514468287525,12.270875036716461,14.503000020980835,1.129342877614142,1.3347752078579755,14.503000020980835,1.3347752078579755,12.149250030517578,1.2409001003225182,13.483000040054321,1.1181491906049033,12.392500042915344,1.3347752078579755,14.503000020980835,1.1405365646233807,4.392500042915344,3.609062671025876,8.124000072479248,1.9513549724190773,6.427833358446757,4.4593514468287525,10.038000106811523,2.855545694556533,,0.0,,0.0,0.2591068552079479,9.0,-0.3962086696536313,3.0,0.2084975560365785,17.0,-0.3962086696536313,3.0,0.20295154891370276,21.0,-0.3962086696536313,3.0,0.19027820833488548,25.0,-0.3962086696536313,3.0,0.20961877507619403,30.0,-0.4439053727099408,4.0,0.20849755603657844,34.0,-0.39620866965363116,6.0,0.19027820833488548,0.20961877507619403,-0.39620866965363116,-0.4439053727099408,0.20849755603657844,34.0,-0.39620866965363116,6.0
23,2_large_2_small_users,CUSTOM_RANDOM,1.0,49.16766675313313,0.0,0.0,0.0,0.619371456,5.2864e-05,5.2864e-05,7.9076333403587356,14.455666661262512,6.5506458431482315,12.654555559158325,15.378666639328003,1.8106168108453926,4.73034208869115,5.123999993006389,11.890000104904177,2.2763216317220736,5.282096892449655,11.890000104904177,5.282096892449655,12.083083361387253,14.913333336512249,1.1120595795303716,1.372539996917974,14.913333336512249,1.372539996917974,11.956750015417736,1.2454711410608827,13.532666683197021,1.1004325631970673,12.20941670735677,1.3071955545870209,14.203333298365276,1.123686595863676,4.081111099984911,3.890271012419049,8.757000048955282,1.8130213682740606,6.166888886027866,4.794757913063847,10.793000062306723,2.7396218951700866,,0.0,,0.0,0.3844245148097542,6.333333333333334,-0.33859121237275525,5.666666666666667,0.2712503544688095,13.0,-0.31770649555342295,7.0,0.24050603461812073,17.0,-0.31770649555342295,7.0,0.23526768978271578,19.666666666666664,-0.30796029437106787,8.333333333333334,0.2522862257549589,23.666666666666668,-0.3468616954750561,10.333333333333334,0.2712503544688095,26.0,-0.3177064955534229,14.0,0.23449597913719483,0.2716240941486814,-0.30796029437106787,-0.3474039993669688,0.2712503544688095,26.0,-0.3177064955534229,14.0
40,2_large_2_small_users,CUSTOM_RANDOM_PARTITIONER,0.0,38.04699993133545,0.0,0.0,0.0,0.596018544,0.000169212,0.000169212,12.037049996852875,29.703999996185303,7.959000006318092,27.707333246866863,30.27500009536743,4.1899647751391615,13.195912925893069,14.584666669368744,30.27500009536743,6.479194433304639,13.449578007715427,30.27500009536743,13.449578007715427,8.215624988079071,16.87999987602234,0.7561202878909457,1.553541012932892,16.87999987602234,1.553541012932892,9.470499992370605,1.553541012932892,16.87999987602234,0.8716119821794308,6.960749983787537,1.126869445312073,12.24399995803833,0.6406285936024606,11.99483331044515,12.94224784407071,29.132999897003174,5.328668729651332,17.17450002829234,13.449578007715427,30.27500009536743,7.629720136957945,,0.0,,0.0,2.5397439089876634,8.0,-0.4572916430815773,4.0,1.8728503270489674,12.0,-0.8813340771743982,8.0,1.5394035360796194,16.0,-0.8813340771743982,8.0,1.5394035360796194,16.0,-1.0226815552053383,12.0,1.7481408400063068,19.0,-0.9006793156142371,15.0,1.8728503270489671,24.0,-0.8813340771743982,16.0,1.5394035360796194,1.8728503270489671,-0.8813340771743982,-1.0226815552053383,1.8728503270489671,24.0,-0.8813340771743982,16.0
41,2_large_2_small_users,CUSTOM_RANDOM_PARTITIONER,1.0,39.16100001335144,0.0,0.0,0.0,0.601413968,0.000169212,0.000169212,7.4779000043869015,22.014999985694885,5.124000012874603,14.420333305994669,24.312999963760376,2.228467420626073,7.402043509938778,7.288416663805644,19.717000007629395,3.2378572473592375,8.759218128666989,19.717000007629395,8.759218128666989,7.762125015258789,24.312999963760376,0.7143826805263254,2.237632871359843,24.312999963760376,2.237632871359843,9.510000050067902,2.237632871359843,24.312999963760376,0.8752473471140676,6.0142499804496765,0.8041047341177036,8.736999988555908,0.5535180139385832,5.2890000740687055,4.414482468342791,9.937000036239624,2.349622422953667,9.287833253542582,8.759218128666989,19.717000007629395,4.126092071764807,,0.0,,0.0,1.3455250611172476,5.0,-0.3288566706110915,7.0,1.1624050476067622,9.0,-0.6552363187795404,11.0,1.0919742731796525,13.0,-0.6552363187795404,11.0,1.0919742731796525,13.0,-0.8075468212581498,15.0,1.0251343600643814,15.0,-0.7172110400463044,19.0,1.1624050476067624,18.0,-0.6552363187795404,22.0,1.0251343600643814,1.1624050476067624,-0.6552363187795404,-0.8075468212581498,1.1624050476067624,18.0,-0.6552363187795404,22.0
42,2_large_2_small_users,CUSTOM_RANDOM_PARTITIONER,2.0,39.38100004196167,0.0,0.0,0.0,0.595343376,0.000169212,0.000169212,9.178350031375885,21.793500065803528,6.779562532901764,16.701000054677326,24.990999937057495,2.9774065340142206,9.681697052778109,10.091833372910818,24.990999937057495,4.483266713865311,11.10217678234451,24.990999937057495,11.10217678234451,7.808125019073486,15.08299994468689,0.7186162642375855,1.3881551649428825,15.08299994468689,1.3881551649428825,9.525250017642975,1.3881551649428825,15.08299994468689,0.8766508690481776,6.091000020503998,0.7730891441137022,8.400000095367432,0.5605816594269935,9.330000042915344,8.26121732321171,18.59600019454956,4.144824541499486,10.85366670290629,11.10217678234451,24.990999937057495,4.821708886231137,,0.0,,0.0,1.3699897471637414,8.0,-0.3257030362486895,4.0,1.1465987575794154,12.0,-0.7763678217150723,8.0,1.0349032627872523,16.0,-0.7763678217150723,8.0,1.0349032627872523,16.0,-0.9265894168705332,12.0,1.089058065732368,20.0,-0.8598753020975752,14.0,1.1465987575794152,24.0,-0.7763678217150725,16.0,1.0349032627872523,1.1465987575794152,-0.7763678217150723,-0.9265894168705332,1.1465987575794152,24.0,-0.7763678217150725,16.0
43,2_large_2_small_users,CUSTOM_RANDOM_PARTITIONER,1.0,38.86299999554952,0.0,0.0,0.0,0.5975919626666666,0.000169212,0.000169212,9.56443334420522,24.504166682561237,6.6208541840314865,19.609555535846287,26.526333332061768,3.131946243259818,10.093217829536652,10.654972235361736,24.994333346684776,4.733439464843062,11.103657639575642,24.994333346684776,11.103657639575642,7.928625007470449,18.7586665948232,0.7297064108849523,1.7264430164118725,18.7586665948232,1.7264430164118725,9.501916686693827,1.7264430164118725,18.7586665948232,0.8745033994472253,6.35533332824707,0.9013544411811596,9.79366668065389,0.5849094223226791,8.871277809143066,8.539315878541737,19.222000042597454,3.9410385647014943,12.438666661580404,11.103657639575642,24.994333346684776,5.52584036498463,,0.0,,0.0,1.7517529057562176,7.0,-0.37061711664711944,5.0,1.393951377411715,11.0,-0.7709794058896702,9.0,1.2220936906821747,15.0,-0.7709794058896702,9.0,1.2220936906821747,15.0,-0.9189392644446737,13.0,1.2874444219343522,18.0,-0.8259218859193722,16.0,1.393951377411715,22.0,-0.7709794058896703,18.0,1.199813719643751,1.393951377411715,-0.7709794058896702,-0.9189392644446737,1.393951377411715,22.0,-0.7709794058896703,18.0
32,2_large_2_small_users,CUSTOM_USERCLUSTERFAIR,0.0,52.30299997329712,0.0,0.0,0.0,0.557745008,5.2864e-05,5.2864e-05,7.371700036525726,15.88349997997284,5.77637505531311,12.304333289464315,18.098999977111816,1.514602822656575,2.6723678670211237,3.956666727860769,7.205000162124634,1.7577373291251748,3.200799716625781,7.205000162124634,3.200799716625781,12.494249999523163,18.098999977111816,1.1499010629536754,1.6657309812812862,18.098999977111816,1.6657309812812862,11.980500042438507,1.2579264629178466,13.667999982833862,1.1026183831796517,13.007999956607819,1.6657309812812862,18.098999977111816,1.1971837427276995,3.5845000743865967,2.0430920548780076,4.5990002155303955,1.5924034093232322,4.328833381334941,3.200799716625781,7.205000162124634,1.9230712489271167,,0.0,,0.0,0.6018593626251987,4.0,-0.37111427191358926,8.0,0.37196968519722445,12.0,-0.37111427191358926,8.0,0.31492636404800933,16.0,-0.37111427191358926,8.0,0.3259917497116296,20.0,-0.37111427191358926,8.0,0.3685495445181663,23.0,-0.3902734039685594,11.0,0.37196968519722445,24.0,-0.37111427191358926,16.0,0.31492636404800933,0.37196968519722445,-0.37111427191358926,-0.3902734039685594,0.37196968519722445,24.0,-0.37111427191358926,16.0
33,2_large_2_small_users,CUSTOM_USERCLUSTERFAIR,1.0,51.769999980926514,0.0,0.0,0.0,0.585826928,5.2864e-05,5.2864e-05,7.393899989128113,15.900499939918518,5.764562502503395,12.60699995358785,17.823999881744385,1.5193932303876838,2.6565970764431297,3.969666679700216,7.259999990463257,1.763512518747319,3.2252332254390295,7.259999990463257,3.2252332254390295,12.530249953269958,17.823999881744385,1.1532142978482314,1.640421506764013,17.823999881744385,1.640421506764013,12.175999939441681,1.286365100372063,13.976999998092651,1.1206111029811496,12.884499967098236,1.640421506764013,17.823999881744385,1.1858174927153131,3.6878333489100137,2.0879609274472304,4.700000047683716,1.6383089066681533,4.2515000104904175,3.2252332254390295,7.259999990463257,1.8887161308264844,,0.0,,0.0,0.6109032807300315,4.0,-0.36240157377187693,8.0,0.38088825020464717,12.0,-0.36240157377187693,8.0,0.3326474966789767,16.0,-0.36240157377187693,8.0,0.3348852440995703,20.0,-0.36240157377187693,8.0,0.3782594702356118,23.0,-0.37431351343962016,11.0,0.38088825020464717,24.0,-0.36240157377187693,16.0,0.3326474966789767,0.38088825020464717,-0.36240157377187693,-0.37431351343962016,0.38088825020464717,24.0,-0.36240157377187693,16.0
34,2_large_2_small_users,CUSTOM_USERCLUSTERFAIR,2.0,49.16799998283386,0.0,0.0,0.0,0.62132732,5.2864e-05,5.2864e-05,7.417299997806549,14.005499958992004,6.014250010251999,12.686666568120321,14.058000087738037,1.5732516453608743,3.341403869669578,4.214333355426788,8.255000114440918,1.872204955764899,3.667259046841811,8.255000114440918,3.667259046841811,12.22174996137619,14.058000087738037,1.1248216797548378,1.2938198967132701,14.058000087738037,1.2938198967132701,12.206499934196472,1.2938198967132701,14.058000087738037,1.1234181523350488,12.236999988555908,1.2841562588234292,13.952999830245972,1.1262252071746268,3.682000001271566,2.3789427006101667,5.355000019073486,1.6357174594720414,4.746666709582011,3.667259046841811,8.255000114440918,2.1086924520577566,,0.0,,0.0,0.23696376696977514,6.0,-0.37647155595972154,6.0,0.18195304314959126,14.0,-0.37647155595972154,6.0,0.18563747594316152,18.0,-0.37647155595972154,6.0,0.1669501184713593,22.0,-0.37647155595972154,6.0,0.17973106500519742,26.0,-0.38786667205101577,8.0,0.18195304314959126,28.0,-0.37647155595972154,12.0,0.1669501184713593,0.18563747594316152,-0.37647155595972154,-0.38786667205101577,0.18195304314959126,28.0,-0.37647155595972154,12.0
35,2_large_2_small_users,CUSTOM_USERCLUSTERFAIR,1.0,51.080333312352494,0.0,0.0,0.0,0.5882997520000001,5.2864e-05,5.2864e-05,7.39430000782013,15.263166626294456,5.851729189356169,12.532666603724163,16.660333315531414,1.5357492328017113,2.890122937711277,4.046888920995924,7.573333422342936,1.7978182678791308,3.364430662968874,7.573333422342936,3.364430662968874,12.415416638056438,16.660333315531414,1.1426456801855815,1.5333241282528567,16.660333315531414,1.5333241282528567,12.120999972025555,1.2793704866677267,13.901000022888184,1.11554921283195,12.70983330408732,1.5301029156229096,16.625333229700725,1.1697421475392131,3.651444474856059,2.169998560978468,4.884666760762532,1.6221432584878093,4.44233336713579,3.364430662968874,7.573333422342936,1.9734932772704528,,0.0,,0.0,0.48324213677500183,4.666666666666666,-0.36999580054839587,7.333333333333333,0.3116036595171543,12.666666666666668,-0.36999580054839587,7.333333333333333,0.2777371122233825,16.666666666666664,-0.36999580054839587,7.333333333333333,0.2759423707608531,20.666666666666668,-0.36999580054839587,7.333333333333333,0.30884669325299186,24.0,-0.3841511964863984,10.0,0.3116036595171543,25.333333333333336,-0.36999580054839587,14.666666666666666,0.2715079930661151,0.31283180378167774,-0.36999580054839587,-0.3841511964863984,0.3116036595171543,25.333333333333336,-0.36999580054839587,14.666666666666666
24,2_large_2_small_users,CUSTOM_USERCLUSTERFAIR_PARTITIONER,0.0,38.4300000667572,0.0,0.0,0.0,0.681449328,0.000169212,0.000169212,5.372250008583069,12.50249993801117,3.9828124940395355,10.269333442052206,12.911999940872192,1.1733216705214244,2.2376721724040345,3.212500015894572,6.450000047683716,1.4271434988425462,2.865393179779527,6.450000047683716,2.865393179779527,8.611874997615814,12.911999940872192,0.7925889280397417,1.1883484368756332,12.911999940872192,1.1883484368756332,7.671999990940094,0.9094841662050527,9.882000207901001,0.7060880761069527,9.551750004291534,1.1883484368756332,12.911999940872192,0.8790897799725308,2.6210000117619834,1.6099511650285419,3.624000072479248,1.1643713957183397,3.8040000200271606,2.865393179779527,6.450000047683716,1.6899156019667527,,0.0,,0.0,1.2900927054025768,1.0,-0.5033883901240221,11.0,0.5770022922795811,4.0,-0.4180228640723488,16.0,0.5770022922795811,4.0,-0.38736056481160397,20.0,0.4751322332620103,7.0,-0.3733075885214723,21.0,0.4751322332620103,7.0,-0.40760969211702663,27.0,0.577002292279581,8.0,-0.4180228640723488,32.0,0.4751322332620103,0.5770022922795811,-0.3733075885214723,-0.4180228640723488,0.577002292279581,8.0,-0.4180228640723488,32.0
25,2_large_2_small_users,CUSTOM_USERCLUSTERFAIR_PARTITIONER,1.0,38.3989999294281,0.0,0.0,0.0,0.581204816,0.000169212,0.000169212,5.347949993610382,12.505000114440918,3.968874990940094,10.17633326848348,12.928000211715698,1.1638648733052492,2.2221235421857317,3.178333342075348,6.413000106811523,1.411965056452842,2.8489560669975664,6.413000106811523,2.8489560669975664,8.602374970912933,12.928000211715698,0.7917145985838602,1.1898210125365327,12.928000211715698,1.1898210125365327,7.668749988079071,0.89190557127985,9.690999984741211,0.7057889639758015,9.535999953746796,1.1898210125365327,12.928000211715698,0.8776402331919189,2.647499998410543,1.5944024818518698,3.5889999866485596,1.17614393532232,3.709166685740153,2.8489560669975664,6.413000106811523,1.647786177583364,,0.0,,0.0,1.2829651284363268,1.0,-0.5046500709483722,11.0,0.5743249541583657,4.0,-0.41915226186967863,16.0,0.5743249541583657,4.0,-0.3886463337211765,20.0,0.4730906435472284,7.0,-0.3743676952094106,21.0,0.4730906435472284,7.0,-0.4066136956999932,27.0,0.5743249541583657,8.0,-0.41915226186967863,32.0,0.4730906435472284,0.5743249541583657,-0.3743676952094106,-0.41915226186967863,0.5743249541583657,8.0,-0.41915226186967863,32.0
26,2_large_2_small_users,CUSTOM_USERCLUSTERFAIR_PARTITIONER,2.0,38.4229998588562,0.0,0.0,0.0,0.66058628,0.000169212,0.000169212,5.413899981975556,12.541000127792358,4.105124965310097,9.868333339691162,12.991000175476074,1.191947820172352,2.277876471795277,3.2824999690055847,6.533999919891357,1.458240768105546,2.902709871120105,6.533999919891357,2.902709871120105,8.611000001430511,12.991000175476074,0.7925083982725609,1.1956191777162646,12.991000175476074,1.1956191777162646,7.685249984264374,0.8126639292905116,8.829999923706055,0.7073075315691293,9.53675001859665,1.1956191777162646,12.991000175476074,0.8777092649759927,2.7828332980473838,1.653043072470449,3.7209999561309814,1.2362653478664518,3.7821666399637857,2.902709871120105,6.533999919891357,1.6802161883446403,,0.0,,0.0,1.326443296950001,1.0,-0.48729845596937377,11.0,0.5650509911009607,4.0,-0.41019941635782153,16.0,0.5650509911009607,4.0,-0.3840801087814376,20.0,0.4562806616939549,7.0,-0.36981420513272273,21.0,0.4562806616939549,7.0,-0.39780091253483085,27.0,0.5650509911009607,8.0,-0.41019941635782153,32.0,0.4562806616939549,0.5650509911009607,-0.36981420513272273,-0.41019941635782153,0.5650509911009607,8.0,-0.41019941635782153,32.0
27,2_large_2_small_users,CUSTOM_USERCLUSTERFAIR_PARTITIONER,1.0,38.41733328501384,0.0,0.0,0.0,0.6410801413333334,0.000169212,0.000169212,5.378033328056335,12.516166726748148,4.018937483429909,10.104666683408949,12.94366677602132,1.1763781213330087,2.2458907287950143,3.2244444423251677,6.465666691462198,1.4324497744669782,2.872353039299066,6.465666691462198,2.872353039299066,8.608416656653086,12.94366677602132,0.7922706416320542,1.191262875709477,12.94366677602132,1.191262875709477,7.675333321094513,0.8713512222584714,9.467666705449421,0.7063948572172944,9.541499992211659,1.191262875709477,12.94366677602132,0.878146426046814,2.6837777694066367,1.6191322397836205,3.6446666717529297,1.1922602263023705,3.7651111152436996,2.872353039299066,6.465666691462198,1.6726393226315857,,0.0,,0.0,1.2998337102629682,1.0,-0.49844563901392275,11.0,0.5721260791796359,4.0,-0.41579151409994963,16.0,0.5721260791796359,4.0,-0.3866956691047394,20.0,0.4681678461677312,7.0,-0.3724964962878685,21.0,0.4681678461677312,7.0,-0.40400810011728355,27.0,0.5721260791796358,8.0,-0.41579151409994963,32.0,0.4681678461677312,0.5721260791796359,-0.3724964962878685,-0.41579151409994963,0.5721260791796358,8.0,-0.41579151409994963,32.0
44,2_large_2_small_users,DEFAULT_FAIR,0.0,48.40999984741211,0.0,0.0,0.0,0.591452416,5.2864e-05,5.2864e-05,7.46364996433258,12.811000108718872,6.259312450885773,11.815999984741211,13.676000118255615,1.6528380845493948,3.2458906436379564,4.570749958356221,7.474999904632568,2.0305419628415016,3.320746292595543,7.474999904632568,3.320746292595543,11.80299997329712,13.676000118255615,1.0862822671112344,1.2586627507482964,13.676000118255615,1.2586627507482964,11.56499993801117,1.083981397812313,11.777999877929688,1.0643780716958418,12.041000008583069,1.2586627507482964,13.676000118255615,1.1081864625266271,4.306999961535136,3.1710349946803693,7.137999773025513,1.9133718176522148,4.834499955177307,3.320746292595543,7.474999904632568,2.1477121080307895,,0.0,,0.0,0.05547989836268424,6.0,-0.2173208165670049,6.0,0.0465698916193656,11.0,-0.1537978761526374,9.0,0.04570762883493667,12.0,-0.12203640594545367,12.0,0.043228639090621114,16.0,-0.12203640594545367,12.0,0.047381037159990126,21.0,-0.11431925231414351,13.0,0.0465698916193656,22.0,-0.1537978761526374,18.0,0.043228639090621114,0.047381037159990126,-0.11431925231414351,-0.1537978761526374,0.0465698916193656,22.0,-0.1537978761526374,18.0
45,2_large_2_small_users,DEFAULT_FAIR,1.0,49.99000000953674,0.0,0.0,0.0,0.526494848,5.2864e-05,5.2864e-05,7.53914999961853,13.519999980926514,6.208687514066696,12.38266658782959,14.296000003814697,1.6402917350574526,3.2121279355103782,4.4785000284512835,7.292999982833862,1.989560208108078,3.2398933730936745,7.292999982833862,3.2398933730936745,12.1301249563694,14.296000003814697,1.1163890254815148,1.3157240811573048,14.296000003814697,1.3157240811573048,11.820749938488007,1.1728866557487763,12.74399995803833,1.0879158748781008,12.439499974250793,1.3157240811573048,14.296000003814697,1.1448621760849287,4.328666726748149,3.184362497927082,7.167999982833862,1.9229972131266766,4.628333330154419,3.2398933730936745,7.292999982833862,2.0561232030894794,,0.0,,0.0,0.14164384998514495,5.0,-0.2339742691016838,7.0,0.11938701239285436,13.0,-0.2339742691016838,7.0,0.11218077841461871,17.0,-0.2339742691016838,7.0,0.1140877653470709,21.0,-0.2339742691016838,7.0,0.11785025973251331,25.0,-0.19371078858855817,9.0,0.11938701239285435,26.0,-0.23397426910168387,14.0,0.11218077841461871,0.11938701239285435,-0.19371078858855817,-0.23397426910168387,0.11938701239285435,26.0,-0.23397426910168387,14.0
46,2_large_2_small_users,DEFAULT_FAIR,2.0,49.38199996948242,0.0,0.0,0.0,0.622117704,5.2864e-05,5.2864e-05,7.46340001821518,13.172500014305115,6.182312518358231,12.040000041325888,14.230999946594238,1.627631897019556,3.1297201582825163,4.451583365599315,7.187000036239624,1.9776025613502057,3.1928032146777534,7.187000036239624,3.1928032146777534,11.981124997138977,14.230999946594238,1.1026759005235816,1.3097418385342816,14.230999946594238,1.3097418385342816,11.67674994468689,1.102940496762696,11.983999967575073,1.074662918842841,12.285500049591064,1.3097418385342816,14.230999946594238,1.1306888822043222,4.23116668065389,2.974677859068658,6.69599986076355,1.8796831100194977,4.672000050544739,3.1928032146777534,7.187000036239624,2.075522012680914,,0.0,,0.0,0.04530950138821669,6.0,-0.2405591151092963,6.0,0.06051017983045617,12.0,-0.1825489762167086,8.0,0.05420986382776401,14.0,-0.14774289288115594,10.0,0.06557707264453601,18.0,-0.14774289288115594,10.0,0.06204034723049065,23.0,-0.137272640174472,11.0,0.06051017983045618,24.0,-0.18254897621670857,16.0,0.05420986382776401,0.06557707264453601,-0.137272640174472,-0.18254897621670857,0.06051017983045618,24.0,-0.18254897621670857,16.0
47,2_large_2_small_users,DEFAULT_FAIR,1.0,49.260666608810425,0.0,0.0,0.0,0.580021656,5.2864e-05,5.2864e-05,7.488733327388763,13.167833367983498,6.216770827770233,12.079555537965563,14.067666689554851,1.6402539055421346,3.1959129124769503,4.500277784135607,7.318333307902019,1.999234910766595,3.25114762678899,7.318333307902019,3.25114762678899,11.9714166422685,14.067666689554851,1.1017823977054435,1.2947095568132942,14.067666689554851,1.2947095568132942,11.687499940395355,1.1199361834412616,12.16866660118103,1.075652288472261,12.255333344141643,1.2947095568132942,14.067666689554851,1.127912506938626,4.288944456312391,3.1100251172253697,7.0006665388743095,1.905350713599463,4.711611111958821,3.25114762678899,7.318333307902019,2.0931191079337275,,0.0,,0.0,0.08081108324534864,5.666666666666667,-0.230618066925995,6.333333333333334,0.07548902794755871,12.0,-0.19010704049034327,8.0,0.0706994236924398,14.333333333333336,-0.16791785597609782,9.666666666666668,0.074297825694076,18.333333333333332,-0.16791785597609782,9.666666666666668,0.07575721470766471,23.0,-0.14843422702572456,11.0,0.07548902794755871,24.0,-0.19010704049034327,16.0,0.06987309377766794,0.0774483740657935,-0.14843422702572456,-0.19010704049034327,0.07548902794755871,24.0,-0.19010704049034327,16.0
12,2_large_2_small_users,DEFAULT_FAIR_PARTITIONER,0.0,37.73699998855591,0.0,0.0,0.0,0.558161608,0.000169212,0.000169212,6.245800006389618,12.86650002002716,5.1602499932050705,9.364000082015991,14.259999990463257,1.4963927977087508,2.4158151241897317,4.360833307107289,5.554999828338623,1.9372871199943529,2.4677920161433238,5.554999828338623,2.4677920161433238,9.07325005531311,14.259999990463257,0.8350513142803468,1.3124108407770703,14.259999990463257,1.3124108407770703,8.775500059127808,1.0559109152446793,11.473000049591064,0.8076480658163734,9.371000051498413,1.3124108407770703,14.259999990463257,0.8624545627443203,4.48800003528595,2.294535744936929,5.164999961853027,1.9937805576570184,4.23366657892863,2.4677920161433238,5.554999828338623,1.8807936823316878,,0.0,,0.0,0.023521020982109515,1.0,-0.24290627386998362,11.0,0.04345148851279178,5.0,-0.18414368017671806,15.0,0.05042935229555915,7.0,-0.1651279734052032,17.0,0.04566598490508981,9.0,-0.15012323119640644,19.0,0.04566598490508981,9.0,-0.15912343490768827,25.0,0.04345148851279178,10.0,-0.1841436801767181,30.0,0.04345148851279178,0.05042935229555915,-0.15012323119640644,-0.1841436801767181,0.04345148851279178,10.0,-0.1841436801767181,30.0
13,2_large_2_small_users,DEFAULT_FAIR_PARTITIONER,1.0,37.752999782562256,0.0,0.0,0.0,0.659351952,0.000169212,0.000169212,6.38574994802475,12.971999883651733,5.291749954223633,9.602999925613403,14.23799991607666,1.5516793998926512,2.5357618590346016,4.5614999532699585,5.763999938964844,2.026432675819617,2.5606396885672336,5.763999938964844,2.5606396885672336,9.122124940156937,14.23799991607666,0.8395494860022029,1.310386076671728,14.23799991607666,1.310386076671728,8.864999949932098,1.0773549170518435,11.705999851226807,0.8158851364347796,9.379249930381775,1.310386076671728,14.23799991607666,0.8632138355696263,4.830833236376445,2.5606396885672336,5.763999938964844,2.1460831791987753,4.292166670163472,2.51088402950197,5.6519999504089355,1.9067821724404583,,0.0,,0.0,0.06384233584965855,2.0,-0.23624965785239754,10.0,0.06397311509782681,6.0,-0.1779105828369237,14.0,0.0733989468234029,8.0,-0.16211237016721838,16.0,0.06399927094746048,10.0,-0.14549998560610491,18.0,0.058481913877746435,11.0,-0.14726622342003112,23.0,0.06397311509782683,12.0,-0.17791058283692368,28.0,0.058481913877746435,0.0733989468234029,-0.14549998560610491,-0.17791058283692368,0.06397311509782683,12.0,-0.17791058283692368,28.0
14,2_large_2_small_users,DEFAULT_FAIR_PARTITIONER,2.0,37.63599991798401,0.0,0.0,0.0,0.70394272,0.000169212,0.000169212,6.343549978733063,12.92300009727478,5.283749967813492,9.38366667429606,14.180000066757202,1.5336718290741467,2.3896045972907975,4.494666635990143,5.434999942779541,1.9967421750289391,2.4144824268234295,5.434999942779541,2.4144824268234295,9.116874992847443,14.180000066757202,0.8390663101419578,1.3050480941288667,14.180000066757202,1.3050480941288667,8.888499975204468,1.0736735656704577,11.666000127792358,0.8180479476512326,9.345250010490417,1.3050480941288667,14.180000066757202,0.860084672632683,4.686999956766765,2.281652562409599,5.135999917984009,2.0821856760403215,4.302333315213521,2.4144824268234295,5.434999942779541,1.9112986740175568,,0.0,,0.0,0.39237351133894466,1.0,-0.23546695909187576,11.0,0.16869442076731295,4.0,-0.17385740634531008,16.0,0.13674026497136557,7.0,-0.16691339331400304,17.0,0.13674026497136557,7.0,-0.1415857358590138,21.0,0.13674026497136557,7.0,-0.14396817501905051,27.0,0.16869442076731295,8.0,-0.17385740634531005,32.0,0.13674026497136557,0.16869442076731295,-0.1415857358590138,-0.17385740634531005,0.16869442076731295,8.0,-0.17385740634531005,32.0
15,2_large_2_small_users,DEFAULT_FAIR_PARTITIONER,1.0,37.70866656303406,0.0,0.0,0.0,0.6404854266666666,0.000169212,0.000169212,6.325033311049144,12.92050000031789,5.245249971747398,9.450222227308485,14.225999991099041,1.5272480088918496,2.447060526838377,4.47233329878913,5.58466657002767,1.9868206569476363,2.4809713771779958,5.58466657002767,2.4809713771779958,9.104083329439163,14.225999991099041,0.8378890368081691,1.3092816705258883,14.225999991099041,1.3092816705258883,8.842999994754791,1.0689797993223267,11.615000009536743,0.8138603833007951,9.365166664123535,1.3092816705258883,14.225999991099041,0.8619176903155432,4.668611076143053,2.378942665304587,5.354999939600626,2.074016470965372,4.276055521435207,2.4643861574895745,5.547333240509033,1.899624842929901,,0.0,,0.0,0.15991228939023758,1.3333333333333333,-0.23820763027141895,10.666666666666666,0.09203967479264386,5.0,-0.1786372231196506,15.0,0.0868561880301092,7.333333333333334,-0.16471791229547486,16.666666666666668,0.08213517360797196,8.666666666666668,-0.1457363175538417,19.333333333333332,0.08029605458473393,9.0,-0.15011927778225664,25.0,0.09203967479264386,10.0,-0.1786372231196506,30.0,0.07955788912063459,0.097507573295425,-0.1457363175538417,-0.1786372231196506,0.09203967479264386,10.0,-0.1786372231196506,30.0
28,2_large_2_small_users,TRUE_FIFO,0.0,50.16600012779236,0.0,0.0,0.0,0.662137984,5.2864e-05,5.2864e-05,8.053600025177001,13.953999996185303,6.802187517285347,12.354333400726318,15.174000024795532,1.8400764482705863,3.7434473402073305,5.199833353360494,8.509999990463257,2.31001037466037,3.780541977104956,8.509999990463257,3.780541977104956,12.334250032901764,15.174000024795532,1.1351755586859107,1.396530304615115,15.174000024795532,1.396530304615115,12.185250043869019,1.1719663124177508,12.733999967575073,1.121462430985138,12.48325002193451,1.396530304615115,15.174000024795532,1.1488886863866834,4.5561667283376055,3.2860949959875683,7.396999835968018,2.0240634066359866,5.843499978383382,3.780541977104956,8.509999990463257,2.595957342684754,,0.0,,0.0,0.23939312345575017,7.0,-0.19362382739763945,5.0,0.19090751802633474,15.0,-0.19362382739763945,5.0,0.18207907134256257,19.0,-0.19362382739763945,5.0,0.17615102941738217,23.0,-0.19362382739763945,5.0,0.19537762764981279,28.0,-0.2381842768380872,6.0,0.1909075180263347,30.0,-0.19362382739763948,10.0,0.17615102941738217,0.19537762764981279,-0.19362382739763945,-0.2381842768380872,0.1909075180263347,30.0,-0.19362382739763948,10.0
29,2_large_2_small_users,TRUE_FIFO,1.0,49.6010000705719,0.0,0.0,0.0,0.523958104,5.2864e-05,5.2864e-05,7.9150500178337095,13.944000005722046,6.671250015497208,12.174333333969116,15.038000106811523,1.7999757637829252,3.5091070851343353,5.070416649182637,7.999000072479248,2.252517391906991,3.5535317958592834,7.999000072479248,3.5535317958592834,12.182000070810318,15.038000106811523,1.1211633215968264,1.3840136309246258,15.038000106811523,1.3840136309246258,12.025000035762787,1.1826422994461891,12.849999904632568,1.1067139142941222,12.33900010585785,1.3840136309246258,15.038000106811523,1.1356127288995304,4.386833270390828,3.2345623717949894,7.2809998989105225,1.9488375257178265,5.754000027974446,3.5535317958592834,7.999000072479248,2.5561972580961556,,0.0,,0.0,0.2038979336731086,7.0,-0.20630208659457278,5.0,0.15870861512099962,15.0,-0.20630208659457278,5.0,0.15055911962430385,19.0,-0.20630208659457278,5.0,0.14495534425731424,23.0,-0.20630208659457278,5.0,0.1601032758645691,28.0,-0.2518137714580145,6.0,0.15870861512099957,30.0,-0.20630208659457278,10.0,0.14495534425731424,0.1601032758645691,-0.20630208659457278,-0.2518137714580145,0.15870861512099957,30.0,-0.20630208659457278,10.0
30,2_large_2_small_users,TRUE_FIFO,2.0,50.014999866485596,0.0,0.0,0.0,0.538732656,5.2864e-05,5.2864e-05,7.981699991226196,13.782000064849854,6.748624965548515,12.280333439509073,14.815000057220459,1.8508232431792564,3.7287871925526854,5.281999985376994,8.467999935150146,2.346512654543311,3.761883578476297,8.467999935150146,3.761883578476297,12.03125,14.815000057220459,1.1072891261331739,1.3634899505057714,14.815000057220459,1.3634899505057714,11.622750043869019,1.1518107868854792,12.515000104904175,1.0696930692438469,12.439749956130981,1.3634899505057714,14.815000057220459,1.1448851830225006,4.546333312988281,3.232785406667674,7.2769999504089355,2.019694941354189,6.017666657765706,3.761883578476297,8.467999935150146,2.6733303677324325,,0.0,,0.0,0.2086250740575062,7.0,-0.13275157518223787,5.0,0.19251959770183935,11.0,-0.08152000781067827,9.0,0.19251959770183935,11.0,-0.061815558821616885,13.0,0.1850037087358615,15.0,-0.061815558821616885,13.0,0.2096878338336646,20.0,-0.08791478930520487,14.0,0.19251959770183938,22.0,-0.08152000781067825,18.0,0.1850037087358615,0.2096878338336646,-0.061815558821616885,-0.08791478930520487,0.19251959770183938,22.0,-0.08152000781067825,18.0
31,2_large_2_small_users,TRUE_FIFO,1.0,49.92733335494995,0.0,0.0,0.0,0.5749429146666667,5.2864e-05,5.2864e-05,7.983450011412302,13.893333355585735,6.740687499443689,12.269666724734837,15.009000062942505,1.8302918184109225,3.6604472059647835,5.184083329306708,8.325666666030884,2.3030134737035572,3.6986524504801785,8.325666666030884,3.6986524504801785,12.182500034570694,15.009000062942505,1.1212093354719703,1.3813446286818374,15.009000062942505,1.3813446286818374,11.944333374500275,1.1688064662498063,12.69966665903727,1.0992898048410358,12.420666694641113,1.3813446286818374,15.009000062942505,1.1431288661029049,4.496444437238905,3.2511475914834103,7.318333228429159,1.9975319579026674,5.871722221374512,3.6986524504801785,8.325666666030884,2.608494989504447,,0.0,,0.0,0.21730537706212166,7.0,-0.17755916305815,5.0,0.18071191028305789,13.666666666666666,-0.1604819739342968,6.333333333333334,0.17505259622290192,16.333333333333332,-0.15391382427127634,7.666666666666666,0.1687033608035193,20.333333333333336,-0.15391382427127634,7.666666666666666,0.1883895791160155,25.333333333333336,-0.19263761253376885,8.666666666666668,0.18071191028305789,27.333333333333332,-0.16048197393429683,12.666666666666668,0.1687033608035193,0.1883895791160155,-0.15391382427127634,-0.19263761253376885,0.18071191028305789,27.333333333333332,-0.16048197393429683,12.666666666666668
8,2_large_2_small_users,TRUE_FIFO_PARTITIONER,0.0,39.00600004196167,0.0,0.0,0.0,0.677428168,0.000169212,0.000169212,8.730900001525878,11.955000042915344,8.043437480926514,11.17900005976359,12.386000156402588,2.668139114759833,5.310972919997931,8.823249995708466,12.386000156402588,3.9197023526026054,5.50244342798871,12.386000156402588,5.50244342798871,8.592375010251999,10.991000175476074,0.7907942579956742,1.0115503359694513,10.991000175476074,1.0115503359694513,8.092750012874603,0.9659932862269028,10.496000051498413,0.7448115607081682,9.092000007629395,1.0115503359694513,10.991000175476074,0.8367769552831801,7.4740000168482466,4.896490481735493,11.022000074386597,3.3203020954456886,10.172499974568685,5.50244342798871,12.386000156402588,4.519102609759521,,0.0,,0.0,0.6920787098053774,11.0,-0.03325787632356975,1.0,0.6358023196785948,12.0,-0.32362391085583087,8.0,0.6358023196785948,12.0,-0.3599842419548918,12.0,0.5881838357251633,13.0,-0.3429816464913149,15.0,0.5495000423218683,18.0,-0.32362391085583087,16.0,0.6358023196785948,24.0,-0.32362391085583087,16.0,0.5495000423218683,0.6358023196785948,-0.32362391085583087,-0.3599842419548918,0.6358023196785948,24.0,-0.32362391085583087,16.0
9,2_large_2_small_users,TRUE_FIFO_PARTITIONER,1.0,38.640000104904175,0.0,0.0,0.0,0.610867832,0.000169212,0.000169212,8.586800014972686,11.919999957084656,7.901312530040741,11.121333281199137,11.950999975204468,2.6135272023289895,5.295424236821259,8.627583344777426,11.950999975204468,3.83277802966567,5.309195901912246,11.950999975204468,5.309195901912246,8.52562502026558,10.694999933242798,0.7846509613239684,0.9843081250971236,10.694999933242798,0.9843081250971236,8.025000095367432,0.9295476639870367,10.100000143051147,0.7385762362861746,9.026249945163727,0.9843081250971236,10.694999933242798,0.830725686361762,7.28166667620341,4.788982661656939,10.77999997138977,3.234858585607911,9.97350001335144,5.309195901912246,11.950999975204468,4.43069747372343,,0.0,,0.0,0.6459359296098183,11.0,-0.012014627434335463,1.0,0.6459359296098183,11.0,-0.3316411927713406,9.0,0.6459359296098183,11.0,-0.3747955182039616,13.0,0.6459359296098183,11.0,-0.35044275543822323,17.0,0.5691188119941829,16.0,-0.3316411927713406,18.0,0.6459359296098184,22.0,-0.3316411927713406,18.0,0.5691188119941829,0.6459359296098184,-0.3316411927713406,-0.3747955182039616,0.6459359296098184,22.0,-0.3316411927713406,18.0
10,2_large_2_small_users,TRUE_FIFO_PARTITIONER,2.0,38.7979998588562,0.0,0.0,0.0,0.604636832,0.000169212,0.000169212,8.600699961185455,11.777499914169312,7.936687454581261,11.019333362579346,11.968999862670898,2.61366177553727,5.232119020066331,8.622166633605957,11.968999862670898,3.83037167197066,5.317192297943535,11.968999862670898,5.317192297943535,8.568499952554703,10.868000030517578,0.7885969308871843,1.000230088860851,10.868000030517578,1.000230088860851,8.069499909877777,0.9404077065160504,10.217999935150146,0.7426717509436084,9.067499995231628,1.000230088860851,10.868000030517578,0.8345221108307606,7.3114999532699585,4.710795242804412,10.604000091552734,3.2481119294846543,9.932833313941956,5.317192297943535,11.968999862670898,4.412631414456666,,0.0,,0.0,0.6473472746469568,11.0,-0.03813339716624388,1.0,0.6473472746469568,11.0,-0.3199204758783402,9.0,0.6473472746469568,11.0,-0.36309115040718287,13.0,0.6473472746469568,11.0,-0.33649618639081647,17.0,0.5730773677025647,16.0,-0.3199204758783402,18.0,0.6473472746469568,22.0,-0.3199204758783402,18.0,0.5730773677025647,0.6473472746469568,-0.3199204758783402,-0.36309115040718287,0.6473472746469568,22.0,-0.3199204758783402,18.0
11,2_large_2_small_users,TRUE_FIFO_PARTITIONER,1.0,38.81466666857401,0.0,0.0,0.0,0.6309776106666667,0.000169212,0.000169212,8.639466659228006,11.884166638056438,7.960479155182838,11.106555567847357,12.10199999809265,2.631776030875364,5.279505392295174,8.690999991363949,12.10199999809265,3.860950684746312,5.376277209281497,12.10199999809265,5.376277209281497,8.562166661024094,10.851333379745483,0.7880140500689423,0.9986961833091421,10.851333379745483,0.9986961833091421,8.062416672706604,0.9453162189099966,10.271333376566568,0.7420198493126504,9.061916649341583,0.9986961833091421,10.851333379745483,0.8340082508252342,7.355722215440538,4.798756128732281,10.802000045776367,3.2677575368460845,10.026277767287361,5.376277209281497,12.10199999809265,4.454143832646539,,0.0,,0.0,0.6617873046873841,11.0,-0.027801966974716368,1.0,0.6430285079784566,11.333333333333332,-0.32506185983517055,8.666666666666666,0.6430285079784566,11.333333333333332,-0.3659569701886788,12.666666666666664,0.6271556799939795,11.666666666666666,-0.3433068627734515,16.333333333333336,0.5638987406728719,16.666666666666664,-0.32506185983517055,17.333333333333332,0.6430285079784567,22.666666666666664,-0.32506185983517055,17.333333333333332,0.5638987406728719,0.6430285079784567,-0.32506185983517055,-0.3659569701886788,0.6430285079784567,22.666666666666664,-0.32506185983517055,17.333333333333332
