,Config,Scheduler,Iteration,total time,cpu time,write to cpu ratio,task scheduler delay,peak JVM,total shuffle read,total shuffle write,average response time,average response time (worst10%),average response time (worst85),average response time (worst95),average response time (worst100),average proportional slowdown,average proportional slowdown (worst10%),loop100_ average response time,loop100_ average response time (worst 10%),loop100_ average proportional slowdown,loop100_ average proportional slowdown (worst 10%),loop100_ average response time (worst 1%),loop100_ average proportional slowdown (worst 1%),user1_power_ average response time,user1_power_ average proportional slowdown (worst 10%),user1_power_ average response time (worst 10%),user1_power_ average proportional slowdown,user2_power_ average response time,user2_power_ average proportional slowdown (worst 10%),user2_power_ average response time (worst 10%),user2_power_ average proportional slowdown,user3_small_ average response time,user3_small_ average proportional slowdown (worst 10%),user3_small_ average response time (worst 10%),user3_small_ average proportional slowdown,user4_small_ average response time,user4_small_ average proportional slowdown (worst 10%),user4_small_ average response time (worst 10%),user4_small_ average proportional slowdown,loop20_ DVR,loop20_ violation count,loop20_ DSR,loop20_ slack count,loop100_ DVR,loop100_ violation count,loop100_ DSR,loop100_ slack count,loop1000_ DVR,loop1000_ violation count,loop1000_ DSR,loop1000_ slack count,user1_power_ DVR,user1_power_ violation count,user1_power_ DSR,user1_power_ slack count,user2_power_ DVR,user2_power_ violation count,user2_power_ DSR,user2_power_ slack count,user3_small_ DVR,user3_small_ violation count,user3_small_ DSR,user3_small_ slack count,user4_small_ DVR,user4_small_ violation count,user4_small_ DSR,user4_small_ slack count,best user DVR,worst user DVR ,best user DSR,worst user DSR,Total DVR,Total violations,Total DSR,Total gains
8,2_power_2_small_users,CUSTOM_CLUSTERFAIR,0.0,148.2279999256134,0.0,0.0,0.0,0.651303288,0.000362496,0.000362496,34.265266296656236,52.60216665267944,30.28510203166884,48.64885185382985,53.93799998760223,15.222241802157367,23.368354799057943,34.265266296656236,52.60216665267944,15.222241802157367,23.368354799057943,55.32699990272522,24.578853799522527,31.220100003480912,22.820024437927657,51.36787500977516,13.869435807854689,36.63313747942448,24.0269324637582,54.08462497591972,16.27416147464437,38.19599999984106,20.960906302860074,47.18300008773804,16.968458462834764,34.84983332951864,20.424255949822808,45.97500014305115,15.481933953584466,,0.0,,0.0,3.1192230782254837,60.0,-0.3532607011268191,124.0,3.1192230782254837,60.0,-0.3532607011268191,124.0,2.6577007012467386,71.0,-0.36242794299474507,193.0,2.0033004505472856,96.0,-0.3532607011268191,248.0,2.813564414220144,108.0,-0.3532607011268191,248.0,3.119223078225484,120.0,-0.3532607011268191,248.0,2.0033004505472856,3.119223078225484,-0.3532607011268191,-0.36242794299474507,3.119223078225484,120.0,-0.3532607011268191,248.0
9,2_power_2_small_users,CUSTOM_CLUSTERFAIR,1.0,145.6449999809265,0.0,0.0,0.0,0.59612296,0.000362496,0.000362496,32.71702174129693,50.01977774831984,28.97476191261188,46.20055553648207,51.32269997596741,14.534438801109252,22.221136272021248,32.71702174129693,50.01977774831984,14.534438801109252,22.221136272021248,52.61299991607666,23.373167443836806,29.433612501621248,21.31119500208515,47.97149994969368,13.075794092235114,35.22943750321865,22.970568625358194,51.706749975681305,15.650571969444087,36.37050004800161,19.928476218380748,44.85899996757507,16.15748558329702,34.203499952952065,19.519768943261273,43.93899989128113,15.194802289183501,,0.0,,0.0,3.347045195221685,53.0,-0.3618938500269899,131.0,3.347045195221685,53.0,-0.3618938500269899,131.0,2.8750528589658315,62.0,-0.37282490361015275,202.0,2.205899926828524,82.0,-0.36189385002699,262.0,3.0458972111308538,94.0,-0.36189385002699,262.0,3.3470451952216855,106.0,-0.36189385002699,262.0,2.205899926828524,3.3470451952216855,-0.36189385002699,-0.37282490361015275,3.3470451952216855,106.0,-0.36189385002699,262.0
10,2_power_2_small_users,CUSTOM_CLUSTERFAIR,2.0,146.78600001335144,0.0,0.0,0.0,0.60153952,0.000362496,0.000362496,33.427222822023474,51.746888836224876,29.47702040802054,47.61633332570394,53.184599947929385,14.84994350156529,22.988400193791588,33.427222822023474,51.746888836224876,14.84994350156529,22.988400193791588,55.30899977684021,24.570857297574502,28.264187487959862,21.205852954242555,47.734375,12.556280536632546,38.20081249773502,23.78648375204434,53.54337492585182,16.970596400593077,35.03525002797445,20.347845390180858,45.80299997329712,15.564304765870476,34.415500005086265,19.821856933824222,44.61899995803833,15.288982676626503,,0.0,,0.0,3.017913660418579,58.0,-0.366370013155528,126.0,3.017913660418579,58.0,-0.366370013155528,126.0,2.70396153964339,65.0,-0.3836482541656018,199.0,1.9492434211374128,92.0,-0.36637001315552803,252.0,2.701261447111392,104.0,-0.36637001315552803,252.0,3.0179136604185794,116.0,-0.36637001315552803,252.0,1.9492434211374128,3.0179136604185794,-0.36637001315552803,-0.3836482541656018,3.0179136604185794,116.0,-0.36637001315552803,252.0
11,2_power_2_small_users,CUSTOM_CLUSTERFAIR,1.0,146.88633330663046,0.0,0.0,0.0,0.6163219226666666,0.000362496,0.000362496,33.46983695332555,51.45627774574139,29.57896145076709,47.48858023867195,52.81509997049967,14.868874701610636,22.859297088290262,33.46983695332555,51.45627774574139,14.868874701610636,22.859297088290262,54.41633319854736,24.174292846977945,29.63929999768734,21.779024131418456,49.02458331982295,13.167170145574117,36.687795826792716,23.594661613720245,53.11158329248428,16.298443281560512,36.53391669193904,20.412409303807227,45.94833334287008,16.23008293733409,34.489611095852325,19.92196060896943,44.84433333079021,15.321906306464824,,0.0,,0.0,3.161393977955249,57.0,-0.3605081881031123,127.0,3.161393977955249,57.0,-0.3605081881031123,127.0,2.745571699951987,66.0,-0.37296703359016653,198.0,2.0528145995044076,90.0,-0.36050818810311236,254.0,2.8535743574874632,102.0,-0.36050818810311236,254.0,3.1613939779552496,114.0,-0.36050818810311236,254.0,2.0528145995044076,3.1613939779552496,-0.36050818810311236,-0.37296703359016653,3.1613939779552496,114.0,-0.36050818810311236,254.0
24,2_power_2_small_users,CUSTOM_CLUSTERFAIR_PARTITIONER,0.0,146.33799982070923,0.0,0.0,0.0,0.578338184,0.000472236,0.000472236,32.95323370332303,50.57150003645155,29.161469393035993,46.58103704452515,51.89710004329682,14.639375256918273,22.466237244092202,32.95323370332303,50.57150003645155,14.639375256918273,22.466237244092202,53.21399998664856,23.640159922989138,29.759950014948846,21.961683712763975,49.43575003743172,13.220768553953283,35.83881250023842,23.124722362570843,52.05375003814697,15.92128498455727,35.7987499833107,20.057307831820566,45.1489999294281,15.903487331546287,32.15908336639404,19.450910670764706,43.78399991989136,14.286576351130185,,0.0,,0.0,2.748145167088945,62.0,-0.39675410064521915,122.0,2.748145167088945,62.0,-0.39675410064521915,122.0,2.2647029825043314,76.0,-0.4086496267923043,188.0,1.7640179649406909,100.0,-0.39675410064521915,244.0,2.5219717332943707,112.0,-0.39675410064521915,244.0,2.7481451670889445,124.0,-0.39675410064521915,244.0,1.7640179649406909,2.7481451670889445,-0.39675410064521915,-0.4086496267923043,2.7481451670889445,124.0,-0.39675410064521915,244.0
25,2_power_2_small_users,CUSTOM_CLUSTERFAIR_PARTITIONER,1.0,146.37800002098083,0.0,0.0,0.0,0.638241344,0.000472236,0.000472236,32.98676630595456,50.59066663848029,29.19691837401617,46.58051851060655,51.994399952888486,14.654272015084208,22.474751949569207,32.98676630595456,50.59066663848029,14.654272015084208,22.474751949569207,53.382999897003174,23.71523762638968,29.07808749973774,22.10117724936361,49.74974998831749,12.917853176249547,36.27307499349117,22.930919567991076,51.61749994754791,16.114204794976086,36.7737500667572,19.99911145600463,45.01799988746643,16.336628194916567,33.34891666968664,19.431363842530757,43.74000000953674,14.815156228203746,,0.0,,0.0,3.1662486182411036,56.0,-0.36604426314099237,128.0,3.1662486182411036,56.0,-0.36604426314099237,128.0,2.698066484154584,66.0,-0.3818436820916359,198.0,2.065699030545374,88.0,-0.36604426314099237,256.0,2.91176073861639,100.0,-0.36604426314099237,256.0,3.1662486182411036,112.0,-0.36604426314099237,256.0,2.065699030545374,3.1662486182411036,-0.36604426314099237,-0.3818436820916359,3.1662486182411036,112.0,-0.36604426314099237,256.0
26,2_power_2_small_users,CUSTOM_CLUSTERFAIR_PARTITIONER,2.0,145.53000020980835,0.0,0.0,0.0,0.690551816,0.000472236,0.000472236,32.473989123883456,49.811833315425446,28.72302040113073,45.978666658754705,51.150600004196164,14.42647228959727,22.128757581264075,32.473989123883456,49.811833315425446,14.42647228959727,22.128757581264075,52.41000008583069,23.282985377978978,28.514524987339975,21.620724106936493,48.66824996471405,12.667492220053296,36.13622500002384,22.681752558233256,51.05662500858307,16.05340959574582,34.456166664759316,19.928476218380748,44.85899996757507,15.307048718240475,32.47333331902822,19.33274105992226,43.51800012588501,14.426180950256871,,0.0,,0.0,2.6824231898110678,62.0,-0.39299117320675253,122.0,2.6824231898110678,62.0,-0.39299117320675253,122.0,2.322399618523964,72.0,-0.4043005427372723,192.0,1.7120031005296699,100.0,-0.39299117320675253,244.0,2.4357293909888464,112.0,-0.39299117320675253,244.0,2.6824231898110678,124.0,-0.39299117320675253,244.0,1.7120031005296699,2.6824231898110678,-0.39299117320675253,-0.4043005427372723,2.6824231898110678,124.0,-0.39299117320675253,244.0
27,2_power_2_small_users,CUSTOM_CLUSTERFAIR_PARTITIONER,1.0,146.08200001716614,0.0,0.0,0.0,0.635710448,0.000472236,0.000472236,32.80466304438701,50.32466666345243,29.027136056060968,46.38007407129547,51.68070000012715,14.573373187199916,22.356582258308492,32.80466304438701,50.32466666345243,14.573373187199916,22.356582258308492,53.002333323160805,23.5461276424526,29.117520834008854,21.89452835635469,49.28458333015442,12.935371316752043,36.08270416458448,22.91246482959839,51.57595833142598,16.029633125093056,35.67622223827574,19.994965168735316,45.0086665948232,15.849054748234444,32.660444451702965,19.405005191072576,43.68066668510437,14.5093045098636,,0.0,,0.0,2.865605658380372,60.0,-0.38526317899765467,124.0,2.865605658380372,60.0,-0.38526317899765467,124.0,2.42838969506096,71.33333333333333,-0.39826461720707085,192.66666666666666,1.847240032005245,96.0,-0.38526317899765467,248.0,2.623153954299869,108.0,-0.38526317899765467,248.0,2.865605658380372,120.0,-0.38526317899765467,248.0,1.847240032005245,2.865605658380372,-0.38526317899765467,-0.39826461720707085,2.865605658380372,120.0,-0.38526317899765467,248.0
12,2_power_2_small_users,CUSTOM_FAIR,0.0,140.86299991607666,0.0,0.0,0.0,0.626094072,0.000362496,0.000362496,41.177146739285924,68.95672223303053,35.75694557436469,58.14592595453615,75.03839998245239,18.292823962366025,30.633817073758557,41.177146739285924,68.95672223303053,18.292823962366025,30.633817073758557,140.14800000190735,62.260328743628314,46.22376249730587,29.725066638956697,66.91112500429153,20.53476787974494,46.97713750302792,32.63305198452516,73.45700001716614,20.869452466915995,3.75,2.160373130198427,4.86299991607666,1.6659262549977785,6.293583333492279,5.118613982401864,11.522000074386597,2.795905523541661,,0.0,,0.0,,0.0,,0.0,,0.0,,0.0,,0.0,0.0,80.0,,0.0,0.0,160.0,,0.0,0.0,172.0,,0.0,0.0,184.0,,,0.0,0.0,,0.0,0.0,184.0
13,2_power_2_small_users,CUSTOM_FAIR,1.0,141.4909999370575,0.0,0.0,0.0,0.657802224,0.000362496,0.000362496,41.66957608124484,73.85455554061465,35.39493196837756,61.340296277293454,80.79590001106263,18.511584220899525,32.80966483368043,41.66957608124484,73.85455554061465,18.511584220899525,32.80966483368043,140.7240002155304,62.51621511129737,47.03807498514652,32.70046645299639,73.60874998569489,20.896523760615956,47.25817500352859,33.35628608553635,75.08499997854233,20.994302533775475,3.9177499810854592,2.4344735757767593,5.480000019073486,1.740448681068618,6.374083340167999,5.262549958298969,11.845999956130981,2.831667410114615,,0.0,,0.0,,0.0,,0.0,,0.0,,0.0,0.31547676973137034,41.0,-0.19549913859874157,39.0,0.3536978365686805,77.0,-0.18539642700335934,83.0,0.32416165724298157,86.0,-0.18013303386328794,86.0,0.30502747745134007,93.0,-0.17278873039526932,91.0,0.30502747745134007,0.3536978365686805,-0.17278873039526932,-0.19549913859874157,0.30502747745134007,93.0,-0.17278873039526932,91.0
14,2_power_2_small_users,CUSTOM_FAIR,2.0,140.55999994277954,0.0,0.0,0.0,0.689335408,0.000362496,0.000362496,41.2156793449236,70.75061109330919,35.368741492835845,60.37470371634872,75.4362999677658,18.3099419568741,31.43074682066156,41.2156793449236,70.75061109330919,18.3099419568741,31.43074682066156,139.81699991226196,62.11328294636248,46.50703749060631,29.62355618209957,66.68262496590614,20.660611946071214,46.77561250030995,33.23228565230468,74.80587500333786,20.779925588764968,3.713333328564962,2.160373236115166,4.863000154495239,1.6496371961639096,6.376083354155223,5.202132402553074,11.710000038146973,2.8325559103310627,,0.0,,0.0,,0.0,,0.0,,0.0,,0.0,0.29332443817136605,45.0,-0.22099852282603968,35.0,0.33334150982507593,78.0,-0.17704589255459927,82.0,0.30451224742344307,86.0,-0.1716538235502512,86.0,0.28613269320610385,93.0,-0.16437440283738344,91.0,0.28613269320610385,0.33334150982507593,-0.16437440283738344,-0.22099852282603968,0.28613269320610385,93.0,-0.16437440283738344,91.0
15,2_power_2_small_users,CUSTOM_FAIR,1.0,140.97133326530457,0.0,0.0,0.0,0.6577439013333334,0.000362496,0.000362496,41.354134055151455,71.1872962889848,35.50687301185937,59.95364198272611,77.09019998709361,18.371450046713214,31.62474290936685,41.354134055151455,71.1872962889848,18.371450046713214,31.62474290936685,140.2296667098999,62.29660893376272,46.58962499101956,30.683029758017554,69.06749998529752,20.69730119547737,47.00364166895549,33.07387457412206,74.44929166634877,20.881226863152147,3.7936944365501404,2.251739980696784,5.068666696548462,1.685337377410102,6.3479166759384995,5.194432114417968,11.69266668955485,2.8200429479957796,,0.0,,0.0,,0.0,,0.0,,0.0,,0.0,,28.666666666666664,-0.13883255380826043,51.333333333333336,,51.66666666666667,-0.12081410651931954,108.33333333333333,,57.333333333333336,-0.11726228580451303,114.66666666666667,,62.0,-0.11238771107755091,122.0,,,-0.11238771107755091,-0.13883255380826043,,62.0,-0.11238771107755091,122.0
44,2_power_2_small_users,CUSTOM_FAIR_PARTITIONER,0.0,141.18699979782104,0.0,0.0,0.0,0.660710352,0.000472236,0.000472236,41.50776086553283,73.97111112541623,35.13232652670672,61.52033332542137,81.19270000457763,18.43969829654946,32.86144430271711,41.50776086553283,73.97111112541623,18.43969829654946,32.86144430271711,140.47299981117249,62.40470893432806,46.32309999167919,32.027543319272546,72.09400001168251,20.578898263740196,47.62737500667572,34.16076188667887,76.89587500691414,21.158318528065625,3.7100833455721536,2.3407374737475615,5.269000053405762,1.6481934009649724,6.405749936898549,5.026210524780598,11.313999891281128,2.845735200754575,,0.0,,0.0,,0.0,0.0,184.0,,0.0,0.0,184.0,,0.0,0.0,264.0,,0.0,0.0,344.0,,0.0,0.0,356.0,,0.0,0.0,368.0,,,0.0,0.0,,0.0,0.0,368.0
45,2_power_2_small_users,CUSTOM_FAIR_PARTITIONER,1.0,141.518000125885,0.0,0.0,0.0,0.637503584,0.000472236,0.000472236,41.40096195884373,73.18488891919453,35.587673466221815,58.34322223839936,81.11220004558564,18.39225320250721,32.51216744522192,41.40096195884373,73.18488891919453,18.39225320250721,32.51216744522192,131.35900020599365,58.35584193957958,46.515287509560586,33.220846287042285,74.78012499213219,20.66427699225259,47.18895000517368,33.19208132643426,74.71537506580353,20.96354953583904,3.719833334287008,2.326077326092917,5.236000061035156,1.6525248042145746,6.399999936421712,5.035539671136558,11.334999799728394,2.843180780285078,,0.0,,0.0,0.2576355314504121,100.0,-0.17765379718876606,84.0,0.2576355314504121,100.0,-0.17765379718876606,84.0,0.2677282058772414,139.0,-0.16952495506432047,125.0,0.2699419979376045,190.0,-0.19137513259400343,154.0,0.26484993936087814,194.0,-0.1830308064072709,162.0,0.2576355314504122,200.0,-0.17765379718876606,168.0,0.2576355314504122,0.2699419979376045,-0.16952495506432047,-0.19137513259400343,0.2576355314504122,200.0,-0.17765379718876606,168.0
46,2_power_2_small_users,CUSTOM_FAIR_PARTITIONER,2.0,141.61800003051758,0.0,0.0,0.0,0.632433752,0.000472236,0.000472236,41.92936956493751,71.9627777867847,36.04640816182506,61.075777777919065,76.71360001564025,18.626996696995782,31.969248239353483,41.92936956493751,71.9627777867847,18.626996696995782,31.969248239353483,140.83100008964539,62.56374948451593,47.05902500450611,29.800588636597432,67.08112502098083,20.905830743894317,47.84843750596046,34.58507330562739,77.85100001096725,21.25652488047999,3.6805832783381143,2.2558861973549402,5.077999830245972,1.635088084557136,6.519999980926514,5.199022581184349,11.702999830245972,2.896490440216132,,0.0,,0.0,0.24209526748275212,106.0,-0.18411898104418428,78.0,0.24209526748275212,106.0,-0.18411898104418428,78.0,0.24221137638937085,151.0,-0.1797417118333,113.0,0.2534254475494472,201.0,-0.1975922320790418,143.0,0.24917978796376203,205.0,-0.18907623914558405,151.0,0.24209526748275212,212.0,-0.18411898104418425,156.0,0.24209526748275212,0.2534254475494472,-0.1797417118333,-0.1975922320790418,0.24209526748275212,212.0,-0.18411898104418425,156.0
47,2_power_2_small_users,CUSTOM_FAIR_PARTITIONER,1.0,141.4409999847412,0.0,0.0,0.0,0.6435492293333333,0.000472236,0.000472236,41.61269746310469,73.03959261046516,35.588802718251195,60.313111113913266,79.67283335526784,18.486316065350817,32.44761999576417,41.61269746310469,73.03959261046516,18.486316065350817,32.44761999576417,137.5543333689372,61.10810011947452,46.63247083524863,31.68299274763742,71.31841667493184,20.7163353332957,47.554920839269954,33.979305506246845,76.48741669456165,21.12613098146155,3.7034999860657587,2.3075669990651395,5.19433331489563,1.645268763245561,6.441916618082258,5.086924259033835,11.450666507085165,2.861802140418595,,0.0,,0.0,,68.66666666666667,-0.12059092607765012,115.33333333333334,,68.66666666666667,-0.12059092607765012,115.33333333333334,,96.66666666666667,-0.11642222229920682,167.33333333333331,,130.33333333333334,-0.12965578822434842,213.66666666666666,,133.0,-0.12403568185095165,223.00000000000003,,137.33333333333334,-0.12059092607765011,230.66666666666669,,,-0.11642222229920682,-0.12965578822434842,,137.33333333333334,-0.12059092607765011,230.66666666666669
28,2_power_2_small_users,CUSTOM_RANDOM,0.0,145.43700003623962,0.0,0.0,0.0,0.619865792,0.000362496,0.000362496,38.17386413657147,113.19750000370874,23.01892517861866,90.30381481735795,120.20059998035431,16.958624671955338,50.287649935010535,38.17386413657147,113.19750000370874,16.958624671955338,50.287649935010535,144.07500004768372,64.004886738198,41.04913749694824,50.305419805472496,113.2374999821186,18.235956240314636,36.2832250058651,50.39565750409739,113.44062504172325,16.118713907536694,19.00958341360092,23.922701085318142,53.85000014305115,8.44495042807682,50.77391666173935,50.96801415065932,114.72899985313416,22.5561602228962,,0.0,,0.0,3.213888150020323,72.0,-0.5896673205156847,112.0,3.213888150020323,72.0,-0.5896673205156847,112.0,2.5480721570020237,101.0,-0.5931576027890164,163.0,2.249107804899572,124.0,-0.5941954069955692,220.0,2.4919930372390158,133.0,-0.5891602288998974,223.0,3.213888150020323,144.0,-0.5896673205156847,224.0,2.249107804899572,3.213888150020323,-0.5891602288998974,-0.5941954069955692,3.213888150020323,144.0,-0.5896673205156847,224.0
29,2_power_2_small_users,CUSTOM_RANDOM,1.0,145.10999989509583,0.0,0.0,0.0,0.621184312,0.000362496,0.000362496,37.62360869801563,113.452055533727,22.791401366798244,87.08529628647699,122.11049997806549,16.714175343409874,50.40073546589382,37.62360869801563,113.452055533727,16.714175343409874,50.40073546589382,143.92199993133545,63.93691689530672,36.362187483906744,47.98883829896368,108.02287501096725,16.153792751624497,39.17186252474785,49.081408238739286,110.48224994540215,17.4019824632376,35.097916642824806,63.93691689530672,143.92199993133545,15.592144221601423,38.23708333571752,52.165704216230495,117.42500019073486,16.986709611602624,,0.0,,0.0,3.3115764539581143,69.0,-0.5641934886811056,115.0,3.3115764539581143,69.0,-0.5641934886811056,115.0,2.7055272958247834,91.0,-0.5615302688830359,173.0,2.3047112031088695,117.0,-0.5691259281362696,227.0,2.8295632557641035,128.0,-0.5670233209161093,228.0,3.3115764539581134,138.0,-0.5641934886811056,230.0,2.3047112031088695,3.3115764539581134,-0.5615302688830359,-0.5691259281362696,3.3115764539581134,138.0,-0.5641934886811056,230.0
30,2_power_2_small_users,CUSTOM_RANDOM,2.0,144.989000082016,0.0,0.0,0.0,0.682296984,0.000362496,0.000362496,37.60232065941977,110.90500002437167,22.802374155342985,87.66929630880003,119.98070001602173,16.704718196099403,49.269213693634676,37.60232065941977,110.90500002437167,16.704718196099403,49.269213693634676,144.0130000114441,63.977343408016026,40.56677500009537,45.699189247845645,102.86887499690056,18.02166814753237,37.272112515568736,50.60761883649651,113.91775000095367,16.55802421837793,11.455333312352499,19.99555752575,45.00999999046326,5.088997473279652,46.18766669432322,61.334962264424895,138.06500005722046,20.518732427509203,,0.0,,0.0,2.7840691397812414,67.0,-0.5503231823604267,117.0,2.7840691397812414,67.0,-0.5503231823604267,117.0,2.2534782644596514,94.0,-0.5587721667432909,170.0,2.024594275857154,115.0,-0.5572457302283434,229.0,2.068635927960529,125.0,-0.5527729362699161,231.0,2.7840691397812414,134.0,-0.5503231823604265,234.0,2.024594275857154,2.7840691397812414,-0.5503231823604265,-0.5587721667432909,2.7840691397812414,134.0,-0.5503231823604265,234.0
31,2_power_2_small_users,CUSTOM_RANDOM,1.0,145.17866667111716,0.0,0.0,0.0,0.6411156960000001,0.000362496,0.000362496,37.799931164668955,112.51818518726914,22.870900233586628,88.35280247087833,120.76393332481385,16.792506070488205,49.985866364846345,37.799931164668955,112.51818518726914,16.792506070488205,49.985866364846345,144.00333333015442,63.97304901384025,39.32603332698345,47.997815784093945,108.04308332999548,17.470472379823832,37.575733348727226,50.02822819311106,112.61354166269302,16.692906863050744,21.854277789592743,35.951725168791626,80.92733335494995,9.708697374319298,45.06622223059336,54.82289354377157,123.40633336702982,20.02053408733601,,0.0,,0.0,3.1031779145865594,69.33333333333333,-0.5680613305190724,114.66666666666667,3.1031779145865594,69.33333333333333,-0.5680613305190724,114.66666666666667,2.502359239095486,95.33333333333333,-0.5711533461384477,168.66666666666666,2.1928044279551986,118.66666666666669,-0.5735223551200607,225.33333333333331,2.463397406987883,128.66666666666666,-0.569652162028641,227.33333333333331,3.103177914586559,138.66666666666666,-0.5680613305190724,229.33333333333334,2.1928044279551986,3.103177914586559,-0.5670045600477867,-0.5740311672917099,3.103177914586559,138.66666666666666,-0.5680613305190724,229.33333333333334
0,2_power_2_small_users,CUSTOM_RANDOM_PARTITIONER,0.0,146.375,0.0,0.0,0.0,0.642534264,0.000472236,0.000472236,36.82886413905931,110.96750002437167,21.86572789821495,87.41385186160052,120.20750002861023,16.36111245626802,49.29697913121798,36.82886413905931,110.96750002437167,16.36111245626802,49.29697913121798,145.12800002098083,64.4726788187387,35.45583751797676,45.60834075386711,102.66437503695488,15.751149497102068,39.761125004291536,49.214848964704714,110.78262501955032,17.66376055277278,27.663833280404408,52.82852068205824,118.91700005531311,12.28957498018854,35.59900003671646,61.921368276527424,139.38499999046326,15.814749016755421,,0.0,,0.0,2.9793073291470518,65.0,-0.5801375454994558,119.0,2.9793073291470518,65.0,-0.5801375454994558,119.0,2.517286207599055,86.0,-0.587440582909078,178.0,2.1573981014716095,112.0,-0.590402561189249,232.0,2.614924567817965,121.0,-0.5845145728996956,235.0,2.9793073291470513,130.0,-0.5801375454994557,238.0,2.1573981014716095,2.9793073291470513,-0.5801375454994557,-0.590402561189249,2.9793073291470513,130.0,-0.5801375454994557,238.0
1,2_power_2_small_users,CUSTOM_RANDOM_PARTITIONER,1.0,147.09599995613098,0.0,0.0,0.0,0.684459688,0.000472236,0.000472236,39.1498913091162,119.95644447538588,23.218945581085826,92.01896297490156,130.58830001354218,17.392221816577607,53.290290748727614,39.1498913091162,119.95644447538588,17.392221816577607,53.290290748727614,146.56900000572205,65.1128387408805,41.014937496185304,54.209295893605145,122.0251250565052,18.22076299253012,40.978000009059905,51.07485562205473,114.96950000524521,18.204353624637896,30.695833384990692,45.081741488917245,101.47900009155273,13.636531934691552,22.98291665315628,62.69746777853505,141.13199996948242,10.210091805044993,,0.0,,0.0,2.4355788246890806,69.0,-0.5720792628420428,115.0,2.4355788246890806,69.0,-0.5720792628420428,115.0,2.1229707175234016,94.0,-0.5881590945553632,170.0,1.9199578877622616,118.0,-0.5790214846877288,226.0,2.4297721478815513,128.0,-0.5753378558218514,228.0,2.43557882468908,138.0,-0.5720792628420428,230.0,1.9199578877622616,2.43557882468908,-0.5720792628420428,-0.5881590945553632,2.43557882468908,138.0,-0.5720792628420428,230.0
2,2_power_2_small_users,CUSTOM_RANDOM_PARTITIONER,2.0,146.18200016021729,0.0,0.0,0.0,0.656969928,0.000472236,0.000472236,41.412152173726454,113.88544444243114,26.113496600365153,95.70985183009395,119.69860002994537,18.397224421913126,50.59326718899649,41.412152173726454,113.88544444243114,18.397224421913126,50.59326718899649,144.5460000038147,64.21412705633703,41.50003749728203,47.80736337868916,107.6143749654293,18.436267213363845,43.928212496638295,52.66487117821986,118.54862502217293,19.514976675539,30.61325003703435,49.247889876736366,110.85700011253357,13.599844530001933,34.85141666730245,54.57840967792661,122.85600018501282,15.482637346647023,,0.0,,0.0,3.06572273398548,74.0,-0.5642999634597878,110.0,3.06572273398548,74.0,-0.5642999634597878,110.0,2.5174600376066305,102.0,-0.5731581220387957,162.0,2.1639030340880736,131.0,-0.5726207281257262,213.0,2.656474308040809,138.0,-0.5649791333461255,218.0,3.06572273398548,148.0,-0.5642999634597877,220.0,2.1639030340880736,3.06572273398548,-0.5642999634597877,-0.5731581220387957,3.06572273398548,148.0,-0.5642999634597877,220.0
3,2_power_2_small_users,CUSTOM_RANDOM_PARTITIONER,1.0,146.55100003878275,0.0,0.0,0.0,0.6613212933333333,0.000472236,0.000472236,39.130302540633984,114.93646298072957,23.732723359888645,91.71422222219867,123.49813335736593,17.383519564919585,51.06017902298069,39.130302540633984,114.93646298072957,17.383519564919585,51.06017902298069,145.41433334350586,64.59988153865208,39.32360417048137,49.208333342053805,110.76795835296312,17.46939323433201,41.555779169996576,50.98485858832643,114.76691668232283,18.461030284316557,29.657638900809815,49.052717349237284,110.41766675313315,13.17531714829401,31.14444445239173,59.73241524432969,134.45766671498617,13.835826056149145,,0.0,,0.0,2.8268696292738706,69.33333333333334,-0.5721722572670955,114.66666666666666,2.8268696292738706,69.33333333333334,-0.5721722572670955,114.66666666666666,2.385905654243029,94.0,-0.582919266501079,170.0,2.0804196744406482,120.33333333333334,-0.5806815913342347,223.66666666666666,2.5670570079134416,129.0,-0.5749438540225575,227.0,2.8268696292738706,138.66666666666669,-0.5721722572670954,229.33333333333331,2.0804196744406482,2.8268696292738706,-0.5721722572670954,-0.5839065925944693,2.8268696292738706,138.66666666666669,-0.5721722572670954,229.33333333333331
40,2_power_2_small_users,CUSTOM_USERCLUSTERFAIR,0.0,145.27100014686584,0.0,0.0,0.0,0.667096832,0.000362496,0.000362496,29.706472816674605,50.84827779399024,25.15430610520499,46.029074103743945,52.55230000019073,13.197011468980275,22.589194932914364,29.706472816674605,50.84827779399024,13.197011468980275,22.589194932914364,54.894999980926514,24.386939129687473,32.885275000333785,22.628665036595905,50.937124997377396,14.609184806900833,33.32591248750687,22.87461129044067,51.49075001478195,14.80493668925227,5.829249978065491,6.800088814659575,15.306999921798706,2.58962682277454,8.262083292007446,6.106175088395228,13.745000123977661,3.6704057272356487,,0.0,,0.0,0.5339144703415935,48.0,-0.35688153419983193,136.0,0.5339144703415935,48.0,-0.35688153419983193,136.0,0.43313576934607156,65.0,-0.357546492729524,199.0,0.3644179246844308,85.0,-0.3618402564678801,259.0,0.4541658823692764,89.0,-0.35845724574482574,267.0,0.5339144703415935,96.0,-0.35688153419983193,272.0,0.3644179246844308,0.5339144703415935,-0.35688153419983193,-0.3618402564678801,0.5339144703415935,96.0,-0.35688153419983193,272.0
41,2_power_2_small_users,CUSTOM_USERCLUSTERFAIR,1.0,144.8069999217987,0.0,0.0,0.0,0.652958008,0.000362496,0.000362496,29.6260054435419,50.66150003009372,25.084965989703225,45.95088890746788,52.3021000623703,13.16126407976095,22.506219471387706,29.6260054435419,50.66150003009372,13.16126407976095,22.506219471387706,54.41199994087219,24.17236781024975,32.85577501952648,22.504386955873002,50.657375037670135,14.596079528887818,33.401962500810626,22.816803642295824,51.36062499880791,14.83872167961378,4.808583339055379,5.553976052181289,12.502000093460083,2.136198729033931,7.738583326339722,4.774322514002294,10.746999979019165,3.4378424372899694,,0.0,,0.0,0.47742656965731267,45.0,-0.3655284125533474,139.0,0.47742656965731267,45.0,-0.3655284125533474,139.0,0.3972586925598499,61.0,-0.3674167429294857,203.0,0.3584420573673394,78.0,-0.36917601482238566,266.0,0.41004431051248924,83.0,-0.3673786867259214,273.0,0.47742656965731267,90.0,-0.3655284125533474,278.0,0.3584420573673394,0.47742656965731267,-0.3655284125533474,-0.36917601482238566,0.47742656965731267,90.0,-0.3655284125533474,278.0
42,2_power_2_small_users,CUSTOM_USERCLUSTERFAIR,2.0,145.15199995040894,0.0,0.0,0.0,0.689922792,0.000362496,0.000362496,29.689456510802973,50.99311106734805,25.04212244027326,46.49129629135132,52.64029994010925,13.18945202612304,22.65353668029678,29.689456510802973,50.99311106734805,13.18945202612304,22.65353668029678,54.78699994087219,24.338960435749527,33.10173748731613,22.6266659111089,50.93262496590614,14.70534761764377,33.78934998810291,22.975732979907924,51.71837493777275,15.010817409197205,3.3412500421206155,4.900932947512151,11.032000064849854,1.4843403119149778,5.956499954064687,4.684140342227726,10.543999910354614,2.6461572430318463,,0.0,,0.0,0.28713600111878185,42.0,-0.36002881471418363,142.0,0.28713600111878185,42.0,-0.36002881471418363,142.0,0.24453053317768575,60.0,-0.3656380750054458,204.0,0.22740247733890237,79.0,-0.3668537739483281,265.0,0.25641168023612104,80.0,-0.3635465635193055,276.0,0.2871360011187818,84.0,-0.36002881471418363,284.0,0.22740247733890237,0.2871360011187818,-0.36002881471418363,-0.3668537739483281,0.2871360011187818,84.0,-0.36002881471418363,284.0
43,2_power_2_small_users,CUSTOM_USERCLUSTERFAIR,1.0,145.07666667302448,0.0,0.0,0.0,0.6699925440000001,0.000362496,0.000362496,29.673978257006496,50.83429629714401,25.093798178393826,46.15708643418772,52.49823333422343,13.18257585828809,22.582983694866286,29.673978257006496,50.83429629714401,13.18257585828809,22.582983694866286,54.69799995422363,24.299422458562248,32.947595835725465,22.586572634525936,50.84237500031789,14.63687065114414,33.505741658806805,22.889049304214804,51.52324998378754,14.884825259354418,4.659694453080495,5.751665938117672,12.94700002670288,2.0700552879078162,7.319055524137284,5.188212648208416,11.678666671117147,3.2514684691858213,,0.0,,0.0,0.43282568037256264,45.0,-0.360812920489121,139.0,0.43282568037256264,45.0,-0.360812920489121,139.0,0.35830833169453574,62.0,-0.3635337702214852,202.0,0.31675415313022415,80.66666666666666,-0.36595668174619794,263.3333333333333,0.3735406243726289,84.0,-0.36312749866335087,272.0,0.43282568037256264,90.0,-0.360812920489121,278.0,0.31675415313022415,0.43282568037256264,-0.360812920489121,-0.36595668174619794,0.43282568037256264,90.0,-0.360812920489121,278.0
32,2_power_2_small_users,CUSTOM_USERCLUSTERFAIR_PARTITIONER,0.0,145.90000009536743,0.0,0.0,0.0,0.687248048,0.000472236,0.000472236,29.874103253302366,51.509999963972305,25.23146938304512,46.540814814744174,53.12069993019104,13.271480787784256,22.883163022644293,29.874103253302366,51.509999963972305,13.271480787784256,22.883163022644293,55.5699999332428,24.686805834403728,33.10338749587536,22.948300743145392,51.65662497282028,14.706080628998382,33.71383749246597,23.154431332592853,52.12062492966652,14.977271209447343,4.697749972343445,5.350066629424194,12.042999982833862,2.0869613382245418,7.9236666560173035,5.276321570431587,11.876999855041504,3.520065151495914,,0.0,,0.0,0.4998200457482261,47.0,-0.3691602350682655,137.0,0.4998200457482261,47.0,-0.3691602350682655,137.0,0.4122938099378614,66.0,-0.37338778795627175,198.0,0.3730880776496684,85.0,-0.37356986758858307,259.0,0.43189589017544655,88.0,-0.37164904044813984,268.0,0.4998200457482262,94.0,-0.3691602350682655,274.0,0.3730880776496684,0.4998200457482262,-0.3691602350682655,-0.37356986758858307,0.4998200457482262,94.0,-0.3691602350682655,274.0
33,2_power_2_small_users,CUSTOM_USERCLUSTERFAIR_PARTITIONER,1.0,146.34999990463257,0.0,0.0,0.0,0.611865912,0.000472236,0.000472236,30.10746739221656,51.91427777873145,25.405639452188193,47.024703723412976,53.5478000164032,13.375152106715484,23.062762229556395,30.10746739221656,51.91427777873145,13.375152106715484,23.062762229556395,55.98899984359741,24.87294528813745,33.41547500193119,23.11950245469159,52.04200002551079,14.844724567717098,33.96010000705719,23.33118612635988,52.518499970436096,15.08667259309515,4.85833324988683,5.72323407241367,12.882999897003174,2.1582999777373746,7.6190000375111895,8.427809948711488,18.97100019454956,3.3847179198183874,,0.0,,0.0,0.4621895741200296,49.0,-0.3727258056403472,135.0,0.4621895741200296,49.0,-0.3727258056403472,135.0,0.381530249995562,70.0,-0.3779192302654721,194.0,0.3382979739495271,90.0,-0.3781608776437038,254.0,0.40160742424474144,93.0,-0.3764472574076339,263.0,0.46218957412002953,98.0,-0.3727258056403472,270.0,0.3382979739495271,0.46218957412002953,-0.3727258056403472,-0.3781608776437038,0.46218957412002953,98.0,-0.3727258056403472,270.0
34,2_power_2_small_users,CUSTOM_USERCLUSTERFAIR_PARTITIONER,2.0,145.82800006866455,0.0,0.0,0.0,0.673261312,0.000472236,0.000472236,29.96610326093176,50.633666687541535,25.468870745224205,46.18448148833381,52.28580002784729,13.312351515296205,22.493854592421826,29.96610326093176,50.633666687541535,13.312351515296205,22.493854592421826,55.45300006866455,24.634828995408505,32.788874989748,22.511494895819816,50.67337501049042,14.566359391269657,33.470187509059905,22.779597964937132,51.276875019073486,14.869030434944426,9.536416669686636,10.202576668195753,22.966000080108643,4.236524508967852,8.216750005880991,8.346068387770853,18.786999940872192,3.6502665508134124,,0.0,,0.0,0.7514134028610664,49.0,-0.36064615024596997,135.0,0.7514134028610664,49.0,-0.36064615024596997,135.0,0.5981347710039305,66.0,-0.3639673303645969,198.0,0.5127178284123363,83.0,-0.36321113013343187,261.0,0.7025218250370178,91.0,-0.36135902005405235,265.0,0.7514134028610664,98.0,-0.36064615024596997,270.0,0.5127178284123363,0.7514134028610664,-0.36064615024596997,-0.3639673303645969,0.7514134028610664,98.0,-0.36064615024596997,270.0
35,2_power_2_small_users,CUSTOM_USERCLUSTERFAIR_PARTITIONER,1.0,146.02600002288818,0.0,0.0,0.0,0.6574584239999999,0.000472236,0.000472236,29.98255796881689,51.352648143415095,25.36865986015251,46.583333342163655,52.98476665814718,13.319661469931983,22.813259948207502,29.98255796881689,51.352648143415095,13.319661469931983,22.813259948207502,55.670666615168244,24.731526705983228,33.10257916251818,22.859766031218932,51.457333336273834,14.705721529328379,33.714708336194356,23.088405141296622,51.9719999730587,14.977658079162307,6.36416663063897,7.091959123344539,15.96399998664856,2.8272619416432563,7.919805566469828,7.350066635637976,16.544999996821087,3.518349874042571,,0.0,,0.0,0.5711410075764407,48.33333333333333,-0.36751073031819426,135.66666666666666,0.5711410075764407,48.33333333333333,-0.36751073031819426,135.66666666666666,0.463986276979118,67.33333333333333,-0.37175811619544696,196.66666666666669,0.4080346266705106,86.0,-0.3716472917885729,258.0,0.5120083798190687,90.66666666666666,-0.36981843930327535,265.3333333333333,0.5711410075764407,96.66666666666666,-0.36751073031819426,271.3333333333333,0.4080346266705106,0.5711410075764407,-0.36751073031819426,-0.3718993585322946,0.5711410075764407,96.66666666666666,-0.36751073031819426,271.3333333333333
4,2_power_2_small_users,DEFAULT_FAIR,0.0,140.7039999961853,0.0,0.0,0.0,0.697674224,0.000362496,0.000362496,42.43538586341816,81.52988889482286,36.22538774840686,54.43992590904236,101.31010003089905,18.851792920221303,36.21940866051659,42.43538586341816,81.52988889482286,18.851792920221303,36.21940866051659,140.1010000705719,62.23944916506969,40.80219999551773,45.769713445008456,103.02762496471405,18.126254995787527,45.21884998977184,27.052199030282598,60.89450001716614,20.088338511671186,37.761500000953674,23.93602837673138,53.87999987602234,16.775433141249962,39.44075000286102,25.81030662617965,58.099000215530396,17.521434919085305,,0.0,,0.0,3.170923116923953,69.0,-0.22081376805851474,115.0,3.170923116923953,69.0,-0.22081376805851474,115.0,2.964500806128542,78.0,-0.23109726022988075,186.0,2.1045423734354136,114.0,-0.22081376805851477,230.0,2.788295034839184,126.0,-0.22081376805851477,230.0,3.1709231169239525,138.0,-0.22081376805851477,230.0,2.1045423734354136,3.1709231169239525,-0.22081376805851477,-0.23109726022988075,3.1709231169239525,138.0,-0.22081376805851477,230.0
5,2_power_2_small_users,DEFAULT_FAIR,1.0,140.4720001220703,0.0,0.0,0.0,0.689548416,0.000362496,0.000362496,42.55764673585477,87.14238891336653,35.754782311770384,55.049333298647845,108.832200050354,18.90610694618159,38.71274496373457,42.55764673585477,87.14238891336653,18.90610694618159,38.71274496373457,139.41799998283386,61.93602842418207,41.40748750567436,50.81280546948836,114.37962511181831,18.395152157118773,45.136849987506864,28.11072854824142,63.277249962091446,20.05191025655569,39.359333316485085,27.05508663833326,60.901000022888184,17.485265800304344,36.22900001207987,25.16659266786647,56.65000009536743,16.09462461665032,,0.0,,0.0,3.3917419539186207,64.0,-0.22294245449899402,120.0,3.3917419539186207,64.0,-0.22294245449899402,120.0,3.329908687965981,70.0,-0.2347322498181111,194.0,2.321058376892865,104.0,-0.22294245449899402,240.0,3.083934345601026,116.0,-0.22294245449899402,240.0,3.3917419539186207,128.0,-0.22294245449899402,240.0,2.321058376892865,3.3917419539186207,-0.22294245449899402,-0.2347322498181111,3.3917419539186207,128.0,-0.22294245449899402,240.0
6,2_power_2_small_users,DEFAULT_FAIR,2.0,140.6859998703003,0.0,0.0,0.0,0.62249604,0.000362496,0.000362496,42.58198913802271,90.71783334679074,35.47738776401598,54.322148146452726,115.3212000131607,18.916920985349936,40.30112543171512,42.58198913802271,90.71783334679074,18.916920985349936,40.30112543171512,139.59400010108948,62.01421594895134,42.29027501046657,55.85128831524469,125.72124999761581,18.787327858936727,43.94767500162125,27.658984905769955,62.260375022888184,19.523622835016102,41.213666677474976,24.73522884906106,55.67900013923645,18.30904783539537,36.790500024954476,25.10350961147123,56.50800013542175,16.34406931361816,,0.0,,0.0,3.388297781505271,67.0,-0.24138181139674167,117.0,3.388297781505271,67.0,-0.24138181139674167,117.0,3.2703267256543502,76.0,-0.2556612694375997,188.0,2.31596147272899,110.0,-0.24138181139674164,234.0,3.0962988279638046,122.0,-0.24138181139674164,234.0,3.388297781505271,134.0,-0.24138181139674164,234.0,2.31596147272899,3.388297781505271,-0.24138181139674164,-0.2556612694375997,3.388297781505271,134.0,-0.24138181139674164,234.0
7,2_power_2_small_users,DEFAULT_FAIR,1.0,140.62066666285196,0.0,0.0,0.0,0.6699062266666668,0.000362496,0.000362496,42.52500724576521,86.46337038499338,35.81918594139774,54.60380245138098,108.48783336480459,18.891606950584276,38.41109301865543,42.52500724576521,86.46337038499338,18.891606950584276,38.41109301865543,139.70433338483173,62.063231179401036,41.499987503886224,50.8112690765805,114.37616669138274,18.436245003947676,44.76779165963332,27.607304161431323,62.14404166738193,19.887957201080994,39.444833331637916,25.242114621375233,56.82000001271565,17.52324892564989,37.486750013298455,25.360136301839113,57.085666815439865,16.65337628311793,,0.0,,0.0,3.316987617449281,66.66666666666666,-0.2283793446514168,117.33333333333334,3.316987617449281,66.66666666666666,-0.2283793446514168,117.33333333333334,3.1882454065829577,74.66666666666666,-0.24049692649519722,189.33333333333334,2.247187407685756,109.33333333333331,-0.22837934465141685,234.66666666666669,2.989509402801338,121.33333333333331,-0.22837934465141685,234.66666666666669,3.316987617449281,133.33333333333331,-0.22837934465141685,234.66666666666669,2.247187407685756,3.316987617449281,-0.22837934465141685,-0.24049692649519722,3.316987617449281,133.33333333333331,-0.22837934465141685,234.66666666666669
20,2_power_2_small_users,DEFAULT_FAIR_PARTITIONER,0.0,141.30200004577637,0.0,0.0,0.0,0.685987016,0.000472236,0.000472236,42.81804891643317,83.13461118274265,36.47763945131886,55.15188891799362,102.72070004940034,19.021789834044053,36.932301724896774,42.81804891643317,83.13461118274265,19.021789834044053,36.932301724896774,140.83699989318848,62.56641487924853,40.869250014424324,45.97284542566296,103.48487505316734,18.156041765626085,46.06634999215603,28.07829856395933,63.20425006747246,20.46483784635985,40.04449999332428,27.370502026226188,61.611000061035156,17.789649041903274,36.92825001478195,25.372723270553525,57.11400008201599,16.405264333532628,,0.0,,0.0,2.5629717790819866,88.0,-0.2690291230321012,96.0,2.5629717790819866,88.0,-0.2690291230321012,96.0,2.2651803695778403,108.0,-0.28336044455559606,156.0,1.674071405262906,152.0,-0.2690291230321012,192.0,2.2901123953069464,164.0,-0.2690291230321012,192.0,2.5629717790819866,176.0,-0.2690291230321012,192.0,1.674071405262906,2.5629717790819866,-0.2690291230321012,-0.28336044455559606,2.5629717790819866,176.0,-0.2690291230321012,192.0
21,2_power_2_small_users,DEFAULT_FAIR_PARTITIONER,1.0,140.72699999809265,0.0,0.0,0.0,0.693075752,0.000472236,0.000472236,42.7657445371151,85.63177772363026,36.03731970235604,55.26433330112033,107.9273999452591,18.99855377037543,38.04166047251456,42.7657445371151,85.63177772363026,18.99855377037543,38.04166047251456,140.11999988555908,62.24788977590362,41.495774963498114,50.98311859255416,114.76299995183945,18.434373595512266,45.14238747358322,26.56380493923697,59.79512491822243,20.054370268140033,40.12008331219355,24.13727229883913,54.33299994468689,17.823226704661725,38.03358334302902,25.660595328264474,57.76200008392334,16.89630535007953,,0.0,,0.0,3.221495079483909,72.0,-0.25482330784486645,112.0,3.221495079483909,72.0,-0.25482330784486645,112.0,3.172301099687461,79.0,-0.25526228822348546,185.0,2.1845848156149943,120.0,-0.25482330784486645,224.0,2.911927481235952,132.0,-0.25482330784486645,224.0,3.221495079483909,144.0,-0.25482330784486645,224.0,2.1845848156149943,3.221495079483909,-0.25482330784486645,-0.25526228822348546,3.221495079483909,144.0,-0.25482330784486645,224.0
22,2_power_2_small_users,DEFAULT_FAIR_PARTITIONER,2.0,140.69000005722046,0.0,0.0,0.0,0.696681056,0.000472236,0.000472236,42.702326081369236,86.0831110742357,35.91540816041077,55.11681480760927,108.95089995861053,18.970380311581177,38.24216396012248,42.702326081369236,86.0831110742357,18.970380311581177,38.24216396012248,140.11099982261658,62.24389152492961,41.557899984717366,50.95840735681212,114.7073749601841,18.461972449896653,45.662237495183945,27.05925143013949,60.910374969244,20.285312081378912,38.11183335383733,24.46290536861004,55.06599998474121,16.931067682735375,35.189583361148834,25.315415324342876,56.984999895095825,15.632866886338883,,0.0,,0.0,3.2367456362180134,67.0,-0.22831524228461628,117.0,3.2367456362180134,67.0,-0.22831524228461628,117.0,3.096330653265715,75.0,-0.2357263872376173,189.0,2.2069899738439664,110.0,-0.22831524228461625,234.0,2.9381720479645876,122.0,-0.22831524228461625,234.0,3.2367456362180134,134.0,-0.22831524228461625,234.0,2.2069899738439664,3.2367456362180134,-0.22831524228461625,-0.2357263872376173,3.2367456362180134,134.0,-0.22831524228461625,234.0
23,2_power_2_small_users,DEFAULT_FAIR_PARTITIONER,1.0,140.90633336702982,0.0,0.0,0.0,0.6919146079999999,0.000472236,0.000472236,42.7620398449725,84.94983332686954,36.143455771361886,55.177679008907745,106.53299998442333,18.99690797200022,37.738708719177936,42.7620398449725,84.94983332686954,18.99690797200022,37.738708719177936,140.35599986712137,62.35273206002725,41.30764165421327,49.30479045834308,110.98508332173029,18.350795937011668,45.62365832030773,27.233784977778598,61.30324998497963,20.268173398626267,39.42547221978506,25.323559897891784,57.00333333015442,17.514647809766792,36.71713890631994,25.449577974386962,57.28700002034505,16.311478856650346,,0.0,,0.0,3.0070708315946364,75.66666666666666,-0.250722557720528,108.33333333333334,3.0070708315946364,75.66666666666666,-0.250722557720528,108.33333333333334,2.844604040843672,87.33333333333333,-0.2581163733388996,176.66666666666666,2.0218820649072886,127.33333333333331,-0.250722557720528,216.66666666666669,2.7134039748358285,139.33333333333331,-0.250722557720528,216.66666666666669,3.0070708315946364,151.33333333333331,-0.250722557720528,216.66666666666669,2.0218820649072886,3.0070708315946364,-0.250722557720528,-0.2581163733388996,3.0070708315946364,151.33333333333331,-0.250722557720528,216.66666666666669
36,2_power_2_small_users,TRUE_FIFO,0.0,144.94000005722046,0.0,0.0,0.0,0.695489712,0.000362496,0.000362496,29.558467380378556,47.46972220473819,25.785836722575077,42.858555537682996,49.10590002536774,13.131260497724814,21.088281743553168,29.558467380378556,47.46972220473819,13.131260497724814,21.088281743553168,51.61500000953674,22.92980897802609,21.479674991965293,15.221068378238346,34.26262491941452,9.542281204782448,37.17318747639656,22.015881837605896,49.55775001645088,16.51407706636897,32.633749981721245,18.278542861362286,41.144999980926514,14.497445571622052,29.57700006167094,17.783651771358993,40.0310001373291,13.139493585815613,,0.0,,0.0,3.7711678930743107,40.0,-0.3956484853329486,144.0,3.7711678930743107,40.0,-0.3956484853329486,144.0,3.7711678930743107,40.0,-0.442494662234732,224.0,2.715515708987499,56.0,-0.3956484853329486,288.0,3.60771888079693,68.0,-0.3956484853329486,288.0,3.7711678930743107,80.0,-0.3956484853329486,288.0,2.715515708987499,3.7711678930743107,-0.3956484853329486,-0.442494662234732,3.7711678930743107,80.0,-0.3956484853329486,288.0
37,2_power_2_small_users,TRUE_FIFO,1.0,145.80499982833862,0.0,0.0,0.0,0.64814396,0.000362496,0.000362496,29.875108691661254,47.991500006781685,26.064006797310448,43.28588888380263,49.68920001983643,13.271927450760218,21.320079967472978,29.875108691661254,47.991500006781685,13.271927450760218,21.320079967472978,52.68100023269653,23.403376380584863,21.818812498450278,15.433696138758172,34.74125000834465,9.692942025077866,37.3802874982357,22.278320744322542,50.14849999547005,16.606080630046954,33.70483332872391,18.399378078770816,41.41700005531311,14.97327113670542,29.719499965508778,17.769435838506993,39.99900007247925,13.202798740785772,,0.0,,0.0,3.6998799359935735,42.0,-0.3975802355409576,142.0,3.6998799359935735,42.0,-0.3975802355409576,142.0,3.6998799359935735,42.0,-0.4409854825511847,222.0,2.6234252314713613,60.0,-0.39758023554095756,284.0,3.528145668953169,72.0,-0.39758023554095756,284.0,3.6998799359935735,84.0,-0.39758023554095756,284.0,2.6234252314713613,3.6998799359935735,-0.39758023554095756,-0.4409854825511847,3.6998799359935735,84.0,-0.39758023554095756,284.0
38,2_power_2_small_users,TRUE_FIFO,2.0,145.75699996948242,0.0,0.0,0.0,0.694608176,0.000362496,0.000362496,29.925423916267313,48.118388917711044,26.105789118072614,43.35818518532647,49.805600023269655,13.294279838412843,21.376449985655725,29.925423916267313,48.118388917711044,13.294279838412843,21.376449985655725,52.5550000667572,23.347401184698885,21.943025010824204,15.423256322999679,34.71774998307228,9.74812306122799,37.60153750479221,22.313416282212344,50.227500051259995,16.70437028200454,33.54158329963684,18.564193739143278,41.78800010681152,14.900747800816012,28.351166645685833,17.953798221196664,40.413999795913696,12.594920766630755,,0.0,,0.0,3.1375814399100244,48.0,-0.41220210832302323,136.0,3.1375814399100244,48.0,-0.41220210832302323,136.0,3.1375814399100244,48.0,-0.4501158688590604,216.0,2.1235728771774256,72.0,-0.41220210832302323,272.0,2.9645766854764584,84.0,-0.41220210832302323,272.0,3.1375814399100244,96.0,-0.41220210832302323,272.0,2.1235728771774256,3.1375814399100244,-0.41220210832302323,-0.4501158688590604,3.1375814399100244,96.0,-0.41220210832302323,272.0
39,2_power_2_small_users,TRUE_FIFO,1.0,145.50066661834717,0.0,0.0,0.0,0.6794139493333333,0.000362496,0.000362496,29.786333329435706,47.859870376410306,25.985210879319382,43.16754320227069,49.533566689491266,13.232489262299293,21.26160389889396,29.786333329435706,47.859870376410306,13.232489262299293,21.26160389889396,52.2836667696635,23.22686218110328,21.747170833746594,15.359340279998733,34.57387497027715,9.661115430362768,37.38500415980816,22.20253962138026,49.977916687726974,16.60817599280682,33.29338887002733,18.414038226425458,41.450000047683716,14.790488169714495,29.215888890955185,17.835628610354217,40.14800000190735,12.97907103107738,,0.0,,0.0,3.5362097563259693,43.333333333333336,-0.4018102763989765,140.66666666666669,3.5362097563259693,43.333333333333336,-0.4018102763989765,140.66666666666669,3.5362097563259693,43.333333333333336,-0.44453200454832575,220.66666666666669,2.487504605878762,62.66666666666667,-0.40181027639897643,281.33333333333337,3.366813745075519,74.66666666666667,-0.40181027639897643,281.33333333333337,3.5362097563259693,86.66666666666667,-0.40181027639897643,281.33333333333337,2.487504605878762,3.5362097563259693,-0.40181027639897643,-0.44453200454832575,3.5362097563259693,86.66666666666667,-0.40181027639897643,281.33333333333337
16,2_power_2_small_users,TRUE_FIFO_PARTITIONER,0.0,146.02699995040894,0.0,0.0,0.0,0.592828704,0.000472236,0.000472236,29.88828805607298,48.12050002151065,26.039244906431964,43.47737039460076,49.77870004177093,13.277782343879597,21.377387837188206,29.88828805607298,48.12050002151065,13.277782343879597,21.377387837188206,52.25999999046326,23.216348285412373,22.024874997138976,15.527154593296125,34.95162498950958,9.784484672207451,37.19157502949238,22.317136845976336,50.23587504029274,16.522245681693636,34.19833334287008,18.427809944474816,41.48100018501282,15.19250703814752,29.312416672706604,18.010217737802023,40.54100012779236,13.021953208665748,,0.0,,0.0,3.3285968440981675,47.0,-0.4146794505491273,137.0,3.3285968440981675,47.0,-0.4146794505491273,137.0,3.3285968440981675,47.0,-0.4494429500037554,217.0,2.2754059102503943,70.0,-0.4146794505491273,274.0,3.1682187368867014,82.0,-0.4146794505491273,274.0,3.3285968440981666,94.0,-0.4146794505491273,274.0,2.2754059102503943,3.3285968440981675,-0.4146794505491273,-0.4494429500037554,3.3285968440981666,94.0,-0.4146794505491273,274.0
17,2_power_2_small_users,TRUE_FIFO_PARTITIONER,1.0,145.81900000572205,0.0,0.0,0.0,0.623673392,0.000472236,0.000472236,29.862385878096458,47.987777802679275,26.03485714983778,43.37925926844279,49.6315000295639,13.26627537898554,21.318426389462136,29.862385878096458,47.987777802679275,13.26627537898554,21.318426389462136,52.217000007629395,23.19724567198107,21.85271252095699,15.442692137251742,34.761500000953674,9.708002008421584,37.50197500884533,22.253387387939576,50.092375010252,16.66013994173493,33.37249996264776,18.394935507077417,41.406999826431274,14.825633035383275,28.819499969482422,17.944469074840704,40.39299988746643,12.802976441351584,,0.0,,0.0,3.1697381681952024,48.0,-0.41405771902052263,136.0,3.1697381681952024,48.0,-0.41405771902052263,136.0,3.1697381681952024,48.0,-0.44908705261954146,216.0,2.1567974190714603,72.0,-0.41405771902052263,272.0,3.0126069219184353,84.0,-0.41405771902052263,272.0,3.1697381681952024,96.0,-0.41405771902052263,272.0,2.1567974190714603,3.1697381681952024,-0.41405771902052263,-0.44908705261954146,3.1697381681952024,96.0,-0.41405771902052263,272.0
18,2_power_2_small_users,TRUE_FIFO_PARTITIONER,2.0,145.42899990081787,0.0,0.0,0.0,0.638085376,0.000472236,0.000472236,29.670385854399722,47.78477777375115,25.86520406340255,43.045222211767125,49.49450001716614,13.180979944202452,21.228244235340355,29.670385854399722,47.78477777375115,13.180979944202452,21.228244235340355,52.212000131607056,23.19502449205111,21.600299975275995,15.30808528123141,34.45849996805191,9.595868491904039,37.17202498912811,22.163705024015947,49.890500009059906,16.513560634885874,33.963499983151756,18.580186531205854,41.823999881744385,15.088183022279763,29.166916688283283,17.84895600768419,40.17799997329712,12.957315276891729,,0.0,,0.0,3.3007140519713523,47.0,-0.4200440905707605,137.0,3.3007140519713523,47.0,-0.4200440905707605,137.0,3.3007140519713523,47.0,-0.4557030658578476,217.0,2.2576683790428027,70.0,-0.4200440905707604,274.0,3.14393207735005,82.0,-0.4200440905707604,274.0,3.3007140519713523,94.0,-0.4200440905707604,274.0,2.2576683790428027,3.3007140519713523,-0.4200440905707604,-0.4557030658578476,3.3007140519713523,94.0,-0.4200440905707604,274.0
19,2_power_2_small_users,TRUE_FIFO_PARTITIONER,1.0,145.75833328564963,0.0,0.0,0.0,0.6181958240000001,0.000472236,0.000472236,29.80701992952305,47.964351865980355,25.979768706557437,43.30061729160356,49.63490002950032,13.241679222355863,21.30801948733023,29.80701992952305,47.964351865980355,13.241679222355863,21.30801948733023,52.2296667098999,23.20287281648152,21.825962497790655,15.42597733725976,34.72387498617172,9.696118390844358,37.28852500915527,22.244743085977287,50.07291668653488,16.565315419438146,33.84477776288986,18.467643994252697,41.57066663106282,15.035441031936852,29.09961111015744,17.934547606775638,40.370666662851974,12.927414975636353,,0.0,,0.0,3.2663496880882406,47.33333333333333,-0.4162604200468034,136.66666666666666,3.2663496880882406,47.33333333333333,-0.4162604200468034,136.66666666666666,3.2663496880882406,47.33333333333333,-0.45141102282704815,216.66666666666663,2.2299572361215527,70.66666666666666,-0.4162604200468034,273.3333333333333,3.108252578718395,82.66666666666666,-0.4162604200468034,273.3333333333333,3.2663496880882406,94.66666666666666,-0.4162604200468034,273.3333333333333,2.2299572361215527,3.2663496880882406,-0.4162604200468034,-0.45141102282704815,3.2663496880882406,94.66666666666666,-0.4162604200468034,273.3333333333333
