,Config,Scheduler,Iteration,total time,cpu time,write to cpu ratio,task scheduler delay,peak JVM,total shuffle read,total shuffle write,average response time,average response time (worst10%),average response time (worst85),average response time (worst95),average response time (worst100),average proportional slowdown,average proportional slowdown (worst10%),loop1000_ average response time,loop1000_ average response time (worst 10%),loop1000_ average proportional slowdown,loop1000_ average proportional slowdown (worst 10%),loop1000_ average response time (worst 1%),loop1000_ average proportional slowdown (worst 1%),user1_big_ average response time,user1_big_ average proportional slowdown (worst 10%),user1_big_ average response time (worst 10%),user1_big_ average proportional slowdown,user2_big_ average response time,user2_big_ average proportional slowdown (worst 10%),user2_big_ average response time (worst 10%),user2_big_ average proportional slowdown,user3_big_ average response time,user3_big_ average proportional slowdown (worst 10%),user3_big_ average response time (worst 10%),user3_big_ average proportional slowdown,user4_big_ average response time,user4_big_ average proportional slowdown (worst 10%),user4_big_ average response time (worst 10%),user4_big_ average proportional slowdown,loop20_ DVR,loop20_ violation count,loop20_ DSR,loop20_ slack count,loop100_ DVR,loop100_ violation count,loop100_ DSR,loop100_ slack count,loop1000_ DVR,loop1000_ violation count,loop1000_ DSR,loop1000_ slack count,user1_big_ DVR,user1_big_ violation count,user1_big_ DSR,user1_big_ slack count,user2_big_ DVR,user2_big_ violation count,user2_big_ DSR,user2_big_ slack count,user3_big_ DVR,user3_big_ violation count,user3_big_ DSR,user3_big_ slack count,user4_big_ DVR,user4_big_ violation count,user4_big_ DSR,user4_big_ slack count,best user DVR,worst user DVR ,best user DSR,worst user DSR,Total DVR,Total violations,Total DSR,Total gains
4,4_large_users,CUSTOM_CLUSTERFAIR,0.0,61.90999984741211,0.0,0.0,0.0,0.568690784,4.5312e-05,4.5312e-05,14.210499987006187,21.516000032424927,13.070666631062826,16.33466672897339,21.516000032424927,1.3078551366256672,1.9802126024964268,14.210499987006187,21.516000032424927,1.3078551366256672,1.9802126024964268,21.516000032424927,1.9802126024964268,13.091749906539917,1.276425379231359,13.86899995803833,1.2048916208678768,13.837500035762787,1.419078727196596,15.418999910354614,1.2735263021271719,14.55299997329712,1.7267498121506915,18.76200008392334,1.3393769245131029,15.359750032424927,1.9802126024964268,21.516000032424927,1.413625698994517,,0.0,,0.0,,0.0,,0.0,0.23591163908362947,13.0,-0.07164527924666754,3.0,0.21235519598482183,17.0,-0.07164527924666754,3.0,0.20283330322856757,18.0,-0.07164527924666754,6.0,0.2036920305639294,22.0,-0.07164527924666754,6.0,0.23591163908362947,26.0,-0.07164527924666754,6.0,0.20283330322856757,0.23591163908362947,-0.07164527924666754,-0.07164527924666754,0.23591163908362947,26.0,-0.07164527924666754,6.0
5,4_large_users,CUSTOM_CLUSTERFAIR,1.0,61.36800003051758,0.0,0.0,0.0,0.62523076,4.5312e-05,4.5312e-05,14.011562556028366,20.671000003814697,12.997583389282227,15.84766674041748,20.671000003814697,1.2895460453755798,1.9024435142252722,14.011562556028366,20.671000003814697,1.2895460453755798,1.9024435142252722,20.671000003814697,1.9024435142252722,12.65450006723404,1.1996686839842334,13.035000085830688,1.1646495851303704,13.686000108718872,1.3911923220722537,15.116000175476074,1.2595830940793218,14.476500034332275,1.678707837608646,18.240000009536743,1.3323362969336225,15.229250013828278,1.9024435142252722,20.671000003814697,1.4016152053590056,,0.0,,0.0,,0.0,,0.0,0.2258430116041649,11.0,-0.07015698747002641,5.0,0.19090307460874295,14.0,-0.059368884490676614,6.0,0.19090307460874295,14.0,-0.07015698747002641,10.0,0.19334364777076973,18.0,-0.07015698747002641,10.0,0.22584301160416495,22.0,-0.07015698747002641,10.0,0.19090307460874295,0.22584301160416495,-0.059368884490676614,-0.07015698747002641,0.22584301160416495,22.0,-0.07015698747002641,10.0
6,4_large_users,CUSTOM_CLUSTERFAIR,2.0,61.49400019645691,0.0,0.0,0.0,0.63151856,4.5312e-05,4.5312e-05,14.174437507987022,21.473999977111816,13.106833338737488,16.011666695276897,21.473999977111816,1.304536147253879,1.9763471517290336,14.174437507987022,21.473999977111816,1.304536147253879,1.9763471517290336,21.473999977111816,1.9763471517290336,13.684000015258789,1.4419953046646599,15.667999982833862,1.2593990166360305,13.218000054359436,1.2963048215127673,14.085000038146973,1.2165109801076281,14.530999958515167,1.6400533957628618,17.820000171661377,1.3373521658934395,15.264750003814697,1.9763471517290336,21.473999977111816,1.4048824263784174,,0.0,,0.0,,0.0,,0.0,0.2699349536699792,12.0,-0.18826691960633468,4.0,0.2689425747297237,16.0,-0.18826691960633468,4.0,0.2689425747297237,16.0,-0.18826691960633468,8.0,0.2544070699694664,20.0,-0.18826691960633468,8.0,0.26993495366997916,24.0,-0.18826691960633468,8.0,0.2544070699694664,0.26993495366997916,-0.18826691960633468,-0.18826691960633468,0.26993495366997916,24.0,-0.18826691960633468,8.0
7,4_large_users,CUSTOM_CLUSTERFAIR,1.0,61.590666691462204,0.0,0.0,0.0,0.6084800346666666,4.5312e-05,4.5312e-05,14.132166683673859,21.220333337783813,13.05836111969418,16.06466672155592,21.220333337783813,1.3006457764183752,1.9530010894835774,14.132166683673859,21.220333337783813,1.3006457764183752,1.9530010894835774,21.220333337783813,1.9530010894835774,13.143416663010917,1.3060297892934174,14.190666675567627,1.2096467408780927,13.580500066280365,1.3688586235938724,14.873333374659218,1.249873458771374,14.520166655381523,1.6818370151740665,18.274000088373818,1.3363551291133884,15.284583350022633,1.9530010894835774,21.220333337783813,1.4067077769106466,,0.0,,0.0,,0.0,,0.0,0.2438965347859245,12.0,-0.1100230621076762,4.0,0.22406694844109615,15.666666666666668,-0.10642702778122629,4.333333333333333,0.2208929841890114,16.0,-0.1100230621076762,8.0,0.21714758276805518,20.0,-0.1100230621076762,8.0,0.24389653478592455,24.0,-0.1100230621076762,8.0,0.2160478159355923,0.24389653478592455,-0.10642702778122629,-0.1100230621076762,0.24389653478592455,24.0,-0.1100230621076762,8.0
20,4_large_users,CUSTOM_CLUSTERFAIR_PARTITIONER,0.0,56.460999965667725,0.0,0.0,0.0,0.620349704,0.000243788,0.000243788,12.889750018715858,15.230999946594238,12.406166712443033,14.04366660118103,15.230999946594238,1.1863006781754966,1.4017762594076884,12.889750018715858,15.230999946594238,1.1863006781754966,1.4017762594076884,15.230999946594238,1.4017762594076884,11.696749985218048,1.2876535766469555,13.990999937057495,1.0765036109905708,12.508000016212463,1.3008144884748907,14.133999824523926,1.151166537776675,13.357250094413757,1.2864571500650666,13.978000164031982,1.2293267769006264,13.996999979019165,1.4017762594076884,15.230999946594238,1.288205787034114,,0.0,,0.0,,0.0,,0.0,0.018000854874056973,2.0,-0.3112885116323357,14.0,0.018000854874056973,2.0,-0.3671599556257684,18.0,0.018000854874056973,2.0,-0.35648434437144655,22.0,0.018000854874056973,2.0,-0.33082159200941236,26.0,0.018000854874056973,4.0,-0.31128851163233573,28.0,0.018000854874056973,0.018000854874056973,-0.31128851163233573,-0.3671599556257684,0.018000854874056973,4.0,-0.31128851163233573,28.0
21,4_large_users,CUSTOM_CLUSTERFAIR_PARTITIONER,1.0,56.30400013923645,0.0,0.0,0.0,0.596713376,0.000243788,0.000243788,12.88475002348423,15.270999908447266,12.406583348910013,14.002000093460083,15.270999908447266,1.185840506509984,1.40545763273179,12.88475002348423,15.270999908447266,1.185840506509984,1.40545763273179,15.270999908447266,1.40545763273179,11.710500061511993,1.2897703904453013,14.014000177383423,1.0777690912992492,12.519500017166138,1.2922553152447984,14.041000127792358,1.15222493370449,13.345750033855438,1.2819474611602273,13.92900013923645,1.2282683754871324,13.96324998140335,1.40545763273179,15.270999908447266,1.2850996255490634,,0.0,,0.0,,0.0,,0.0,0.011890647635127696,2.0,-0.3125477789831571,14.0,0.011890647635127696,2.0,-0.36738660344275836,18.0,0.011890647635127696,2.0,-0.35688378975003693,22.0,0.011890647635127696,2.0,-0.3314766519925547,26.0,0.011890647635127696,4.0,-0.31254777898315717,28.0,0.011890647635127696,0.011890647635127696,-0.31254777898315717,-0.36738660344275836,0.011890647635127696,4.0,-0.31254777898315717,28.0
22,4_large_users,CUSTOM_CLUSTERFAIR_PARTITIONER,2.0,56.562999963760376,0.0,0.0,0.0,0.572896176,0.000243788,0.000243788,12.922062516212463,15.341000080108643,12.440416673819223,14.042333364486694,15.341000080108643,1.1892745401695701,1.4119000579916838,12.922062516212463,15.341000080108643,1.1892745401695701,1.4119000579916838,15.341000080108643,1.4119000579916838,11.727500081062317,1.3032994352171037,14.16100001335144,1.0793336782533998,12.54925000667572,1.2882978147844015,13.997999906539917,1.1549629567599944,13.383999943733215,1.283143887742116,13.941999912261963,1.2317886837911936,14.027500033378601,1.4119000579916838,15.341000080108643,1.291012841873692,,0.0,,0.0,,0.0,,0.0,0.02539736046354101,2.0,-0.30897696810268677,14.0,0.02539736046354101,2.0,-0.3643320678400972,18.0,0.02539736046354101,2.0,-0.35384931368619166,22.0,0.02539736046354101,2.0,-0.3279343857899786,26.0,0.02539736046354101,4.0,-0.30897696810268677,28.0,0.02539736046354101,0.02539736046354101,-0.30897696810268677,-0.3643320678400972,0.02539736046354101,4.0,-0.30897696810268677,28.0
23,4_large_users,CUSTOM_CLUSTERFAIR_PARTITIONER,1.0,56.442666689554855,0.0,0.0,0.0,0.5966530853333333,0.000243788,0.000243788,12.898854186137516,15.280999978383381,12.417722245057423,14.029333353042603,15.280999978383381,1.1871385749516836,1.406377983377054,12.898854186137516,15.280999978383381,1.1871385749516836,1.406377983377054,15.280999978383381,1.406377983377054,11.711583375930786,1.2935744674364535,14.055333375930786,1.0778687935144067,12.525583346684776,1.29378920616803,14.057666619618733,1.1527848094137199,13.362333357334137,1.2838494996558032,13.949666738510132,1.2297946120596508,13.995916664600372,1.406377983377054,15.280999978383381,1.2881060848189565,,0.0,,0.0,,0.0,,0.0,0.018429620990908557,2.0,-0.31093775290605985,14.0,0.018429620990908557,2.0,-0.366292875636208,18.0,0.018429620990908557,2.0,-0.35573914926922506,22.0,0.018429620990908557,2.0,-0.33007754326398187,26.0,0.018429620990908557,4.0,-0.31093775290605985,28.0,0.018429620990908557,0.018429620990908557,-0.31093775290605985,-0.366292875636208,0.018429620990908557,4.0,-0.31093775290605985,28.0
8,4_large_users,CUSTOM_FAIR,0.0,56.86199998855591,0.0,0.0,0.0,0.602036768,4.5312e-05,4.5312e-05,13.518937483429909,15.134000062942505,13.142249981562296,14.487333297729492,15.134000062942505,1.244207582111261,1.3928489312910133,13.518937483429909,15.134000062942505,1.244207582111261,1.3928489312910133,15.134000062942505,1.3928489312910133,12.376249969005585,1.1831024820830598,12.855000019073486,1.1390409984819458,13.706499993801117,1.333946892277238,14.49399995803833,1.2614697891308377,13.886749982833862,1.3373521604077605,14.530999898910522,1.278058992483904,14.106249988079071,1.3928489312910133,15.134000062942505,1.2982605483483567,,0.0,,0.0,,0.0,,0.0,,0.0,,0.0,,0.0,0.0,4.0,,0.0,0.0,8.0,,0.0,0.0,12.0,,0.0,0.0,16.0,,,0.0,0.0,,0.0,0.0,16.0
9,4_large_users,CUSTOM_FAIR,1.0,57.56100010871887,0.0,0.0,0.0,0.590097496,4.5312e-05,4.5312e-05,13.550625041127205,15.07800006866455,13.144083360830942,14.667666753133139,15.07800006866455,1.2471239281328246,1.3876950042487275,13.550625041127205,15.07800006866455,1.2471239281328246,1.3876950042487275,15.07800006866455,1.3876950042487275,12.580750048160553,1.2388753362171758,13.460999965667725,1.1578620448355392,13.527750074863434,1.3434264527237874,14.597000122070312,1.2450186438602395,13.81800001859665,1.3541024397522254,14.713000059127808,1.2717316293402647,14.276000022888184,1.3876950042487275,15.07800006866455,1.313883394495254,,0.0,,0.0,,0.0,,0.0,,0.0,,0.0,0.03242031787385662,3.0,-0.011869420981652539,1.0,0.029858098761977675,5.0,-0.03893159909745441,3.0,0.026969241931444437,6.0,-0.027982107099503984,6.0,0.029670777979520415,9.0,-0.02808139693121032,7.0,0.026969241931444437,0.03242031787385662,-0.011869420981652539,-0.03893159909745441,0.029670777979520415,9.0,-0.02808139693121032,7.0
10,4_large_users,CUSTOM_FAIR,2.0,58.06699991226196,0.0,0.0,0.0,0.601830184,4.5312e-05,4.5312e-05,13.645000010728836,15.194999933242798,13.235749999682108,14.765333414077759,15.194999933242798,1.255809673805056,1.3984630190274536,13.645000010728836,15.194999933242798,1.255809673805056,1.3984630190274536,15.194999933242798,1.3984630190274536,12.814750075340271,1.278082010392834,13.88700008392334,1.179398101821386,13.43624997138977,1.313515261551387,14.272000074386597,1.236597484827184,13.926750004291534,1.362569607174746,14.805000066757202,1.281740371293685,14.402249991893768,1.3984630190274536,15.194999933242798,1.3255027372779686,,0.0,,0.0,,0.0,,0.0,,0.0,,0.0,0.06616418948315142,3.0,-0.026748478883459024,1.0,0.0524383007454835,4.0,-0.06674824695653814,4.0,0.03826608606013157,8.0,-0.06674824695653814,4.0,0.04828424039000001,12.0,-0.06674824695653814,4.0,0.03826608606013157,0.06616418948315142,-0.026748478883459024,-0.06674824695653814,0.04828424039000001,12.0,-0.06674824695653814,4.0
11,4_large_users,CUSTOM_FAIR,1.0,57.49666666984558,0.0,0.0,0.0,0.5979881493333333,4.5312e-05,4.5312e-05,13.571520845095314,15.135666688283287,13.17402778069178,14.64011115498013,15.135666688283287,1.2490470613497138,1.393002318189065,13.571520845095314,15.135666688283287,1.2490470613497138,1.393002318189065,15.135666688283287,1.393002318189065,12.590583364168804,1.2333532762310233,13.401000022888184,1.1587670483796235,13.556833346684774,1.3302962021841376,14.454333384831745,1.2476953059394205,13.877166668574016,1.3513414024449106,14.683000008265175,1.2771769977059513,14.261500000953674,1.393002318189065,15.135666688283287,1.3125488933738598,,0.0,,0.0,,0.0,,0.0,,0.0,,0.0,,2.0,-0.01287263328837052,1.9999999999999998,,3.0,-0.03522661535133085,5.0,,4.666666666666666,-0.03157678468534737,7.333333333333333,,7.0,-0.03160988129591615,9.0,,,-0.01287263328837052,-0.03522661535133085,,7.0,-0.03160988129591615,9.0
40,4_large_users,CUSTOM_FAIR_PARTITIONER,0.0,56.16599988937378,0.0,0.0,0.0,0.605006944,0.000243788,0.000243788,13.610750004649162,15.115000009536743,13.243000010649363,14.580333312352499,15.115000009536743,1.2526574943306026,1.39110027237925,13.610750004649162,15.115000009536743,1.2526574943306026,1.39110027237925,15.115000009536743,1.39110027237925,13.261000037193298,1.250563716269643,13.588000059127808,1.2204684586253094,13.415000021457672,1.2826837270479612,13.937000036239624,1.2346417579915947,13.832749962806702,1.3334867096403673,14.488999843597412,1.2730891319135522,13.934249997138977,1.39110027237925,15.115000009536743,1.2824306287919538,,0.0,,0.0,,0.0,,0.0,,0.0,0.0,16.0,,0.0,0.0,20.0,,0.0,0.0,24.0,,0.0,0.0,28.0,,0.0,0.0,32.0,,,0.0,0.0,,0.0,0.0,32.0
41,4_large_users,CUSTOM_FAIR_PARTITIONER,1.0,56.371999979019165,0.0,0.0,0.0,0.649234104,0.000243788,0.000243788,13.512250021100044,15.308000087738037,12.97941666841507,15.045000076293945,15.308000087738037,1.2435921053886194,1.4088629228050285,13.512250021100044,15.308000087738037,1.2435921053886194,1.4088629228050285,15.308000087738037,1.4088629228050285,12.439999997615814,1.298513641118685,14.108999967575073,1.1449081954457514,13.980500042438507,1.392572826097434,15.13100004196167,1.2866872249264651,13.645500004291534,1.3703004867668163,14.888999938964844,1.2558556904230394,13.983000040054321,1.4088629228050285,15.308000087738037,1.2869173107592216,,0.0,,0.0,,0.0,,0.0,0.11720412977833591,8.0,-0.1331191499010509,8.0,0.11720412977833591,8.0,-0.16823853735412628,12.0,0.147740775850334,12.0,-0.16823853735412628,12.0,0.13097583878169347,14.0,-0.14928331172181308,14.0,0.11720412977833591,16.0,-0.1331191499010509,16.0,0.11720412977833591,0.147740775850334,-0.1331191499010509,-0.16823853735412628,0.11720412977833591,16.0,-0.1331191499010509,16.0
42,4_large_users,CUSTOM_FAIR_PARTITIONER,2.0,56.2720000743866,0.0,0.0,0.0,0.616931096,0.000243788,0.000243788,13.628374978899956,15.243000030517578,13.210333307584127,14.762333313624064,15.243000030517578,1.254279598628683,1.402880680182005,13.628374978899956,15.243000030517578,1.254279598628683,1.402880680182005,15.243000030517578,1.402880680182005,13.069249987602234,1.2737563769885702,13.839999914169312,1.2028208538587486,13.674499988555908,1.3455432445794173,14.620000123977661,1.2585246871801488,13.813250005245209,1.3818047893759922,15.013999938964844,1.271294464612324,13.956499934196472,1.402880680182005,15.243000030517578,1.2844783888635103,,0.0,,0.0,,0.0,,0.0,0.0506180440621258,10.0,-0.07481245875569549,6.0,0.0506180440621258,10.0,-0.08828042211807229,10.0,0.06571852845433661,14.0,-0.08828042211807229,10.0,0.061708406804327626,16.0,-0.07481245875569549,12.0,0.05061804406212581,20.0,-0.07481245875569549,12.0,0.0506180440621258,0.06571852845433661,-0.07481245875569549,-0.08828042211807229,0.05061804406212581,20.0,-0.07481245875569549,12.0
43,4_large_users,CUSTOM_FAIR_PARTITIONER,1.0,56.269999980926514,0.0,0.0,0.0,0.623724048,0.000243788,0.000243788,13.583791668216389,15.222000042597454,13.14424999554952,14.795888900756836,15.222000042597454,1.2501763994493016,1.4009479584554279,13.583791668216389,15.222000042597454,1.2501763994493016,1.4009479584554279,15.222000042597454,1.4009479584554279,12.923416674137115,1.2742779114589662,13.845666646957397,1.1893991693099364,13.690000017484032,1.340266599241604,14.56266673405965,1.2599512233660695,13.763833324114483,1.3618639952610585,14.797333240509033,1.266746428982972,13.957916657129925,1.4009479584554279,15.222000042597454,1.2846087761382285,,0.0,,0.0,,0.0,,0.0,,6.0,-0.06931053621891546,10.0,,6.0,-0.08550631982406619,14.000000000000002,,8.666666666666668,-0.08550631982406619,15.333333333333334,,10.0,-0.07469859015916952,18.0,,12.0,-0.06931053621891546,20.0,,,-0.06931053621891546,-0.08550631982406619,,12.0,-0.06931053621891546,20.0
24,4_large_users,CUSTOM_RANDOM,0.0,62.598999977111816,0.0,0.0,0.0,0.557330216,4.5312e-05,4.5312e-05,14.4159374833107,22.585999965667725,13.29658329486847,16.170000076293945,22.585999965667725,1.3267624576237353,2.0786894266870113,14.4159374833107,22.585999965667725,1.3267624576237353,2.0786894266870113,22.585999965667725,2.0786894266870113,13.54799997806549,1.3057843600166008,14.187999963760376,1.2468823319741835,14.673999965190887,1.4682251225129583,15.95300006866455,1.3505130886927326,13.902500033378601,1.5668860241468345,17.02500009536743,1.279508539264516,15.539249956607819,2.0786894266870113,22.585999965667725,1.4301458705635097,,0.0,,0.0,,0.0,,0.0,0.26050819498982164,14.0,-0.12195772530744045,2.0,0.2477489927359131,18.0,-0.12195772530744045,2.0,0.2428197770128773,22.0,-0.12195772530744045,2.0,0.22512061239356174,24.0,-0.12195772530744045,4.0,0.26050819498982164,28.0,-0.12195772530744045,4.0,0.22512061239356174,0.26050819498982164,-0.12195772530744045,-0.12195772530744045,0.26050819498982164,28.0,-0.12195772530744045,4.0
25,4_large_users,CUSTOM_RANDOM,1.0,62.47199988365173,0.0,0.0,0.0,0.586926576,4.5312e-05,4.5312e-05,14.418687522411346,22.919999837875366,13.23325002193451,16.326666752497356,22.919999837875366,1.3270155558797427,2.1094289114974334,14.418687522411346,22.919999837875366,1.3270155558797427,2.1094289114974334,22.919999837875366,2.1094289114974334,13.637499988079071,1.3018268814989198,14.144999980926514,1.2551194135639474,14.44050008058548,1.5150706485303993,16.462000131607056,1.3290230620390666,14.08525002002716,1.5439694466787706,16.776000022888184,1.296327828450339,15.511500000953674,2.1094289114974334,22.919999837875366,1.427591919465618,,0.0,,0.0,,0.0,,0.0,0.2530310744805007,15.0,-0.0883628056447531,1.0,0.24760033448655241,19.0,-0.0883628056447531,1.0,0.2397919139448202,23.0,-0.0883628056447531,1.0,0.22040988258906263,26.0,-0.0883628056447531,2.0,0.2530310744805007,30.0,-0.0883628056447531,2.0,0.22040988258906263,0.2530310744805007,-0.0883628056447531,-0.0883628056447531,0.2530310744805007,30.0,-0.0883628056447531,2.0
26,4_large_users,CUSTOM_RANDOM,2.0,62.657999992370605,0.0,0.0,0.0,0.545692848,4.5312e-05,4.5312e-05,14.384750038385391,22.598000049591064,13.28175002336502,16.059000094731648,22.598000049591064,1.3238921391915135,2.0797938474613282,14.384750038385391,22.598000049591064,1.3238921391915135,2.0797938474613282,22.598000049591064,2.0797938474613282,13.650500118732452,1.2929915811325325,14.049000024795532,1.25631587305991,14.372250020503998,1.4552482661855988,15.812000036239624,1.3227417072848924,13.963750004768372,1.5532649296820287,16.877000093460083,1.2851456449098864,15.552500009536743,2.0797938474613282,22.598000049591064,1.4313653315113655,,0.0,,0.0,,0.0,,0.0,0.25176324355228213,15.0,-0.10240175668766088,1.0,0.24779727224757428,19.0,-0.10240175668766088,1.0,0.23645218210872573,23.0,-0.10240175668766088,1.0,0.21633311313610679,26.0,-0.10240175668766088,2.0,0.25176324355228213,30.0,-0.10240175668766088,2.0,0.21633311313610679,0.25176324355228213,-0.10240175668766088,-0.10240175668766088,0.25176324355228213,30.0,-0.10240175668766088,2.0
27,4_large_users,CUSTOM_RANDOM,1.0,62.57633328437805,0.0,0.0,0.0,0.5633165466666666,4.5312e-05,4.5312e-05,14.406458348035812,22.70133328437805,13.270527780056,16.185222307840984,22.70133328437805,1.3258900508983305,2.0893040618819243,14.406458348035812,22.70133328437805,1.3258900508983305,2.0893040618819243,22.70133328437805,2.0893040618819243,13.61200002829234,1.3002009408826845,14.127333323160808,1.2527725395326803,14.495583355426788,1.4795146790763187,16.075666745503742,1.3340926193388973,13.98383335272471,1.5547068001692113,16.892666737238564,1.286994004208247,15.534416655699411,2.0893040618819243,22.70133328437805,1.4297010405134978,,0.0,,0.0,,0.0,,0.0,0.2551008376742015,14.666666666666668,-0.10424076254661815,1.3333333333333333,0.24771553315667993,18.666666666666664,-0.10424076254661815,1.3333333333333333,0.23968795768880774,22.666666666666668,-0.10424076254661815,1.3333333333333333,0.2206212027062437,25.33333333333333,-0.10424076254661815,2.6666666666666665,0.2551008376742015,29.333333333333336,-0.10424076254661815,2.6666666666666665,0.2206212027062437,0.2551008376742015,-0.10424076254661815,-0.10424076254661815,0.2551008376742015,29.333333333333336,-0.10424076254661815,2.6666666666666665
44,4_large_users,CUSTOM_RANDOM_PARTITIONER,0.0,57.71199989318848,0.0,0.0,0.0,0.569555304,0.000243788,0.000243788,10.766999989748001,43.57599997520447,6.376333296298981,17.393333435058594,43.57599997520447,0.9909346086004325,4.010491921697525,10.766999989748001,43.57599997520447,0.9909346086004325,4.010491921697525,43.57599997520447,4.010491921697525,10.35825002193451,1.512309618537323,16.432000160217285,0.9533155420306942,6.628500044345856,1.0877548208294183,11.819000005722046,0.6100501628407211,11.765999972820282,2.2022916698942936,23.92900013923645,1.082876993495033,14.315249919891357,4.010491921697525,43.57599997520447,1.317495736035282,,0.0,,0.0,,0.0,,0.0,0.7237927712833097,6.0,-0.6981622325004306,10.0,0.6276722506425286,7.0,-0.6666840126824698,13.0,0.6276722506425286,7.0,-0.7549760954216447,17.0,0.5864656187601754,8.0,-0.6981622325004305,20.0,0.7237927712833098,12.0,-0.6981622325004305,20.0,0.5864656187601754,0.7237927712833098,-0.6666840126824698,-0.7549760954216447,0.7237927712833098,12.0,-0.6981622325004305,20.0
45,4_large_users,CUSTOM_RANDOM_PARTITIONER,1.0,57.28699994087219,0.0,0.0,0.0,0.67323876,0.000243788,0.000243788,11.455374971032143,38.74600005149841,7.677499969800313,17.46999994913737,38.74600005149841,1.0542888013466607,3.5659656759006406,11.455374971032143,38.74600005149841,1.0542888013466607,3.5659656759006406,38.74600005149841,3.5659656759006406,11.467000007629395,1.768441389183131,19.21499991416931,1.0553587048575208,10.575249910354614,1.3033914629673915,14.161999940872192,0.9732870010910325,9.571499943733215,1.751691131781382,19.032999992370605,0.8809074542113309,14.207750022411346,3.5659656759006406,38.74600005149841,1.3076020452267585,,0.0,,0.0,,0.0,,0.0,0.8970091264775752,4.0,-0.6057148469127251,12.0,0.8970091264775752,4.0,-0.5930430400699198,16.0,0.8970091264775752,4.0,-0.606183575481452,20.0,0.8970091264775752,4.0,-0.605714846912725,24.0,0.8970091264775752,8.0,-0.605714846912725,24.0,0.8970091264775752,0.8970091264775752,-0.5930430400699198,-0.606183575481452,0.8970091264775752,8.0,-0.605714846912725,24.0
46,4_large_users,CUSTOM_RANDOM_PARTITIONER,2.0,56.973000049591064,0.0,0.0,0.0,0.62700792,0.000243788,0.000243788,11.670687481760979,22.198999881744385,8.754999995231628,19.823999961217243,22.198999881744385,1.0741049635783881,2.043072098085167,11.670687481760979,22.198999881744385,1.0741049635783881,2.043072098085167,22.198999881744385,2.043072098085167,9.088499963283539,1.1992085013473628,13.02999997138977,0.8364548307287781,10.57024997472763,1.5242740818406537,16.562000036239624,0.9728268349111987,12.89850002527237,2.0085591902576394,21.823999881744385,1.1871059799615635,14.125499963760376,2.043072098085167,22.198999881744385,1.3000322087120129,,0.0,,0.0,,0.0,,0.0,0.4578113619865796,7.0,-0.7253974849614224,9.0,0.4578113619865796,7.0,-0.769031946930856,13.0,0.4578113619865796,7.0,-0.7503632062554956,17.0,0.44601818495185536,10.0,-0.7253974849614223,18.0,0.4578113619865797,14.0,-0.7253974849614223,18.0,0.44601818495185536,0.4578113619865797,-0.7253974849614223,-0.769031946930856,0.4578113619865797,14.0,-0.7253974849614223,18.0
47,4_large_users,CUSTOM_RANDOM_PARTITIONER,1.0,57.32399996121724,0.0,0.0,0.0,0.6232673280000001,0.000243788,0.000243788,11.29768748084704,34.84033330281576,7.60294442044364,18.229111115137737,34.84033330281576,1.0397761245084938,3.2065098985611113,11.29768748084704,34.84033330281576,1.0397761245084938,3.2065098985611113,34.84033330281576,3.2065098985611113,10.304583330949146,1.4933198363559388,16.225666681925453,0.9483763592056643,9.257999976476034,1.3051401218791545,14.180999994277954,0.852054666280984,11.411999980608623,1.9875139973111051,21.595333337783813,1.0502968092226426,14.216166635354359,3.2065098985611113,34.84033330281576,1.3083766633246845,,0.0,,0.0,,0.0,,0.0,0.6928710865824883,5.666666666666666,-0.676424854791526,10.333333333333334,0.6608309130355612,6.0,-0.6762529998944151,14.0,0.6608309130355612,6.0,-0.703840959052864,18.0,0.6431643100632021,7.333333333333334,-0.6764248547915259,20.666666666666668,0.6928710865824883,11.333333333333332,-0.6764248547915259,20.666666666666668,0.6431643100632021,0.6928710865824883,-0.6617081792379373,-0.7100638726113175,0.6928710865824883,11.333333333333332,-0.6764248547915259,20.666666666666668
36,4_large_users,CUSTOM_USERCLUSTERFAIR,0.0,62.54900002479553,0.0,0.0,0.0,0.611598016,4.5312e-05,4.5312e-05,14.533687502145767,21.00499987602234,13.608166694641113,16.07866660753886,21.00499987602234,1.3375995124150537,1.9331829990356943,14.533687502145767,21.00499987602234,1.3375995124150537,1.9331829990356943,21.00499987602234,1.9331829990356943,13.578250050544739,1.4103354545804965,15.323999881744385,1.2496663798761896,14.150499999523163,1.418710594252729,15.414999961853027,1.302333072525255,14.883750021457672,1.610326260091037,17.496999979019165,1.3698173136494107,15.522249937057495,1.9331829990356943,21.00499987602234,1.4285812836093594,,0.0,,0.0,,0.0,,0.0,0.29951762202499715,12.0,-0.04836188138484837,4.0,0.301163976219688,14.0,-0.04577404519887309,6.0,0.27513432428184437,16.0,-0.04836188138484837,8.0,0.27505377339602316,20.0,-0.04836188138484837,8.0,0.29951762202499715,24.0,-0.04836188138484837,8.0,0.27505377339602316,0.301163976219688,-0.04577404519887309,-0.04836188138484837,0.29951762202499715,24.0,-0.04836188138484837,8.0
37,4_large_users,CUSTOM_USERCLUSTERFAIR,1.0,62.99899983406067,0.0,0.0,0.0,0.544532096,4.5312e-05,4.5312e-05,14.457562521100044,20.676000118255615,13.345166683197021,16.834333340326946,20.676000118255615,1.3305933938705117,1.902903696862143,14.457562521100044,20.676000118255615,1.3305933938705117,1.902903696862143,20.676000118255615,1.902903696862143,13.42425000667572,1.3310938345338739,14.463000059127808,1.2354930750242252,14.018999993801117,1.4768763454360543,16.04699993133545,1.290230545653777,14.75775009393692,1.7700059925943186,19.23200011253357,1.358220983289947,15.62924998998642,1.902903696862143,20.676000118255615,1.4384289715140968,,0.0,,0.0,,0.0,,0.0,0.24954568954630002,15.0,-0.08746459939971199,1.0,0.23555380204703324,19.0,-0.08746459939971199,1.0,0.2134969741054168,22.0,-0.08746459939971199,2.0,0.22211781847450254,26.0,-0.08746459939971199,2.0,0.2495456895463,30.0,-0.08746459939971199,2.0,0.2134969741054168,0.2495456895463,-0.08746459939971199,-0.08746459939971199,0.2495456895463,30.0,-0.08746459939971199,2.0
38,4_large_users,CUSTOM_USERCLUSTERFAIR,2.0,62.473000049591064,0.0,0.0,0.0,0.602626256,4.5312e-05,4.5312e-05,14.454625025391579,20.4689998626709,13.574583371480307,15.97000002861023,20.4689998626709,1.3303230431541648,1.8838525482187563,14.454625025391579,20.4689998626709,1.3303230431541648,1.8838525482187563,20.4689998626709,1.8838525482187563,13.284500002861023,1.3487644352666486,14.65499997138977,1.222631264356083,14.159000039100647,1.3499608837912531,14.667999982833862,1.30311536874517,14.868750095367432,1.7106437928863885,18.587000131607056,1.3684368041385515,15.506249964237213,1.8838525482187563,20.4689998626709,1.4271087353768546,,0.0,,0.0,,0.0,,0.0,0.25641034757928405,13.0,-0.042706625429053575,3.0,0.2309653229396942,17.0,-0.042706625429053575,3.0,0.22626880455553344,18.0,-0.042706625429053575,6.0,0.23079291817168288,22.0,-0.042706625429053575,6.0,0.25641034757928405,26.0,-0.042706625429053575,6.0,0.22626880455553344,0.25641034757928405,-0.042706625429053575,-0.042706625429053575,0.25641034757928405,26.0,-0.042706625429053575,6.0
39,4_large_users,CUSTOM_USERCLUSTERFAIR,1.0,62.67366663614909,0.0,0.0,0.0,0.5862521226666667,4.5312e-05,4.5312e-05,14.481958349545796,20.71666661898295,13.509305583106146,16.294333325492012,20.71666661898295,1.3328386498132434,1.906646414705531,14.481958349545796,20.71666661898295,1.3328386498132434,1.906646414705531,20.71666661898295,1.906646414705531,13.42900002002716,1.3633979081270062,14.813999970753988,1.2359302397521659,14.109500010808308,1.4151826078266787,15.376666625340778,1.2985596623080673,14.836750070254006,1.6969920151905815,18.438666741053265,1.365491700359303,15.552583297093708,1.906646414705531,20.71666661898295,1.4313729968334368,,0.0,,0.0,,0.0,,0.0,0.2684912197168604,13.333333333333332,-0.059511035404537976,2.6666666666666665,0.2558943670688052,16.666666666666668,-0.05864842334254622,3.3333333333333335,0.23830003431426486,18.666666666666664,-0.059511035404537976,5.333333333333333,0.2426548366807362,22.666666666666664,-0.059511035404537976,5.333333333333333,0.2684912197168604,26.666666666666664,-0.059511035404537976,5.333333333333333,0.2382731840189911,0.269040004448424,-0.05864842334254622,-0.059511035404537976,0.2684912197168604,26.666666666666664,-0.059511035404537976,5.333333333333333
28,4_large_users,CUSTOM_USERCLUSTERFAIR_PARTITIONER,0.0,56.575000047683716,0.0,0.0,0.0,0.596820336,0.000243788,0.000243788,12.76000003516674,16.04100012779236,11.934250036875406,14.969333330790201,16.04100012779236,1.1743592135812195,1.4763241569916117,12.76000003516674,16.04100012779236,1.1743592135812195,1.4763241569916117,16.04100012779236,1.4763241569916117,11.487999975681305,1.366066924998272,14.843000173568726,1.0572914247555385,12.341000080108643,1.458377429122542,15.845999956130981,1.135796795371464,13.184000074863434,1.2958446388758966,14.079999923706055,1.2133818116850061,14.02700001001358,1.4763241569916117,16.04100012779236,1.290966822512869,,0.0,,0.0,,0.0,,0.0,0.03244327966095844,2.0,-0.3576287497615421,14.0,0.03244327966095844,2.0,-0.4107223195489257,18.0,0.03244327966095844,2.0,-0.39903648071572567,22.0,0.03244327966095844,2.0,-0.3773259169066604,26.0,0.03244327966095844,4.0,-0.35762874976154213,28.0,0.03244327966095844,0.03244327966095844,-0.35762874976154213,-0.4107223195489257,0.03244327966095844,4.0,-0.35762874976154213,28.0
29,4_large_users,CUSTOM_USERCLUSTERFAIR_PARTITIONER,1.0,56.66600012779236,0.0,0.0,0.0,0.587875776,0.000243788,0.000243788,12.832500010728836,15.081000089645386,12.130166669686636,14.892333348592123,15.081000089645386,1.1810317068454133,1.3879711094423068,12.832500010728836,15.081000089645386,1.1810317068454133,1.3879711094423068,15.081000089645386,1.3879711094423068,11.481499969959259,1.2787262265875645,13.893999814987183,1.0566932004932361,12.601750135421753,1.3879711094423068,15.081000089645386,1.159794775704915,13.197999954223633,1.3683677723544776,14.868000030517578,1.2146702824742195,14.0487499833107,1.3649624822812394,14.830999851226807,1.2929685687092816,,0.0,,0.0,,0.0,,0.0,0.043975395202389064,1.0,-0.3334758414395049,15.0,0.043975395202389064,1.0,-0.3921788688807675,19.0,0.043975395202389064,1.0,-0.3833136949471621,23.0,0.043975395202389064,1.0,-0.36160788615555717,27.0,0.043975395202389064,2.0,-0.33347584143950487,30.0,0.043975395202389064,0.043975395202389064,-0.33347584143950487,-0.3921788688807675,0.043975395202389064,2.0,-0.33347584143950487,30.0
30,4_large_users,CUSTOM_USERCLUSTERFAIR_PARTITIONER,2.0,56.81699991226196,0.0,0.0,0.0,0.604098864,0.000243788,0.000243788,12.877499997615814,16.21500015258789,12.228249967098236,14.362000068028768,16.21500015258789,1.185173254577867,1.4923381485056268,12.877499997615814,16.21500015258789,1.185173254577867,1.4923381485056268,16.21500015258789,1.4923381485056268,11.563999950885773,1.3141594996888333,14.279000043869019,1.064286038459875,12.40375006198883,1.2987897463122642,14.111999988555908,1.1415719536136237,13.450500011444092,1.3524458305334661,14.695000171661377,1.2379089790110065,14.091749966144562,1.4923381485056268,16.21500015258789,1.2969260472269624,,0.0,,0.0,,0.0,,0.0,0.06504874600940966,2.0,-0.34954354469789667,14.0,0.06504874600940966,2.0,-0.40485272635542174,18.0,0.06504874600940966,2.0,-0.39739492661621884,22.0,0.06504874600940966,2.0,-0.36801479245821483,26.0,0.06504874600940966,4.0,-0.3495435446978967,28.0,0.06504874600940966,0.06504874600940966,-0.3495435446978967,-0.40485272635542174,0.06504874600940966,4.0,-0.3495435446978967,28.0
31,4_large_users,CUSTOM_USERCLUSTERFAIR_PARTITIONER,1.0,56.686000029246,0.0,0.0,0.0,0.5962649919999999,0.000243788,0.000243788,12.823333347837131,15.779000123341877,12.097555557886757,14.741222249137031,15.779000123341877,1.1801880583348332,1.4522111383131817,12.823333347837131,15.779000123341877,1.1801880583348332,1.4522111383131817,15.779000123341877,1.4522111383131817,11.511166632175446,1.3196508837582233,14.338666677474976,1.0594235545695498,12.448833425839743,1.3817127616257043,15.013000011444092,1.1457211748966676,13.277500013510386,1.3388860805879468,14.547666708628338,1.2219870243900772,14.055833319822948,1.4445415959261592,15.695666710535686,1.2936204794830375,,0.0,,0.0,,0.0,,0.0,0.04715580695758573,1.6666666666666665,-0.34688271196631454,14.333333333333336,0.04715580695758573,1.6666666666666665,-0.402584638261705,18.333333333333332,0.04715580695758573,1.6666666666666665,-0.3932483674263689,22.333333333333332,0.04715580695758573,1.6666666666666665,-0.36898286517347745,26.33333333333333,0.04715580695758573,3.333333333333333,-0.3468827119663146,28.66666666666667,0.04715580695758573,0.04715580695758573,-0.3468827119663146,-0.402584638261705,0.04715580695758573,3.333333333333333,-0.3468827119663146,28.66666666666667
0,4_large_users,DEFAULT_FAIR,0.0,57.94099998474121,0.0,0.0,0.0,0.583410288,4.5312e-05,4.5312e-05,13.740562468767166,16.021999835968018,13.143999973932901,15.36633332570394,16.021999835968018,1.2646047092878527,1.4745754761371328,13.740562468767166,16.021999835968018,1.2646047092878527,1.4745754761371328,16.021999835968018,1.4745754761371328,13.170249998569489,1.3053241993224458,14.183000087738037,1.2121163313763277,13.19049996137619,1.2558096710622164,13.644999980926514,1.2139800249759505,14.23624986410141,1.4745754761371328,16.021999835968018,1.3102250116516874,14.365250051021576,1.4666605410444868,15.936000108718872,1.322097469147446,,0.0,,0.0,,0.0,,0.0,0.11780061966026052,12.0,-0.09743114025822411,4.0,0.12410509276331091,16.0,-0.09743114025822411,4.0,0.12410509276331091,16.0,-0.09743114025822411,8.0,0.1248812487816006,20.0,-0.09743114025822411,8.0,0.11780061966026052,24.0,-0.09743114025822411,8.0,0.11780061966026052,0.1248812487816006,-0.09743114025822411,-0.09743114025822411,0.11780061966026052,24.0,-0.09743114025822411,8.0
1,4_large_users,DEFAULT_FAIR,1.0,57.592000007629395,0.0,0.0,0.0,0.537327088,4.5312e-05,4.5312e-05,13.538874998688698,15.305000066757202,13.113583346207937,14.651333252588907,15.305000066757202,1.2460425197817586,1.408586817611449,13.538874998688698,15.305000066757202,1.2460425197817586,1.408586817611449,15.305000066757202,1.408586817611449,12.611500024795532,1.246606237751962,13.545000076293945,1.1606921011270104,13.262499988079071,1.3447149070559639,14.610999822616577,1.22060650573642,13.999749958515167,1.3438866134179421,14.601999998092651,1.288458879804442,14.28175002336502,1.408586817611449,15.305000066757202,1.3144125924591614,,0.0,,0.0,,0.0,,0.0,0.04783041188509615,9.0,-0.048445217757435134,7.0,0.0562178015838789,11.0,-0.04179477465764862,9.0,0.05443076536263611,12.0,-0.05373646393589087,12.0,0.04575524441262489,16.0,-0.05373646393589087,12.0,0.04783041188509615,18.0,-0.04844521775743514,14.0,0.04575524441262489,0.0562178015838789,-0.04179477465764862,-0.05373646393589087,0.04783041188509615,18.0,-0.04844521775743514,14.0
2,4_large_users,DEFAULT_FAIR,2.0,58.55900001525879,0.0,0.0,0.0,0.602449408,4.5312e-05,4.5312e-05,13.697562500834465,16.045000076293945,13.064916670322418,15.445666631062826,16.045000076293945,1.2606472321415916,1.4766922899354786,13.697562500834465,16.045000076293945,1.2606472321415916,1.4766922899354786,16.045000076293945,1.4766922899354786,12.635500013828278,1.2062031150516992,13.105999946594238,1.1629009262186072,13.375249981880188,1.4254291027634862,15.48799991607666,1.2309833861193857,14.250999987125397,1.4385900365341373,15.63100004196167,1.3115825306820115,14.528500020503998,1.4766922899354786,16.045000076293945,1.337122085546362,,0.0,,0.0,,0.0,,0.0,0.07142114991713258,13.0,-0.060419212211346406,3.0,0.07177893460628024,16.0,-0.04925028092783193,4.0,0.07163960780646463,18.0,-0.060419212211346406,6.0,0.0719461455211394,22.0,-0.060419212211346406,6.0,0.07142114991713258,26.0,-0.060419212211346406,6.0,0.07142114991713258,0.0719461455211394,-0.04925028092783193,-0.060419212211346406,0.07142114991713258,26.0,-0.060419212211346406,6.0
3,4_large_users,DEFAULT_FAIR,1.0,58.03066666920979,0.0,0.0,0.0,0.5743955946666667,4.5312e-05,4.5312e-05,13.658999989430107,15.790666659673054,13.107499996821087,15.154444403118559,15.790666659673054,1.2570981537370676,1.4532848612280203,13.658999989430107,15.790666659673054,1.2570981537370676,1.4532848612280203,15.790666659673054,1.4532848612280203,12.805750012397766,1.2527111840420357,13.61133337020874,1.1785697862406483,13.276083310445149,1.341984560293889,14.58133323987325,1.2218566389439187,14.16233326991399,1.4190173753630708,15.418333292007446,1.3034221407127136,14.391833364963531,1.4506465495304715,15.76200008392334,1.3245440490509897,,0.0,,0.0,,0.0,,0.0,0.07901739382082974,11.333333333333332,-0.06876519007566856,4.666666666666667,0.08403394298449002,14.333333333333332,-0.06282539861456822,5.666666666666666,0.08339182197747055,15.333333333333332,-0.07052893880182047,8.666666666666666,0.08086087957178831,19.333333333333332,-0.07052893880182047,8.666666666666666,0.07901739382082974,22.666666666666664,-0.06876519007566856,9.333333333333334,0.078325671330006,0.08434839862887297,-0.06282539861456822,-0.07052893880182047,0.07901739382082974,22.666666666666664,-0.06876519007566856,9.333333333333334
16,4_large_users,DEFAULT_FAIR_PARTITIONER,0.0,56.3289999961853,0.0,0.0,0.0,0.603914184,0.000243788,0.000243788,13.601312518119812,15.711999893188477,13.116916676362356,14.835333426793417,15.711999893188477,1.251788920723373,1.4460448109326285,13.601312518119812,15.711999893188477,1.251788920723373,1.4460448109326285,15.711999893188477,1.4460448109326285,13.015250027179718,1.3074409692353601,14.205999851226807,1.1978509987740755,13.478000044822693,1.3122267852764946,14.258000135421753,1.2404399286570054,13.994249999523163,1.4460448109326285,15.711999893188477,1.2879526942637856,13.917750000953674,1.435092740653327,15.593000173568726,1.2809120611986262,,0.0,,0.0,,0.0,,0.0,0.055631716558227684,10.0,-0.09451280140366529,6.0,0.055631716558227684,10.0,-0.11268506474879883,10.0,0.050143033225697124,14.0,-0.11268506474879883,10.0,0.059154169587042706,18.0,-0.11268506474879883,10.0,0.0556317165582277,20.0,-0.09451280140366529,12.0,0.050143033225697124,0.059154169587042706,-0.09451280140366529,-0.11268506474879883,0.0556317165582277,20.0,-0.09451280140366529,12.0
17,4_large_users,DEFAULT_FAIR_PARTITIONER,1.0,56.22699999809265,0.0,0.0,0.0,0.582412264,0.000243788,0.000243788,13.490749970078468,15.593000173568726,12.902583301067352,15.142666578292847,15.593000173568726,1.2416133606441,1.435092740653327,13.490749970078468,15.593000173568726,1.2416133606441,1.435092740653327,15.593000173568726,1.435092740653327,12.696999967098236,1.3252036196611383,14.3989999294281,1.1685610388015495,13.445749998092651,1.3716810127347123,14.904000043869019,1.2374718142830656,13.96749997138977,1.435092740653327,15.593000173568726,1.2854907709161816,13.852749943733215,1.4123602186858386,15.345999956130981,1.274929818575603,,0.0,,0.0,,0.0,,0.0,0.0844129281308487,9.0,-0.14118198945289706,7.0,0.0844129281308487,9.0,-0.1768524873199235,11.0,0.08483951558078506,13.0,-0.1768524873199235,11.0,0.08715449567975808,17.0,-0.1768524873199235,11.0,0.0844129281308487,18.0,-0.14118198945289706,14.0,0.0844129281308487,0.08715449567975808,-0.14118198945289706,-0.1768524873199235,0.0844129281308487,18.0,-0.14118198945289706,14.0
18,4_large_users,DEFAULT_FAIR_PARTITIONER,2.0,56.38599991798401,0.0,0.0,0.0,0.659535632,0.000243788,0.000243788,13.598937511444092,15.126000165939331,13.162583311398825,14.835333426793417,15.126000165939331,1.2515703383594028,1.3921126654032792,13.598937511444092,15.126000165939331,1.2515703383594028,1.3921126654032792,15.126000165939331,1.3921126654032792,12.933249950408936,1.2498274284391933,13.579999923706055,1.1903041691969016,14.026250064373016,1.3921126654032792,15.126000165939331,1.2908978017001531,14.004999995231628,1.3828171824000213,15.025000095367432,1.2889420638932059,13.431250035762787,1.3580599182699065,14.75600004196167,1.2361373186473503,,0.0,,0.0,,0.0,,0.0,0.13583925590523727,8.0,-0.13461417281327737,8.0,0.13583925590523727,8.0,-0.13437142656297427,12.0,0.16052801442008635,12.0,-0.13437142656297427,12.0,0.13583925590523727,16.0,-0.13437142656297427,12.0,0.13583925590523727,16.0,-0.13461417281327737,16.0,0.13583925590523727,0.16052801442008635,-0.13437142656297427,-0.13461417281327737,0.13583925590523727,16.0,-0.13461417281327737,16.0
19,4_large_users,DEFAULT_FAIR_PARTITIONER,1.0,56.313999970754,0.0,0.0,0.0,0.61528736,0.000243788,0.000243788,13.563666666547459,15.47700007756551,13.060694429609512,14.93777781062656,15.47700007756551,1.2483242065756253,1.4244167389964115,13.563666666547459,15.47700007756551,1.2483242065756253,1.4244167389964115,15.47700007756551,1.4244167389964115,12.88183331489563,1.2941573391118972,14.06166656812032,1.1855720689241755,13.650000035762787,1.3586734878048288,14.762666781743366,1.256269848213408,13.98891665538152,1.421318244661992,15.443333387374878,1.2874618430243912,13.733916660149891,1.4018376258696907,15.231666723887123,1.2639930661405265,,0.0,,0.0,,0.0,,0.0,0.09196130019810456,9.0,-0.12343632122327991,7.0,0.09196130019810456,9.0,-0.1413029928772322,11.0,0.09850352107552285,13.0,-0.1413029928772322,11.0,0.09404930705734602,17.0,-0.1413029928772322,11.0,0.09196130019810456,18.0,-0.12343632122327991,14.0,0.09013173908726102,0.10227889322896239,-0.12335540580651219,-0.1413839082939999,0.09196130019810456,18.0,-0.12343632122327991,14.0
32,4_large_users,TRUE_FIFO,0.0,61.89300012588501,0.0,0.0,0.0,0.609926,4.5312e-05,4.5312e-05,14.261250004172325,20.486999988555908,13.122583349545797,16.74066662788391,20.486999988555908,1.312525885064868,1.8855091793802317,14.261250004172325,20.486999988555908,1.312525885064868,1.8855091793802317,20.486999988555908,1.8855091793802317,12.877250015735626,1.335695551189001,14.513000011444092,1.185150247640295,14.023499965667725,1.5589710451687568,16.938999891281128,1.290644697958467,14.786249995231628,1.6402374512634375,17.82200002670288,1.3608439552005547,15.358000040054321,1.8855091793802317,20.486999988555908,1.4134646394601555,,0.0,,0.0,,0.0,,0.0,0.2575464984986961,13.0,-0.055087872704919105,3.0,0.24110482468649264,16.0,-0.055822993177638135,4.0,0.22757142676792524,18.0,-0.055087872704919105,6.0,0.22944326121410127,22.0,-0.055087872704919105,6.0,0.2575464984986961,26.0,-0.055087872704919105,6.0,0.22757142676792524,0.2575464984986961,-0.055087872704919105,-0.055822993177638135,0.2575464984986961,26.0,-0.055087872704919105,6.0
33,4_large_users,TRUE_FIFO,1.0,62.36899995803833,0.0,0.0,0.0,0.646481912,4.5312e-05,4.5312e-05,14.436687514185905,21.57800006866455,13.55533335606257,15.581666628519693,21.57800006866455,1.3286721746984405,1.9859187399258709,14.436687514185905,21.57800006866455,1.3286721746984405,1.9859187399258709,21.57800006866455,1.9859187399258709,13.369249999523163,1.2893102078084306,14.009000062942505,1.2304311812179063,13.989250004291534,1.3530900467281965,14.70199990272522,1.2874925225982727,14.907999992370605,1.5339376977877788,16.66700005531311,1.3720491456785795,15.480250060558319,1.9859187399258709,21.57800006866455,1.424715849299003,,0.0,,0.0,,0.0,,0.0,0.25042268491962766,13.0,-0.04779248980366222,3.0,0.22852610548449653,17.0,-0.04779248980366222,3.0,0.22085628162865498,18.0,-0.04779248980366222,6.0,0.21684926254725304,22.0,-0.04779248980366222,6.0,0.25042268491962766,26.0,-0.04779248980366222,6.0,0.21684926254725304,0.25042268491962766,-0.04779248980366222,-0.04779248980366222,0.25042268491962766,26.0,-0.04779248980366222,6.0
34,4_large_users,TRUE_FIFO,2.0,62.66300010681152,0.0,0.0,0.0,0.619244944,4.5312e-05,4.5312e-05,14.416749984025955,21.48300004005432,13.380750000476837,16.20533323287964,21.48300004005432,1.3268372356565235,1.9771754673097712,14.416749984025955,21.48300004005432,1.3268372356565235,1.9771754673097712,21.48300004005432,1.9771754673097712,13.26624995470047,1.310662181865307,14.240999937057495,1.220951631742715,14.077999949455261,1.4799134806227099,16.079999923706055,1.2956605724039632,14.783749997615814,1.6386728478522499,17.804999828338623,1.3606138693677985,15.539000034332275,1.9771754673097712,21.48300004005432,1.4301228691116168,,0.0,,0.0,,0.0,,0.0,0.23574570552201657,15.0,-0.0729461742023936,1.0,0.2116115500687143,19.0,-0.0729461742023936,1.0,0.19426351621461044,22.0,-0.0729461742023936,2.0,0.20200816594627197,26.0,-0.0729461742023936,2.0,0.23574570552201657,30.0,-0.0729461742023936,2.0,0.19426351621461044,0.23574570552201657,-0.0729461742023936,-0.0729461742023936,0.23574570552201657,30.0,-0.0729461742023936,2.0
35,4_large_users,TRUE_FIFO,1.0,62.30833339691162,0.0,0.0,0.0,0.6252176186666667,4.5312e-05,4.5312e-05,14.371562500794727,21.182666699091595,13.352888902028404,16.17588882976108,21.182666699091595,1.3226784318066107,1.9495344622052913,14.371562500794727,21.182666699091595,1.3226784318066107,1.9495344622052913,21.182666699091595,1.9495344622052913,13.170916656653088,1.3118893136209129,14.254333337148031,1.212177686866972,14.030249973138172,1.463991524173221,15.906999905904133,1.291265930986901,14.825999995072682,1.6042826656344886,17.431333303451538,1.3645023234156441,15.459083378314972,1.9495344622052913,21.182666699091595,1.4227677859569252,,0.0,,0.0,,0.0,,0.0,0.24790496298011344,13.666666666666666,-0.058608845570324974,2.3333333333333335,0.22708082674656782,17.333333333333332,-0.05885388572789799,2.6666666666666665,0.21423040820373024,19.333333333333332,-0.058608845570324974,4.666666666666667,0.21610022990254207,23.333333333333332,-0.058608845570324974,4.666666666666667,0.24790496298011344,27.333333333333332,-0.058608845570324974,4.666666666666667,0.21289473517659624,0.24790496298011344,-0.058608845570324974,-0.05885388572789799,0.24790496298011344,27.333333333333332,-0.058608845570324974,4.666666666666667
12,4_large_users,TRUE_FIFO_PARTITIONER,0.0,56.51200008392334,0.0,0.0,0.0,0.638505624,0.000243788,0.000243788,12.751062542200089,14.922000169754028,12.162000040213266,14.38366667429606,14.922000169754028,1.1735366565919734,1.3733376438961877,12.751062542200089,14.922000169754028,1.1735366565919734,1.3733376438961877,14.922000169754028,1.3733376438961877,11.47900003194809,1.3668952186362937,14.851999998092651,1.0564631201461587,12.339500069618225,1.2993419566994227,14.118000030517578,1.1356587427746745,13.174500048160553,1.3733376438961877,14.922000169754028,1.2125074822291246,14.011250019073486,1.3051401218791545,14.180999994277954,1.289517281217936,,0.0,,0.0,,0.0,,0.0,0.030430976080220704,1.0,-0.34650675773287104,15.0,0.030430976080220704,1.0,-0.39997097014727534,19.0,0.030430976080220704,1.0,-0.3958990009137406,23.0,0.030430976080220704,1.0,-0.37320235095500703,27.0,0.030430976080220704,2.0,-0.34650675773287104,30.0,0.030430976080220704,0.030430976080220704,-0.34650675773287104,-0.39997097014727534,0.030430976080220704,2.0,-0.34650675773287104,30.0
13,4_large_users,TRUE_FIFO_PARTITIONER,1.0,56.81399989128113,0.0,0.0,0.0,0.62711872,0.000243788,0.000243788,12.912312522530556,15.894000053405762,12.210833330949148,14.72433344523112,15.894000053405762,1.1883772051475363,1.4627950902770936,12.912312522530556,15.894000053405762,1.1883772051475363,1.4627950902770936,15.894000053405762,1.4627950902770936,11.745000064373016,1.3761907016395518,14.95300006866455,1.0809442790826942,12.598749995231628,1.3784915709384733,14.978000164031982,1.1595186595399776,13.220499992370605,1.3067047033476262,14.197999954223633,1.2167410604547055,14.085000038146973,1.4627950902770936,15.894000053405762,1.2963048215127673,,0.0,,0.0,,0.0,,0.0,0.0389487707110152,2.0,-0.35274709459628995,14.0,0.0389487707110152,2.0,-0.40634875482604976,18.0,0.0389487707110152,2.0,-0.39741559971691204,22.0,0.0389487707110152,2.0,-0.3747677502551614,26.0,0.0389487707110152,4.0,-0.35274709459629,28.0,0.0389487707110152,0.0389487707110152,-0.35274709459629,-0.40634875482604976,0.0389487707110152,4.0,-0.35274709459629,28.0
14,4_large_users,TRUE_FIFO_PARTITIONER,2.0,56.717000007629395,0.0,0.0,0.0,0.576788744,0.000243788,0.000243788,12.921250000596046,15.832000017166138,12.146499991416931,15.050000031789144,15.832000017166138,1.1891997607653626,1.4570889528476496,12.921250000596046,15.832000017166138,1.1891997607653626,1.4570889528476496,15.832000017166138,1.4570889528476496,11.54075002670288,1.3816207338754165,15.01200008392334,1.062146245152352,12.393249988555908,1.2976853474806633,14.100000143051147,1.1406055854360964,13.684000015258789,1.4570889528476496,15.832000017166138,1.2593990166360305,14.066999971866608,1.3901799290482246,15.105000019073486,1.2946481958369709,,0.0,,0.0,,0.0,,0.0,0.02452815598398709,2.0,-0.32852799778763225,14.0,0.02452815598398709,2.0,-0.3792741855279344,18.0,0.02452815598398709,2.0,-0.3751498300666704,22.0,0.02452815598398709,2.0,-0.34744055923114703,26.0,0.02452815598398709,4.0,-0.32852799778763225,28.0,0.02452815598398709,0.02452815598398709,-0.32852799778763225,-0.3792741855279344,0.02452815598398709,4.0,-0.32852799778763225,28.0
15,4_large_users,TRUE_FIFO_PARTITIONER,1.0,56.680999994277954,0.0,0.0,0.0,0.614137696,0.000243788,0.000243788,12.86154168844223,15.549333413441975,12.17311112085978,14.719333383772108,15.549333413441975,1.1837045408349574,1.4310738956736437,12.86154168844223,15.549333413441975,1.1837045408349574,1.4310738956736437,15.549333413441975,1.4310738956736437,11.588250041007996,1.3749022180504207,14.939000050226845,1.0665178814604015,12.443833351135254,1.325172958372853,14.398666779200237,1.1452609959169162,13.359666685263317,1.3790437666971544,14.984000047047932,1.2295491864399535,14.054416676362354,1.386038380401491,15.060000022252403,1.293490099522558,,0.0,,0.0,,0.0,,0.0,0.031302634258407666,1.6666666666666665,-0.3425939500389311,14.333333333333336,0.031302634258407666,1.6666666666666665,-0.3951979701670865,18.333333333333332,0.031302634258407666,1.6666666666666665,-0.3894881435657743,22.333333333333332,0.031302634258407666,1.6666666666666665,-0.3651368868137718,26.33333333333333,0.031302634258407666,3.333333333333333,-0.3425939500389311,28.66666666666667,0.031302634258407666,0.031302634258407666,-0.3425939500389311,-0.3951979701670865,0.031302634258407666,3.333333333333333,-0.3425939500389311,28.66666666666667
