,Config,Scheduler,Iteration,total time,cpu time,write to cpu ratio,task scheduler delay,peak JVM,total shuffle read,total shuffle write,average response time,average response time (worst10%),average response time (worst85),average response time (worst95),average response time (worst100),average proportional slowdown,average proportional slowdown (worst10%),loop20_ average response time,loop20_ average response time (worst 10%),loop20_ average proportional slowdown,loop20_ average proportional slowdown (worst 10%),loop20_ average response time (worst 1%),loop20_ average proportional slowdown (worst 1%),user1_supersmall_ average response time,user1_supersmall_ average proportional slowdown (worst 10%),user1_supersmall_ average response time (worst 10%),user1_supersmall_ average proportional slowdown,user2_supersmall_ average response time,user2_supersmall_ average proportional slowdown (worst 10%),user2_supersmall_ average response time (worst 10%),user2_supersmall_ average proportional slowdown,user3_supersmall_ average response time,user3_supersmall_ average proportional slowdown (worst 10%),user3_supersmall_ average response time (worst 10%),user3_supersmall_ average proportional slowdown,user4_supersmall_ average response time,user4_supersmall_ average proportional slowdown (worst 10%),user4_supersmall_ average response time (worst 10%),user4_supersmall_ average proportional slowdown,loop20_ DVR,loop20_ violation count,loop20_ DSR,loop20_ slack count,loop100_ DVR,loop100_ violation count,loop100_ DSR,loop100_ slack count,loop1000_ DVR,loop1000_ violation count,loop1000_ DSR,loop1000_ slack count,user1_supersmall_ DVR,user1_supersmall_ violation count,user1_supersmall_ DSR,user1_supersmall_ slack count,user2_supersmall_ DVR,user2_supersmall_ violation count,user2_supersmall_ DSR,user2_supersmall_ slack count,user3_supersmall_ DVR,user3_supersmall_ violation count,user3_supersmall_ DSR,user3_supersmall_ slack count,user4_supersmall_ DVR,user4_supersmall_ violation count,user4_supersmall_ DSR,user4_supersmall_ slack count,best user DVR,worst user DVR ,best user DSR,worst user DSR,Total DVR,Total violations,Total DSR,Total gains
8,4_super_small_users,CUSTOM_CLUSTERFAIR,0.0,51.0,0.0,0.0,0.0,0.629783424,0.000241664,0.000241664,43.39015832940738,49.806666711966194,41.836177073419094,49.473222229215835,50.00466672579447,47.86559109697449,54.943923565323985,43.39015832940738,49.806666711966194,47.86559109697449,54.943923565323985,50.390000104904175,55.58742427457713,38.871633346875505,55.41018577024414,50.22933340072632,42.881007553089354,42.327966626485185,54.63614633009262,49.527666648228966,46.693840735229095,46.31576666037242,54.39860278531281,49.31233342488607,51.09295825744336,46.04526668389638,54.12134595556412,49.06100010871887,50.794557842136115,0.9733476356144801,104.0,-0.5837599933387672,16.0,0.9733476356144801,104.0,-0.5837599933387672,16.0,0.9733476356144801,104.0,-0.5837599933387672,16.0,1.0524881720767625,127.0,-0.5836811838167002,23.0,1.087356007388433,152.0,-0.5801877550462464,28.0,1.0483779479945337,180.0,-0.5776834187818563,30.0,0.9733476356144801,208.0,-0.5837599933387672,32.0,0.9733476356144801,1.087356007388433,-0.5776834187818563,-0.5837599933387672,0.9733476356144801,208.0,-0.5837599933387672,32.0
9,4_super_small_users,CUSTOM_CLUSTERFAIR,1.0,51.09699988365173,0.0,0.0,0.0,0.581853584,0.000241664,0.000241664,43.60292499065399,49.99149998029073,42.069239569207035,49.57422223356035,50.228000005086265,48.10030335427908,55.14782126893627,43.60292499065399,49.99149998029073,48.10030335427908,55.14782126893627,50.48300004005432,55.690016591345085,39.942800013224286,55.58006990085215,50.383333365122475,44.062658591532575,44.44689997037252,54.74315134123157,49.624666690826416,49.03132925578877,43.89889996051788,54.18348952368967,49.11733325322469,48.42680635468051,46.12310001850128,53.890053369824024,48.85133337974548,50.88041921511448,0.9538690236448466,104.0,-0.505264681460407,16.0,0.9538690236448466,104.0,-0.505264681460407,16.0,0.9538690236448466,104.0,-0.505264681460407,16.0,1.0431237205976116,127.0,-0.5047465714845093,23.0,1.0612842744158137,154.0,-0.5039375791668138,26.0,1.0253183630111684,180.0,-0.5010895262618963,30.0,0.9538690236448466,208.0,-0.505264681460407,32.0,0.9538690236448466,1.0612842744158137,-0.5010895262618963,-0.505264681460407,0.9538690236448466,208.0,-0.505264681460407,32.0
10,4_super_small_users,CUSTOM_CLUSTERFAIR,2.0,51.30299997329712,0.0,0.0,0.0,0.627412344,0.000241664,0.000241664,43.977149997154875,50.48108333349228,42.417104164759316,50.02577776379056,50.79200001557668,48.51312740998882,55.68790218807752,43.977149997154875,50.48108333349228,48.51312740998882,55.68790218807752,51.04900002479553,56.31439605603478,35.82009998957316,56.26843163668616,51.007333278656006,39.51472696036752,45.003166659673056,55.2505975173751,50.08466664950053,49.64497149439938,45.8903333346049,55.093215655526556,49.941999991734825,50.62364405361821,49.195000004768374,54.86339390946346,49.73366657892863,54.26916713157018,0.8918877324306166,105.0,-0.4268034750382891,15.0,0.8918877324306166,105.0,-0.4268034750382891,15.0,0.8918877324306166,105.0,-0.4268034750382891,15.0,0.9499121317286918,126.0,-0.4441485194239044,24.0,0.9877638922644499,153.0,-0.4396688522385639,27.0,0.9550394573372494,180.0,-0.426803475038289,30.0,0.8918877324306166,210.0,-0.426803475038289,30.0,0.8918877324306166,0.9877638922644499,-0.426803475038289,-0.4441485194239044,0.8918877324306166,210.0,-0.426803475038289,30.0
11,4_super_small_users,CUSTOM_CLUSTERFAIR,1.0,51.13333328564963,0.0,0.0,0.0,0.6130164506666667,0.000241664,0.000241664,43.65674443907208,50.0930833419164,42.10750693579515,49.69107407552225,50.34155558215247,48.159673953747465,55.25988234077926,43.65674443907208,50.0930833419164,48.159673953747465,55.25988234077926,50.64066672325134,55.86394564065233,38.21151111655765,55.75289576926082,50.54000001483493,42.15279770166315,43.926011085510254,54.87663172956643,49.745666662851974,48.45671382847242,45.368333318498394,54.55843598817634,49.45722222328186,50.04780288858069,47.12112223572201,54.291597744950536,49.21533335579766,51.98138139627359,0.9397014638966479,104.33333333333333,-0.5052760499458211,15.666666666666666,0.9397014638966479,104.33333333333333,-0.5052760499458211,15.666666666666666,0.9397014638966479,104.33333333333333,-0.5052760499458211,15.666666666666666,1.015174674801022,126.66666666666667,-0.5108587582417046,23.333333333333336,1.045468058022899,153.0,-0.5079313954838747,27.0,1.0095785894476506,180.0,-0.5018588066940138,30.0,0.9397014638966479,208.66666666666666,-0.5052760499458211,31.333333333333332,0.9397014638966479,1.045468058022899,-0.5018588066940138,-0.5110577314076928,0.9397014638966479,208.66666666666666,-0.5052760499458211,31.333333333333332
24,4_super_small_users,CUSTOM_CLUSTERFAIR_PARTITIONER,0.0,50.896000146865845,0.0,0.0,0.0,0.637553864,0.000264556,0.000264556,43.84531667033831,50.01541670163473,42.34997916718324,49.69216667281257,50.230166713396706,48.36769627174662,55.17420485563675,43.84531667033831,50.01541670163473,48.36769627174662,55.17420485563675,50.6800000667572,55.90733598097871,40.41043334007263,55.77532643232084,50.56033341089884,44.57852547167416,44.42086668014527,54.67622730306326,49.564000050226845,49.00261078890818,44.159633326530454,54.49494388003103,49.39966662724813,48.71443279264253,46.3903333346049,54.435374040247694,49.345666567484535,51.1752160337616,0.9028421519601005,104.0,-0.5105263402065557,16.0,0.9028421519601005,104.0,-0.5105263402065557,16.0,0.9028421519601005,104.0,-0.5105263402065557,16.0,0.9649115629862804,128.0,-0.49659162059353895,22.0,1.002428945514919,154.0,-0.49450713892881837,26.0,0.9909717410443821,180.0,-0.5011838511736586,30.0,0.9028421519601005,208.0,-0.5105263402065557,32.0,0.9028421519601005,1.002428945514919,-0.49450713892881837,-0.5105263402065557,0.9028421519601005,208.0,-0.5105263402065557,32.0
25,4_super_small_users,CUSTOM_CLUSTERFAIR_PARTITIONER,1.0,51.28200006484985,0.0,0.0,0.0,0.695997816,0.000264556,0.000264556,43.67350000341733,50.0159999926885,42.14365625133117,49.64172224203745,50.24633332093557,48.17815775335613,55.17484830963982,43.67350000341733,50.0159999926885,48.17815775335613,55.17484830963982,50.73899984359741,55.97242122845825,35.72559999624888,55.77128142595159,50.55666661262512,39.4104798634847,42.295566654205324,54.78764483323318,49.66500004132589,46.658098901495116,48.9936666727066,54.65637066057881,49.5460000038147,54.04706748230183,47.679166690508524,54.41735601311199,49.329333225886025,52.59698476614288,0.9089632229861837,104.0,-0.542452019535953,16.0,0.9089632229861837,104.0,-0.542452019535953,16.0,0.9089632229861837,104.0,-0.542452019535953,16.0,0.9711748134237634,125.0,-0.5386842179042637,25.0,1.0245466360525461,149.0,-0.5404833384788356,31.0,1.0026052407217751,179.0,-0.5404833384788356,31.0,0.9089632229861837,208.0,-0.542452019535953,32.0,0.9089632229861837,1.0245466360525461,-0.5386842179042637,-0.542452019535953,0.9089632229861837,208.0,-0.542452019535953,32.0
26,4_super_small_users,CUSTOM_CLUSTERFAIR_PARTITIONER,2.0,51.34000015258789,0.0,0.0,0.0,0.582604664,0.000264556,0.000264556,43.62006666858991,50.11475000778834,42.04357291261355,49.794722252421906,50.32000001271566,48.11921309276327,55.28378379237543,43.62006666858991,50.11475000778834,48.11921309276327,55.28378379237543,50.66600012779236,55.89189203286526,43.814366666475934,55.804375800869,50.586666663487755,48.33355396191498,41.169833334287006,54.938775560702,49.80200004577637,45.416252988733596,45.42146667639415,54.53980506003439,49.44033328692118,50.106416631433135,44.074599997202554,54.229453943038294,49.15899999936422,48.62062878897138,0.9364491489238812,103.0,-0.5606573479441322,17.0,0.9364491489238812,103.0,-0.5606573479441322,17.0,0.9364491489238812,103.0,-0.5606573479441322,17.0,1.0448757385830025,128.0,-0.5559572756066399,22.0,1.0399227346879933,153.0,-0.5458819516099266,27.0,1.0242383741791903,180.0,-0.5507961803913237,30.0,0.9364491489238812,206.0,-0.5606573479441321,34.0,0.9364491489238812,1.0448757385830025,-0.5458819516099266,-0.5606573479441321,0.9364491489238812,206.0,-0.5606573479441321,34.0
27,4_super_small_users,CUSTOM_CLUSTERFAIR_PARTITIONER,1.0,51.172666788101196,0.0,0.0,0.0,0.6387187813333334,0.000264556,0.000264556,43.71296111411518,50.048722234037186,42.179069443709324,49.70953705575731,50.26550001568265,48.22168903928868,55.21094565255066,43.71296111411518,50.048722234037186,48.22168903928868,55.21094565255066,50.69500001271565,55.9238830807674,39.983466667599146,55.783661219713814,50.56788889567058,44.10751976569128,42.62875555621253,54.80088256566614,49.67700004577637,47.02565422637896,46.19158889187707,54.56370653354808,49.46199997266133,50.95597230212583,46.048033340771994,54.360727998799334,49.2779999309116,50.79760986295862,0.9160848412900552,103.66666666666666,-0.5378785692288803,16.333333333333332,0.9160848412900552,103.66666666666666,-0.5378785692288803,16.333333333333332,0.9160848412900552,103.66666666666666,-0.5378785692288803,16.333333333333332,0.9936540383310155,127.0,-0.5304110380348142,23.0,1.0222994387518196,152.0,-0.5269574763391935,28.0,1.0059384519817824,179.66666666666666,-0.5308211233479393,30.333333333333336,0.9160848412900552,207.33333333333331,-0.5378785692288802,32.666666666666664,0.9160848412900552,1.023950440050156,-0.5263577694810029,-0.5378785692288802,0.9160848412900552,207.33333333333331,-0.5378785692288802,32.666666666666664
12,4_super_small_users,CUSTOM_FAIR,0.0,43.3050000667572,0.0,0.0,0.0,0.668618224,0.000241664,0.000241664,28.50842499335607,41.08883333206177,25.61239582548539,39.63455555174086,41.46650000413259,31.4488968487105,45.3268983254956,28.50842499335607,41.08883333206177,31.4488968487105,45.3268983254956,41.831000089645386,46.145615101649625,25.06919999917348,43.46754919586209,39.40333334604899,27.654936568310514,26.71710000038147,45.200956067216595,40.974666674931846,29.472807501799746,29.068766657511393,45.72936203751982,41.45366668701172,32.0670343712205,33.17863331635793,45.392903143659545,41.14866669972738,36.600808953511226,,0.0,,0.0,,0.0,,0.0,,0.0,,0.0,,0.0,0.0,30.0,,0.0,0.0,60.0,,0.0,0.0,90.0,,0.0,0.0,120.0,,,0.0,0.0,,0.0,0.0,120.0
13,4_super_small_users,CUSTOM_FAIR,1.0,43.45699977874756,0.0,0.0,0.0,0.583273064,0.000241664,0.000241664,28.715650002161663,41.31591667731603,25.810947914918263,39.838222251998054,41.82316664854685,31.67749586559477,45.57740394629457,28.715650002161663,41.31591667731603,31.67749586559477,45.57740394629457,41.98599982261658,46.31660212092286,25.03303335507711,43.68339774581872,39.59900005658468,27.615039553311753,27.429499999682108,46.20334615074419,41.88333328564962,30.25868725833658,29.889233326911928,46.070601226082836,41.76300001144409,32.97212722218635,32.51083332697551,44.51222646804083,40.350333293279014,35.8641294285444,,0.0,,0.0,,0.0,,0.0,,0.0,,0.0,0.7125655159819098,17.0,-0.4191773676130613,13.0,0.7846473326223661,34.0,-0.4329399045673166,26.0,0.6752296368341817,50.0,-0.3653250241618536,40.0,0.5851155536413809,62.0,-0.2955916560889531,58.0,0.5851155536413809,0.7846473326223661,-0.2955916560889531,-0.4329399045673166,0.5851155536413809,62.0,-0.2955916560889531,58.0
14,4_super_small_users,CUSTOM_FAIR,2.0,42.93499994277954,0.0,0.0,0.0,0.639720344,0.000241664,0.000241664,28.372441655397417,40.6459166208903,25.504510410130024,39.49433332019382,40.89366658528646,31.29888765074177,44.838297430656695,28.372441655397417,40.6459166208903,31.29888765074177,44.838297430656695,41.11999988555908,45.36127952074912,25.550399978955586,44.082735846818075,39.96100004514059,28.185769419697277,26.613200012842814,45.29362010657732,41.05866662661234,29.358190858072597,28.058933313687643,44.876999354445765,40.68099991480509,30.953042817085095,33.26723331610362,44.64901622373142,40.47433320681254,36.6985475081121,,0.0,,0.0,,0.0,,0.0,,0.0,,0.0,0.706062603120665,17.0,-0.39304588885594666,13.0,0.6861168072457007,33.0,-0.3741361104866659,27.0,0.6346823538115068,47.0,-0.3442549044793564,43.0,0.5251045913691237,62.0,-0.2894612750834091,58.0,0.5251045913691237,0.706062603120665,-0.2894612750834091,-0.39304588885594666,0.5251045913691237,62.0,-0.2894612750834091,58.0
15,4_super_small_users,CUSTOM_FAIR,1.0,43.232333262761436,0.0,0.0,0.0,0.6305372106666667,0.000241664,0.000241664,28.532172216971716,41.01688887675603,25.642618050177887,39.65570370797757,41.394444412655304,31.47509345501568,45.24753323414895,28.532172216971716,41.01688887675603,31.47509345501568,45.24753323414895,41.64566659927368,45.9411655811072,25.21754444440206,43.74456092949963,39.654444482591416,27.818581847106515,26.919933337635463,45.56597410817937,41.305555529064605,29.69656187273631,29.005644432703654,45.558987539349474,41.299222204420296,31.99740147016398,32.98556665314569,44.85138194514393,40.65777773327298,36.387828630055914,,0.0,,0.0,,0.0,,0.0,,0.0,,0.0,,11.333333333333334,-0.27074108548966935,18.666666666666664,,22.333333333333336,-0.2690253383513275,37.666666666666664,,32.333333333333336,-0.23652664288040331,57.66666666666667,,41.333333333333336,-0.19501764372412073,78.66666666666666,,,-0.19501764372412073,-0.2753285978077544,,41.333333333333336,-0.19501764372412073,78.66666666666666
44,4_super_small_users,CUSTOM_FAIR_PARTITIONER,0.0,43.39400005340576,0.0,0.0,0.0,0.602696832,0.000264556,0.000264556,29.553091671069463,41.352083365122475,26.81407292187214,40.17727777693007,41.504833340644836,32.60131458474292,45.61730100951183,29.553091671069463,41.352083365122475,32.60131458474292,45.61730100951183,41.7260000705719,46.029784964778706,26.02543331782023,45.25280375760318,41.021666606267296,28.709799578400695,27.016100017229714,45.97352458002112,41.675000031789146,29.802647564511542,28.386866656939187,45.32414040247249,41.08633327484131,31.3148005040697,36.783966692288715,45.46423987619884,41.213333447774254,40.57801069198975,,0.0,0.0,120.0,,0.0,0.0,120.0,,0.0,0.0,120.0,,0.0,0.0,150.0,,0.0,0.0,180.0,,0.0,0.0,210.0,,0.0,0.0,240.0,,,0.0,0.0,,0.0,0.0,240.0
45,4_super_small_users,CUSTOM_FAIR_PARTITIONER,1.0,43.41100001335144,0.0,0.0,0.0,0.608105144,0.000264556,0.000264556,28.659866668780644,41.40549999475479,25.700729166467983,40.0552222331365,41.82000001271566,31.615958818290835,45.67622724186959,28.659866668780644,41.40549999475479,31.615958818290835,45.67622724186959,41.950000047683716,46.27688918663399,25.945566670099893,44.95899982806579,40.75533334414164,28.621695168339652,26.311333314577737,45.21198749629906,40.9846666653951,29.02518843306976,29.463933356602986,46.193785649008724,41.874666690826416,32.50296012862988,32.91863333384196,45.730465189195066,41.45466669400533,36.31399154312406,0.5140939882608552,55.0,-0.26354535926054473,65.0,0.5140939882608552,55.0,-0.26354535926054473,65.0,0.5140939882608552,55.0,-0.26354535926054473,65.0,0.5446125200713324,69.0,-0.26524157845658214,81.0,0.5826259479071821,83.0,-0.2817434527539734,97.0,0.5525421839789187,101.0,-0.28017632553173316,109.0,0.5140939882608551,110.0,-0.26354535926054473,130.0,0.5140939882608551,0.5826259479071821,-0.26354535926054473,-0.2817434527539734,0.5140939882608551,110.0,-0.26354535926054473,130.0
46,4_super_small_users,CUSTOM_FAIR_PARTITIONER,2.0,43.17700004577637,0.0,0.0,0.0,0.699860568,0.000264556,0.000264556,28.588758317629495,40.987666646639504,25.70246873050928,39.71233332157135,41.39866669972738,31.537516070192492,45.2152969074898,28.588758317629495,40.987666646639504,31.537516070192492,45.2152969074898,41.62400007247925,45.91726428293353,25.386200006802877,44.13605446455167,40.00933337211609,28.004633212137755,26.84776666164398,45.32744985749823,41.089333295822144,29.616951639982325,28.96556662718455,45.53300244204589,41.2756667137146,31.953189881064034,33.155499974886574,45.498069451779735,41.24399995803833,36.57528954758585,0.451392309627904,56.0,-0.24516136200939448,64.0,0.451392309627904,56.0,-0.24516136200939448,64.0,0.451392309627904,56.0,-0.24516136200939448,64.0,0.49231495826834026,70.0,-0.2555489925120894,80.0,0.49362330957247436,86.0,-0.2594430044212282,94.0,0.49134623932158633,101.0,-0.25414912039252563,109.0,0.451392309627904,112.0,-0.24516136200939448,128.0,0.451392309627904,0.49362330957247436,-0.24516136200939448,-0.2594430044212282,0.451392309627904,112.0,-0.24516136200939448,128.0
47,4_super_small_users,CUSTOM_FAIR_PARTITIONER,1.0,43.32733337084453,0.0,0.0,0.0,0.6368875146666666,0.000264556,0.000264556,28.9339055524932,41.24841666883893,26.072423606283138,39.98161111054597,41.57450001769596,31.918263157742086,45.502941719623735,28.9339055524932,41.24841666883893,31.918263157742086,45.502941719623735,41.76666673024496,46.07464614478207,25.785733331574335,44.782619350073546,40.595444440841675,28.445375986292703,26.725066664483812,45.50432064460613,41.249666664335464,29.48159587918788,28.938788880242242,45.683642831175696,41.41222222646078,31.923650171254536,34.286033333672414,45.56425817239121,41.304000033272644,37.82243059423322,,37.0,-0.16956890708997974,83.0,,37.0,-0.16956890708997974,83.0,,37.0,-0.16956890708997974,83.0,,46.33333333333333,-0.17359685698955718,103.66666666666667,,56.333333333333336,-0.1803954857250672,123.66666666666667,,67.33333333333333,-0.17810848197475293,142.66666666666669,,74.0,-0.16956890708997974,166.0,,,-0.16956890708997974,-0.1803954857250672,,74.0,-0.16956890708997974,166.0
28,4_super_small_users,CUSTOM_RANDOM,0.0,52.62100005149841,0.0,0.0,0.0,0.65357652,0.000241664,0.000241664,32.049750008185704,49.5804166396459,27.983510427176952,47.54233333799574,50.63183331489563,35.35548815023244,54.694337164529394,32.049750008185704,49.5804166396459,35.35548815023244,54.694337164529394,51.133999824523926,56.40816307173075,32.026099991798404,56.158852721864974,50.907999992370605,35.32939877749409,32.27920004526774,54.42029786780599,49.33200001716614,35.60860457282707,31.506433351834616,54.15002763611053,49.087000052134194,34.7561316622555,32.38726664384206,53.64772926733147,48.631666580835976,35.727817588353076,0.7545815356297195,73.0,-0.3836946730115851,47.0,0.7545815356297195,73.0,-0.3836946730115851,47.0,0.7545815356297195,73.0,-0.3836946730115851,47.0,0.866768162778756,90.0,-0.37937325218438384,60.0,0.8641326169966411,111.0,-0.38548988255077354,69.0,0.8112265122714961,129.0,-0.3822411587566412,81.0,0.7545815356297195,146.0,-0.38369467301158516,94.0,0.7545815356297195,0.866768162778756,-0.37937325218438384,-0.38548988255077354,0.7545815356297195,146.0,-0.38369467301158516,94.0
29,4_super_small_users,CUSTOM_RANDOM,1.0,52.8510000705719,0.0,0.0,0.0,0.595240312,0.000241664,0.000241664,32.52080833911896,49.94841672976812,28.479979169865448,47.94633332888285,50.8975000778834,35.87513330294424,55.100294241332726,32.52080833911896,49.94841672976812,35.87513330294424,55.100294241332726,51.307000160217285,56.599007347178464,32.27920002937317,55.98676237557648,50.75200009346008,35.60860455529307,34.52816666762034,55.40650862721665,50.2260000705719,38.089538519161984,32.79873332977295,55.38996143975795,50.21100004514059,36.18172457779696,30.47713332970937,53.34473252406034,48.35700003306071,33.62066555952495,0.7274206037984353,73.0,-0.3533715881787204,47.0,0.7274206037984353,73.0,-0.3533715881787204,47.0,0.7274206037984353,73.0,-0.3533715881787204,47.0,0.8061617339387183,93.0,-0.36233323569641984,57.0,0.8161236836552853,113.0,-0.3401915455811263,67.0,0.7847342297590544,131.0,-0.3421050966312031,79.0,0.7274206037984352,146.0,-0.3533715881787204,94.0,0.7274206037984352,0.8161236836552853,-0.3401915455811263,-0.36233323569641984,0.7274206037984352,146.0,-0.3533715881787204,94.0
30,4_super_small_users,CUSTOM_RANDOM,2.0,52.4760000705719,0.0,0.0,0.0,0.686712184,0.000241664,0.000241664,31.873533340295158,49.88658332824707,27.68602083871762,47.95188890563117,50.63866666952769,35.1610957973471,55.032083097900795,31.873533340295158,49.88658332824707,35.1610957973471,55.032083097900795,51.00499987602234,56.26585755766391,31.914366674423217,55.84114731881389,50.6200000445048,35.206140843268855,32.347000018755594,54.44714102067366,49.356333335240684,35.68339770408781,31.41949999332428,53.996690605291214,48.948000033696495,34.66023165286738,31.813266674677532,54.49935648673201,49.40366665522257,35.0946129891644,0.7662709341185795,64.0,-0.3149516669141991,56.0,0.7662709341185795,64.0,-0.3149516669141991,56.0,0.7662709341185795,64.0,-0.3149516669141991,56.0,0.8106611238183421,82.0,-0.307758869736549,68.0,0.8605997881877774,98.0,-0.3075190267630673,82.0,0.808528611379996,115.0,-0.3128255404120759,95.0,0.7662709341185795,128.0,-0.3149516669141991,112.0,0.7662709341185795,0.8605997881877774,-0.3075190267630673,-0.3149516669141991,0.7662709341185795,128.0,-0.3149516669141991,112.0
31,4_super_small_users,CUSTOM_RANDOM,1.0,52.64933339754741,0.0,0.0,0.0,0.6451763386666667,0.000241664,0.000241664,32.14803056253328,49.80513889922037,28.04983681192001,47.81351852416992,50.72266668743558,35.4639057501746,54.942238167920976,32.14803056253328,49.80513889922037,35.4639057501746,54.942238167920976,51.14866662025452,56.424342658857704,32.07322223186493,55.99558747208512,50.76000004344517,35.381381392018675,33.05145557721456,54.75798250523211,49.63811114099291,36.46051359869229,31.908222224977287,54.512226560386566,49.41533337699043,35.19936263097328,31.55922221607632,53.83060609270794,48.79744442303975,34.81436537901414,0.7494243578489115,70.0,-0.35067264270150156,50.0,0.7494243578489115,70.0,-0.35067264270150156,50.0,0.7494243578489115,70.0,-0.35067264270150156,50.0,0.8278636735119388,88.33333333333333,-0.3498217858724509,61.66666666666667,0.8469520296132347,107.33333333333331,-0.3444001516316557,72.66666666666666,0.8014964511368488,125.0,-0.34572393193330675,85.0,0.7494243578489115,140.0,-0.35067264270150156,100.0,0.7494243578489115,0.8478305448739396,-0.34236127484285916,-0.35425826172046415,0.7494243578489115,140.0,-0.35067264270150156,100.0
0,4_super_small_users,CUSTOM_RANDOM_PARTITIONER,0.0,52.492000102996826,0.0,0.0,0.0,0.662980008,0.000264556,0.000264556,32.08825000325839,49.46891669432322,28.11023958524068,47.21549999713898,50.3546667098999,35.397959187267936,54.57133667327437,32.08825000325839,49.46891669432322,35.397959187267936,54.57133667327437,51.0220000743866,56.284611223813116,34.1438999970754,55.478212872417686,50.29099996884664,37.6656370624108,31.543900005022685,54.93142127464702,49.79533338546753,34.797462774432084,31.76810003121694,53.309799709134204,48.32533343633016,35.04478767922442,30.897099979718526,53.4495312318488,48.45200006167094,34.08394923300444,0.7845667545964617,68.0,-0.35968742027322576,52.0,0.7845667545964617,68.0,-0.35968742027322576,52.0,0.7845667545964617,68.0,-0.35968742027322576,52.0,0.8627815177809139,88.0,-0.35108623914325926,62.0,0.8625536670377016,107.0,-0.35261358270425636,73.0,0.8329238048594855,125.0,-0.35439885760593665,85.0,0.7845667545964617,136.0,-0.35968742027322576,104.0,0.7845667545964617,0.8627815177809139,-0.35108623914325926,-0.35968742027322576,0.7845667545964617,136.0,-0.35968742027322576,104.0
1,4_super_small_users,CUSTOM_RANDOM_PARTITIONER,1.0,53.217000007629395,0.0,0.0,0.0,0.62443372,0.000264556,0.000264556,32.352700004975,50.34375,28.194947918256123,48.29438891675737,51.05166665712992,35.68968560945946,55.53640375068946,32.352700004975,50.34375,35.68968560945946,55.53640375068946,51.835999965667725,57.18257028755402,33.816900006930034,56.17319360597319,50.9210000038147,37.3049089982681,33.03130001227061,54.256297183575974,49.18333339691162,36.4382791089582,29.113133335113524,55.17595141748006,50.01699995994568,32.11597720365529,33.44946666558584,56.209965036248086,50.95433330535889,36.899577126956245,0.8158281074962643,65.0,-0.3541420740153045,55.0,0.8158281074962643,65.0,-0.3541420740153045,55.0,0.8158281074962643,65.0,-0.3541420740153045,55.0,0.9090500192759078,84.0,-0.36310428597451205,66.0,0.9269578698045651,101.0,-0.3489736588099036,79.0,0.8868601032526727,116.0,-0.35138687269220653,94.0,0.8158281074962643,130.0,-0.3541420740153045,110.0,0.8158281074962643,0.9269578698045651,-0.3489736588099036,-0.36310428597451205,0.8158281074962643,130.0,-0.3541420740153045,110.0
2,4_super_small_users,CUSTOM_RANDOM_PARTITIONER,2.0,53.21399998664856,0.0,0.0,0.0,0.58047764,0.000264556,0.000264556,33.01264999310175,50.254583299160004,29.10642708092928,47.817611085044014,51.09733331203461,36.417705452952845,55.438040043199116,33.01264999310175,50.254583299160004,36.417705452952845,55.438040043199116,51.831000089645386,57.17705470451779,34.88000004291534,56.14524730143027,50.895666678746544,38.47766138214599,33.194333322842915,53.34988041909483,48.36166659990946,36.618128320841606,31.04369994799296,55.87791866141878,50.653333266576134,34.24567010258462,32.9325666586558,55.130354861473194,49.97566668192545,36.329362006239165,0.790468541912019,68.0,-0.34185640804373885,52.0,0.790468541912019,68.0,-0.34185640804373885,52.0,0.790468541912019,68.0,-0.34185640804373885,52.0,0.8437034410257506,89.0,-0.33366957342193887,61.0,0.8599352211543885,107.0,-0.3223817545523437,73.0,0.8418368185955418,124.0,-0.33933315560787775,86.0,0.790468541912019,136.0,-0.3418564080437389,104.0,0.790468541912019,0.8599352211543885,-0.3223817545523437,-0.3418564080437389,0.790468541912019,136.0,-0.3418564080437389,104.0
3,4_super_small_users,CUSTOM_RANDOM_PARTITIONER,1.0,52.974333365758255,0.0,0.0,0.0,0.622630456,0.000264556,0.000264556,32.48453333377838,50.022416664494415,28.47053819480869,47.77583333298012,50.83455555968814,35.835116749893416,55.18192682238765,32.48453333377838,50.022416664494415,35.835116749893416,55.18192682238765,51.56300004323323,56.88141207196164,34.28026668230692,55.932217926607045,50.70255555046929,37.816069147608296,32.58984444671207,54.17919962577261,49.11344446076287,35.95129006807729,30.641644438107807,54.787889929344345,49.66522222095065,33.80214499515478,32.42637776798672,54.929950376523365,49.79400001631842,35.770962788733286,0.7969544680015817,67.0,-0.35189530077742304,53.0,0.7969544680015817,67.0,-0.35189530077742304,53.0,0.7969544680015817,67.0,-0.35189530077742304,53.0,0.8718449926941907,87.0,-0.3492866995132367,63.0,0.8831489193322184,105.0,-0.34132299868883453,75.0,0.8538735755692333,121.66666666666666,-0.3483729619686736,88.33333333333333,0.7969544680015817,134.0,-0.3518953007774231,106.0,0.7969544680015817,0.8832248695799558,-0.34081388416850217,-0.3548827047638256,0.7969544680015817,134.0,-0.3518953007774231,106.0
40,4_super_small_users,CUSTOM_USERCLUSTERFAIR,0.0,50.77999997138977,0.0,0.0,0.0,0.690383296,0.000241664,0.000241664,25.429108349482217,46.35933335622152,20.773812512556713,42.9218889342414,47.43549998601278,28.051967291210385,51.14101859483896,25.429108349482217,46.35933335622152,28.051967291210385,51.14101859483896,48.35599994659424,53.34362928471509,12.904700009028117,30.254458609607468,27.425666729609173,14.235741874272605,27.82333335876465,50.060305268388824,45.37966672579447,30.693142149767947,27.901566672325135,49.724949526203794,45.075666745503746,30.779444757115428,33.086833357810974,52.90568113809211,47.958999951680504,36.49954038368558,0.4963981878605633,55.0,-0.44871107729703913,65.0,0.4963981878605633,55.0,-0.44871107729703913,65.0,0.4963981878605633,55.0,-0.44871107729703913,65.0,0.4771553780685975,61.0,-0.4799098528649617,89.0,0.5361607432954456,80.0,-0.4812278715266084,100.0,0.5165076659805057,95.0,-0.46531754934241587,115.0,0.4963981878605632,110.0,-0.44871107729703913,130.0,0.4771553780685975,0.5361607432954456,-0.44871107729703913,-0.4812278715266084,0.4963981878605632,110.0,-0.44871107729703913,130.0
41,4_super_small_users,CUSTOM_USERCLUSTERFAIR,1.0,50.91700005531311,0.0,0.0,0.0,0.677186656,0.000241664,0.000241664,25.4995000064373,46.519833306471504,20.827208342651527,43.02183334032694,47.68916662534078,28.12961942243497,51.31807314558356,25.4995000064373,46.519833306471504,28.12961942243497,51.31807314558356,48.473999977111816,53.47380030569422,14.736300015449524,33.573818680205136,30.434666633605957,16.256260359017674,25.986033352216086,49.00864131048686,44.42633334795634,28.666335744308974,31.439699999491374,52.91671256717458,47.96899994214376,34.68251516766837,29.835966658592223,52.29931970053811,47.4093333085378,32.91336641874487,0.6001960905070427,50.0,-0.43441933124299015,70.0,0.6001960905070427,50.0,-0.43441933124299015,70.0,0.6001960905070427,50.0,-0.43441933124299015,70.0,0.5926712252456952,55.0,-0.4506216367827804,95.0,0.6751831386357972,68.0,-0.4449946112520789,112.0,0.6546870052168219,85.0,-0.43388510761547794,125.0,0.6001960905070426,100.0,-0.4344193312429901,140.0,0.5926712252456952,0.6751831386357972,-0.43388510761547794,-0.4506216367827804,0.6001960905070426,100.0,-0.4344193312429901,140.0
42,4_super_small_users,CUSTOM_USERCLUSTERFAIR,2.0,51.0,0.0,0.0,0.0,0.647334584,0.000241664,0.000241664,25.54037499030431,46.63949998219808,20.843114574750263,43.190111094050934,47.74733332792918,28.17471041401468,51.45008271615894,25.54037499030431,46.63949998219808,28.17471041401468,51.45008271615894,48.55800008773804,53.56646452039496,13.280799969037373,32.29637789493932,29.276666561762493,14.65063427362093,27.37293336391449,49.83416075302322,45.17466672261556,30.196286115735788,29.22706663608551,51.494392276489684,46.6796665986379,32.24166203649807,32.28069999217987,53.189556877892294,48.216333309809364,35.61025923020394,0.5552145889338218,55.0,-0.47086422786101884,65.0,0.5552145889338218,55.0,-0.47086422786101884,65.0,0.5552145889338218,55.0,-0.47086422786101884,65.0,0.5482065086462982,62.0,-0.505476856837847,88.0,0.6171591383896642,78.0,-0.49442904610506344,102.0,0.5983219545123326,94.0,-0.48449276883979286,116.0,0.5552145889338219,110.0,-0.47086422786101884,130.0,0.5482065086462982,0.6171591383896642,-0.47086422786101884,-0.505476856837847,0.5552145889338219,110.0,-0.47086422786101884,130.0
43,4_super_small_users,CUSTOM_USERCLUSTERFAIR,1.0,50.89900000890096,0.0,0.0,0.0,0.6716348453333334,0.000241664,0.000241664,25.48966111540794,46.5062222149637,20.814711809986168,43.04461112287309,47.62399997976092,28.118765709220014,51.30305815219381,25.48966111540794,46.5062222149637,28.118765709220014,51.30305815219381,48.46266667048137,53.461298036934764,13.640599997838338,32.04155172825064,29.04566664165921,15.047545502303738,27.06076669163174,49.63436911063296,44.993555598788795,29.851921336604235,29.522777769300674,51.37868478995601,46.57477776209514,32.567873987093954,31.73450000286102,52.79818590550751,47.86155552334256,35.007722010878126,0.5506029557671426,53.33333333333333,-0.45133154546701604,66.66666666666667,0.5506029557671426,53.33333333333333,-0.45133154546701604,66.66666666666667,0.5506029557671426,53.33333333333333,-0.45133154546701604,66.66666666666667,0.5393443706535302,59.33333333333333,-0.4786694488285297,90.66666666666667,0.6095010067736356,75.33333333333334,-0.4735505096279169,104.66666666666667,0.5898388752365534,91.33333333333333,-0.46123180859922897,118.66666666666666,0.5506029557671426,106.66666666666666,-0.45133154546701604,133.33333333333334,0.5393443706535302,0.6095010067736356,-0.45115347092451197,-0.4791087883824119,0.5506029557671426,106.66666666666666,-0.45133154546701604,133.33333333333334
32,4_super_small_users,CUSTOM_USERCLUSTERFAIR_PARTITIONER,0.0,51.28399991989136,0.0,0.0,0.0,0.70681496,0.000264556,0.000264556,25.600858342647552,46.82966663440069,20.89080209285021,43.25711112552219,47.99299999078115,28.24143225885003,51.65986390998421,25.600858342647552,46.82966663440069,28.24143225885003,51.65986390998421,48.93300008773804,53.98014350550252,15.338733339309693,35.86357800174579,32.51033345858256,16.92083104170953,25.468866658210754,48.073542953129305,43.57866668701172,28.09582642935549,29.266033347447713,51.853649492188396,47.005333264668785,32.28464792878953,32.32980002562205,53.54991724526625,48.54299998283386,35.66442363554555,0.5692541823665264,51.0,-0.47138003405097556,69.0,0.5692541823665264,51.0,-0.47138003405097556,69.0,0.5692541823665264,51.0,-0.47138003405097556,69.0,0.580936859100534,57.0,-0.4905260152697989,93.0,0.6377361342323343,72.0,-0.49322058940340124,108.0,0.6168890562699799,89.0,-0.48453311902977,121.0,0.5692541823665265,102.0,-0.47138003405097556,138.0,0.5692541823665265,0.6377361342323343,-0.47138003405097556,-0.49322058940340124,0.5692541823665265,102.0,-0.47138003405097556,138.0
33,4_super_small_users,CUSTOM_USERCLUSTERFAIR_PARTITIONER,1.0,50.632000207901,0.0,0.0,0.0,0.58461544,0.000264556,0.000264556,25.328375007708868,46.429666678110756,20.65003126114607,42.87933332390256,47.52900000413259,27.94084391363361,51.218606374087976,25.328375007708868,46.429666678110756,27.94084391363361,51.218606374087976,48.29900002479553,53.28075016524603,17.452900020281472,39.37929766781739,35.697333335876465,19.253061246863176,26.00003334681193,49.64846481096001,45.006333351135254,28.68177975379143,29.085366654396058,52.41551752541077,47.514666636784874,32.0853465575246,28.77520000934601,52.4471410606512,47.54333337148031,31.743188096355222,0.6627416362626777,46.0,-0.4372959788435742,74.0,0.6627416362626777,46.0,-0.4372959788435742,74.0,0.6627416362626777,46.0,-0.4372959788435742,74.0,0.6685498180803497,54.0,-0.4508952261910511,96.0,0.7129082332961815,68.0,-0.452226526440279,112.0,0.7164863131856634,82.0,-0.44012768049992956,128.0,0.6627416362626779,92.0,-0.4372959788435743,148.0,0.6627416362626779,0.7164863131856634,-0.4372959788435743,-0.452226526440279,0.6627416362626779,92.0,-0.4372959788435743,148.0
34,4_super_small_users,CUSTOM_USERCLUSTERFAIR_PARTITIONER,2.0,51.293999910354614,0.0,0.0,0.0,0.674093872,0.000264556,0.000264556,25.601399989922843,46.910416662693024,20.858822907010715,43.4164999988344,48.037333289782204,28.24202977377037,51.74894281598788,25.601399989922843,46.910416662693024,28.24202977377037,51.74894281598788,48.90700006484985,53.9514617372861,15.262499976158143,35.91469022845889,32.556666692097984,16.836734667576547,27.50999998251597,50.5846662323228,45.854999939600624,30.347490328202937,27.801833351453144,51.47012320264426,46.65766668319702,30.66942454655614,31.831266649564107,53.58779182721639,48.577333291371666,35.11446955274584,0.49001044869948024,53.0,-0.4593621244214293,67.0,0.49001044869948024,53.0,-0.4593621244214293,67.0,0.49001044869948024,53.0,-0.4593621244214293,67.0,0.49093213396791063,60.0,-0.48099955546569173,90.0,0.5594879831754388,76.0,-0.47628316274045523,104.0,0.5390352854243569,92.0,-0.46866025852350535,118.0,0.49001044869948024,106.0,-0.4593621244214293,134.0,0.49001044869948024,0.5594879831754388,-0.4593621244214293,-0.48099955546569173,0.49001044869948024,106.0,-0.4593621244214293,134.0
35,4_super_small_users,CUSTOM_USERCLUSTERFAIR_PARTITIONER,1.0,51.07000001271567,0.0,0.0,0.0,0.6551747573333333,0.000264556,0.000264556,25.51021111342642,46.723249991734825,20.799885420335663,43.184314816086385,47.85311109489865,28.141435315418008,51.54247103335336,25.51021111342642,46.723249991734825,28.141435315418008,51.54247103335336,48.71300005912781,53.73745180267822,16.018044445249767,37.052521966007355,33.58811116218567,17.670208985383084,26.326299995846213,49.43555799880404,44.81333332591586,29.04169883711662,28.71774445109897,51.913096740081144,47.05922219488356,31.679806344290093,30.978755561510724,53.19495004437795,48.221222215228615,34.174027094882206,0.5740020891095614,50.0,-0.4560127124386597,70.0,0.5740020891095614,50.0,-0.4560127124386597,70.0,0.5740020891095614,50.0,-0.4560127124386597,70.0,0.5801396037162647,57.0,-0.4741402656421806,93.0,0.6367107835679849,72.0,-0.47391009286137853,108.0,0.6241368849600001,87.66666666666667,-0.46444035268440165,122.33333333333334,0.5740020891095615,100.0,-0.4560127124386597,140.0,0.5740020891095615,0.6379034768644789,-0.4560127124386597,-0.47548222376979066,0.5740020891095615,100.0,-0.4560127124386597,140.0
4,4_super_small_users,DEFAULT_FAIR,0.0,43.776999950408936,0.0,0.0,0.0,0.672363744,0.000241664,0.000241664,28.905116679271064,42.30475002527237,25.782239593565464,41.05633335643344,42.417500019073486,31.88650488612362,46.668229481822785,28.905116679271064,42.30475002527237,31.88650488612362,46.668229481822785,42.48699998855591,46.869277428081524,32.4321666876475,44.848317761569355,40.65500005086263,35.777348800493655,32.857666667302446,46.75160876353187,42.38033334414164,36.24673653315217,26.130300029118857,46.718882164286214,42.35066668192545,28.825482657604915,24.200333333015443,46.760066201262084,42.38800001144409,26.696451553243726,0.6276119592720075,60.0,-0.2901619649835109,60.0,0.6276119592720075,60.0,-0.2901619649835109,60.0,0.6276119592720075,60.0,-0.2901619649835109,60.0,0.6727670232030448,82.0,-0.27642879003684784,68.0,0.6544127905332288,106.0,-0.2755992157895839,74.0,0.630293989094055,117.0,-0.2768133678680752,93.0,0.6276119592720076,120.0,-0.2901619649835109,120.0,0.6276119592720076,0.6727670232030448,-0.2755992157895839,-0.2901619649835109,0.6276119592720076,120.0,-0.2901619649835109,120.0
5,4_super_small_users,DEFAULT_FAIR,1.0,43.70899987220764,0.0,0.0,0.0,0.523270128,0.000241664,0.000241664,28.87269167304039,41.92008330424627,25.860770843923092,40.53727776474423,42.06966666380564,31.850735436337988,46.24388671179952,28.87269167304039,41.92008330424627,31.850735436337988,46.24388671179952,42.12100005149841,46.465526808051195,32.209266662597656,46.107372744027735,41.79633339246114,35.531457984112144,32.61396667957306,46.29564258977319,41.967000007629395,35.977900363566526,27.068700003623963,46.32873678935058,41.9969998995463,29.86067292181353,23.59883334636688,37.50027582737031,33.99400003751119,26.03291047585977,0.8019520522357725,52.0,-0.2685559579266949,68.0,0.8019520522357725,52.0,-0.2685559579266949,68.0,0.8019520522357725,52.0,-0.2685559579266949,68.0,0.8110162814598335,73.0,-0.2576591936334332,77.0,0.8463740611916124,91.0,-0.2537567589219989,89.0,0.8123252637270071,102.0,-0.257748631080069,108.0,0.8019520522357725,104.0,-0.2685559579266949,136.0,0.8019520522357725,0.8463740611916124,-0.2537567589219989,-0.2685559579266949,0.8019520522357725,104.0,-0.2685559579266949,136.0
6,4_super_small_users,DEFAULT_FAIR,2.0,43.98900008201599,0.0,0.0,0.0,0.654789056,0.000241664,0.000241664,29.05073333978653,42.1259999871254,26.028343754510086,40.744166692097984,42.32866664727529,32.04714102568839,46.47104245683993,29.05073333978653,42.1259999871254,32.04714102568839,46.47104245683993,42.371999979019165,46.74241586212814,32.758233340581256,44.765581911945844,40.58000000317892,36.13704725932847,34.701833375295,46.69203901141854,42.326333363850914,38.28111789883618,24.927866633733114,46.67659488796508,42.312333265940346,27.499025519837957,23.815000009536742,37.81062694436641,34.275333325068154,26.271373424750955,0.6083665777585473,60.0,-0.25364024535586743,60.0,0.6083665777585473,60.0,-0.25364024535586743,60.0,0.6083665777585473,60.0,-0.25364024535586743,60.0,0.6277233425888774,84.0,-0.23893776743829198,66.0,0.6319700866297143,109.0,-0.23276083250330018,71.0,0.6158695360640362,118.0,-0.2414877156492004,92.0,0.6083665777585473,120.0,-0.25364024535586743,120.0,0.6083665777585473,0.6319700866297143,-0.23276083250330018,-0.25364024535586743,0.6083665777585473,120.0,-0.25364024535586743,120.0
7,4_super_small_users,DEFAULT_FAIR,1.0,43.824999968210854,0.0,0.0,0.0,0.6168076426666667,0.000241664,0.000241664,28.94284723069933,42.11694443888135,25.890451397332882,40.77925927109189,42.27194444338481,31.92812711605,46.46105288348741,28.94284723069933,42.11694443888135,31.92812711605,46.46105288348741,42.3266666730245,46.69240669942028,32.4665555636088,45.24042413918098,41.010444482167564,35.815284681311425,33.39115557405684,46.57976345490787,42.22455557187398,36.83525159851829,26.04228888882531,46.574737947200624,42.21999994913737,28.728393699752132,23.871388896306357,40.690322990999604,36.88577779134115,26.33357848461815,0.6793101964221091,57.33333333333333,-0.27078605608869105,62.66666666666667,0.6793101964221091,57.33333333333333,-0.27078605608869105,62.66666666666667,0.6793101964221091,57.33333333333333,-0.27078605608869105,62.66666666666667,0.7038355490839185,79.66666666666666,-0.2576752503695243,70.33333333333334,0.7109189794515185,102.0,-0.25403893573829434,78.0,0.6861629296283661,112.33333333333334,-0.2586832381991149,97.66666666666667,0.6793101964221091,114.66666666666666,-0.27078605608869105,125.33333333333334,0.6793101964221091,0.7170370570081238,-0.25403893573829434,-0.27078605608869105,0.6793101964221091,114.66666666666666,-0.27078605608869105,125.33333333333334
20,4_super_small_users,DEFAULT_FAIR_PARTITIONER,0.0,43.682000160217285,0.0,0.0,0.0,0.697552312,0.000264556,0.000264556,28.750750013192494,42.012166698773704,25.659916674097378,40.77511114544339,42.13100004196167,31.716216230769433,46.34546795231517,28.750750013192494,42.012166698773704,31.716216230769433,46.34546795231517,42.182000160217285,46.53281870956126,30.962266675631206,44.42103318068709,40.26766657829285,34.15583748001236,32.73870001633962,46.49494403994112,42.14766677220663,36.115499190666974,26.15896666844686,46.44309626188451,42.100666761398315,28.85710608764132,25.143066692352296,45.789299565304894,41.50800005594889,27.73642216475708,0.7735824129378822,50.0,-0.28528574429054504,70.0,0.7735824129378822,50.0,-0.28528574429054504,70.0,0.7735824129378822,50.0,-0.28528574429054504,70.0,0.7678376366541572,70.0,-0.2782805763055838,80.0,0.7946792588301507,88.0,-0.26822666643414833,92.0,0.7865858339278065,98.0,-0.27081615707626233,112.0,0.7735824129378824,100.0,-0.285285744290545,140.0,0.7678376366541572,0.7946792588301507,-0.26822666643414833,-0.285285744290545,0.7735824129378824,100.0,-0.285285744290545,140.0
21,4_super_small_users,DEFAULT_FAIR_PARTITIONER,1.0,43.77300000190735,0.0,0.0,0.0,0.609407104,0.000264556,0.000264556,28.969591671228407,42.206416646639504,25.925208340088528,40.743611097335815,42.35766669114431,31.957630084090905,46.55975360908935,28.969591671228407,42.206416646639504,31.957630084090905,46.55975360908935,42.41199994087219,46.786541578458014,32.10423334439596,44.6788012312931,40.5013333161672,35.41559111350905,31.84120000998179,46.52987676719726,42.17933328946432,35.125427479295965,28.65010001659393,46.769626790667566,42.39666668574015,31.60518479491884,23.282833313941957,29.060489137638665,26.34333340326945,25.684316948639776,0.7311111863806222,52.0,-0.2890742115961765,68.0,0.7311111863806222,52.0,-0.2890742115961765,68.0,0.7311111863806222,52.0,-0.2890742115961765,68.0,0.748406673788177,73.0,-0.2792973209576147,77.0,0.748517527252543,91.0,-0.2677895506339276,89.0,0.7311111863806222,104.0,-0.2683322251636862,106.0,0.7311111863806222,104.0,-0.2890742115961765,136.0,0.7311111863806222,0.748517527252543,-0.2677895506339276,-0.2890742115961765,0.7311111863806222,104.0,-0.2890742115961765,136.0
22,4_super_small_users,DEFAULT_FAIR_PARTITIONER,2.0,43.5310001373291,0.0,0.0,0.0,0.667037824,0.000264556,0.000264556,28.880591662724814,41.950499991575875,25.82655207812786,40.788388888041176,42.02183334032694,31.85945026224469,46.27744069671911,28.880591662724814,41.950499991575875,31.85945026224469,46.27744069671911,42.06500005722046,46.40375075258738,30.468166621526084,46.24379472404658,41.91999991734823,33.6107739895489,34.30043336550395,46.299319732800676,41.97033333778381,37.838315902376124,26.54776668548584,46.281669393666725,41.95433330535889,29.286008478197285,24.20599997838338,40.21879013112021,36.458333253860474,26.70270267885646,0.6586329522911284,53.0,-0.27408399015618096,67.0,0.6586329522911284,53.0,-0.27408399015618096,67.0,0.6586329522911284,53.0,-0.27408399015618096,67.0,0.6594873592331497,73.0,-0.26352352347309216,77.0,0.6988993790854817,93.0,-0.2565372635788392,87.0,0.670015132250315,104.0,-0.2500162286392051,106.0,0.6586329522911283,106.0,-0.27408399015618096,134.0,0.6586329522911283,0.6988993790854817,-0.2500162286392051,-0.27408399015618096,0.6586329522911283,106.0,-0.27408399015618096,134.0
23,4_super_small_users,DEFAULT_FAIR_PARTITIONER,1.0,43.66200009981791,0.0,0.0,0.0,0.65799908,0.000264556,0.000264556,28.866977782381905,42.0563611123297,25.80389236410459,40.769037043606794,42.17016669114431,31.844432192368345,46.394220752707874,28.866977782381905,42.0563611123297,31.844432192368345,46.394220752707874,42.219666719436646,46.57437034686888,31.178222213851086,45.11454304534226,40.89633327060276,34.394067527690105,32.96011113060845,46.44138017997969,42.09911113315158,36.35974752411302,27.118944456842208,46.49813081540627,42.15055558416579,29.916099786919148,24.21063332822588,38.35619294468792,34.769888904359604,26.707813930751108,0.7211088505365444,51.66666666666667,-0.2828146486809675,68.33333333333333,0.7211088505365444,51.66666666666667,-0.2828146486809675,68.33333333333333,0.7211088505365444,51.66666666666667,-0.2828146486809675,68.33333333333333,0.725243889891828,72.0,-0.2737004735787636,78.0,0.7473653883893918,90.66666666666666,-0.2641844935489717,89.33333333333334,0.7292373841862478,102.0,-0.2630548702930512,108.0,0.7211088505365443,103.33333333333334,-0.2828146486809675,136.66666666666666,0.7191939251086359,0.7473653883893918,-0.2620108152357603,-0.2828146486809675,0.7211088505365443,103.33333333333334,-0.2828146486809675,136.66666666666666
36,4_super_small_users,TRUE_FIFO,0.0,50.668999910354614,0.0,0.0,0.0,0.56812236,0.000241664,0.000241664,25.063016670942307,46.27425001064936,20.356000003715355,42.696222239070465,47.475666642189026,27.64811546711782,51.04715941605003,25.063016670942307,46.27425001064936,27.64811546711782,51.04715941605003,48.2960000038147,53.27744071022029,9.096066689491272,23.203162371969807,21.033666690190632,10.034271030878399,21.13623331387838,40.08163259975786,36.333999951680504,23.31630812341795,31.541533335049948,50.36881777003618,45.6593333085378,34.79485199674567,38.47823334534963,52.928479547600546,47.9796667098999,42.44703071742925,0.4372781498159348,53.0,-0.4437166869678237,67.0,0.4372781498159348,53.0,-0.4437166869678237,67.0,0.4372781498159348,53.0,-0.4437166869678237,67.0,0.432983506670861,55.0,-0.4948431429344689,95.0,0.5112888664125191,64.0,-0.4798825547673735,116.0,0.502265856792885,81.0,-0.4563853559141379,129.0,0.4372781498159348,106.0,-0.4437166869678237,134.0,0.432983506670861,0.5112888664125191,-0.4437166869678237,-0.4948431429344689,0.4372781498159348,106.0,-0.4437166869678237,134.0
37,4_super_small_users,TRUE_FIFO,1.0,51.282999992370605,0.0,0.0,0.0,0.606969104,0.000241664,0.000241664,25.413733341296513,46.99316666523615,20.62102084358533,43.38133333788978,48.19433331489563,28.035006443790966,51.84022798150706,25.413733341296513,46.99316666523615,28.035006443790966,51.84022798150706,49.079999923706055,54.14230548671379,9.642866683006286,25.10976291662806,22.76200008392334,10.63747014120936,20.670800002415977,39.57050928058683,35.87066666285197,22.80286817696191,32.661066659291585,51.03732303872575,46.2653333346049,36.02985842172265,38.680200020472206,53.41496592958438,48.42066661516825,42.66982903526994,0.5092877300672257,52.0,-0.45656629805834803,68.0,0.5092877300672257,52.0,-0.45656629805834803,68.0,0.5092877300672257,52.0,-0.45656629805834803,68.0,0.5197801720466051,55.0,-0.5123297876477858,95.0,0.5671825644966022,64.0,-0.49723634803373895,116.0,0.5524600305407925,82.0,-0.47069235101981755,128.0,0.5092877300672257,104.0,-0.45656629805834803,136.0,0.5092877300672257,0.5671825644966022,-0.45656629805834803,-0.5123297876477858,0.5092877300672257,104.0,-0.45656629805834803,136.0
38,4_super_small_users,TRUE_FIFO,2.0,51.007000207901,0.0,0.0,0.0,0.627397464,0.000241664,0.000241664,25.236024991671243,46.65183335542679,20.48058332502842,43.069111082288956,47.82383338610331,27.838968551209312,51.463688202346155,25.236024991671243,46.65183335542679,27.838968551209312,51.463688202346155,48.62600016593933,53.64147839596175,8.564033325513204,18.224305978569173,16.520333369572956,9.447361638734918,22.624500012397768,42.46368818498749,38.49333333969116,24.958080543185627,31.778799978892007,51.19985288327879,46.41266663869222,35.05659126187756,37.976766649882,53.407244043197664,48.41366672515869,41.89384076103916,0.4592479007094933,51.0,-0.4352831656622129,69.0,0.4592479007094933,51.0,-0.4352831656622129,69.0,0.4592479007094933,51.0,-0.4352831656622129,69.0,0.45418099344540114,52.0,-0.49217856302869123,98.0,0.49036180863661516,62.0,-0.4633208507523977,118.0,0.48892991944225617,81.0,-0.45050105404539953,129.0,0.4592479007094932,102.0,-0.4352831656622129,138.0,0.45418099344540114,0.49036180863661516,-0.4352831656622129,-0.49217856302869123,0.4592479007094932,102.0,-0.4352831656622129,138.0
39,4_super_small_users,TRUE_FIFO,1.0,50.98633337020874,0.0,0.0,0.0,0.6008296426666666,0.000241664,0.000241664,25.237591667970023,46.63975001043743,20.485868057443035,43.0488888864164,47.83127778106265,27.84069682070603,51.450358533301085,25.237591667970023,46.63975001043743,27.84069682070603,51.450358533301085,48.667333364486694,53.68707486429861,9.10098889933692,22.17907708905568,20.105333381228977,10.039700936940893,21.477177776230707,40.70527668844406,36.89933331807455,23.692418947855163,31.99379999107785,50.86866456401357,46.112444427278305,35.29376722678196,38.37840000523461,53.25022984012753,48.271333350075615,42.336900171246114,0.46860459353088457,52.0,-0.4451887168961282,68.0,0.46860459353088457,52.0,-0.4451887168961282,68.0,0.46860459353088457,52.0,-0.4451887168961282,68.0,0.46898155738762237,54.0,-0.49978383120364867,96.0,0.5229444131819121,63.33333333333333,-0.48014658451783676,116.66666666666666,0.5145519355919779,81.33333333333333,-0.45919292032645165,128.66666666666666,0.46860459353088457,104.0,-0.4451887168961282,136.0,0.4654840767278293,0.5229444131819121,-0.4451887168961282,-0.49978383120364867,0.46860459353088457,104.0,-0.4451887168961282,136.0
16,4_super_small_users,TRUE_FIFO_PARTITIONER,0.0,50.84400010108948,0.0,0.0,0.0,0.672021064,0.000264556,0.000264556,25.38046665787697,46.65116665760676,20.648885406553745,43.13572221332126,47.82000001271566,27.998308502897924,51.46295273867265,25.38046665787697,46.65116665760676,27.998308502897924,51.46295273867265,48.65400004386902,53.672366292188656,8.261333298683166,14.70932151316106,13.333999951680502,9.113439932358705,20.031866653760275,33.86725492174079,30.700666586558025,22.098032712366546,31.42003333568573,48.95752882076375,44.37999987602234,34.660820006272175,41.8086333433787,53.47747753639172,48.4773333867391,46.120941360594244,0.31541265036984656,58.0,-0.4864470272156322,62.0,0.31541265036984656,58.0,-0.4864470272156322,62.0,0.31541265036984656,58.0,-0.4864470272156322,62.0,0.31541265036984656,58.0,-0.5326145244489253,92.0,0.31671987450731515,70.0,-0.5196459757383842,110.0,0.35951544360366106,89.0,-0.4958074886144683,121.0,0.3154126503698465,116.0,-0.4864470272156322,124.0,0.3154126503698465,0.35951544360366106,-0.4864470272156322,-0.5326145244489253,0.3154126503698465,116.0,-0.4864470272156322,124.0
17,4_super_small_users,TRUE_FIFO_PARTITIONER,1.0,50.787999868392944,0.0,0.0,0.0,0.646995448,0.000264556,0.000264556,25.293633351723354,46.53983340660731,20.576562516391277,42.990777783923676,47.675333420435585,27.902518865662827,51.34013613525351,25.293633351723354,46.53983340660731,27.902518865662827,51.34013613525351,48.57200002670288,53.581908468508416,10.177333362897237,27.007538160214335,24.482333342234295,11.227063831105609,21.976800004641216,49.39621260640024,44.77766672770182,24.243574191551257,30.47146669228872,50.70821834325045,45.96699992815653,33.61441444267923,38.548933347066246,52.696083897855225,47.76900005340576,42.52502299731521,0.3438918267367127,51.0,-0.4234929496564844,69.0,0.3438918267367127,51.0,-0.4234929496564844,69.0,0.3438918267367127,51.0,-0.4234929496564844,69.0,0.34246881545819396,54.0,-0.4759167356648863,96.0,0.3626422420353419,65.0,-0.4646197705026544,115.0,0.3817053070036623,83.0,-0.44550262122618084,127.0,0.3438918267367127,102.0,-0.4234929496564843,138.0,0.34246881545819396,0.3817053070036623,-0.4234929496564843,-0.4759167356648863,0.3438918267367127,102.0,-0.4234929496564843,138.0
18,4_super_small_users,TRUE_FIFO_PARTITIONER,2.0,50.79200005531311,0.0,0.0,0.0,0.68296548,0.000264556,0.000264556,25.155333318312962,46.48116664091746,20.424364569286507,42.8765555355284,47.68716665108999,27.74995401909869,51.27541824701319,25.155333318312962,46.48116664091746,27.74995401909869,51.27541824701319,48.456000089645386,53.45394383854978,9.704366644223532,29.414965883294627,26.664666573206585,10.705313451984038,25.215533312161764,44.583930800911865,40.41533327102661,27.816363278722296,27.95683331489563,52.086780605607224,47.21666661898295,30.8404118200724,37.74460000197093,52.95238102111423,48.00133339564005,41.63772752561602,0.4188004805814289,47.0,-0.43531263770512996,73.0,0.4188004805814289,47.0,-0.43531263770512996,73.0,0.4188004805814289,47.0,-0.43531263770512996,73.0,0.4117554244822333,48.0,-0.488369996920334,102.0,0.4640253795853797,61.0,-0.468118308534871,119.0,0.47448094626783516,76.0,-0.45635462763125834,134.0,0.4188004805814289,94.0,-0.4353126377051299,146.0,0.4117554244822333,0.47448094626783516,-0.4353126377051299,-0.488369996920334,0.4188004805814289,94.0,-0.4353126377051299,146.0
19,4_super_small_users,TRUE_FIFO_PARTITIONER,1.0,50.808000008265175,0.0,0.0,0.0,0.6673273306666666,0.000264556,0.000264556,25.276477775971095,46.55738890171051,20.549937497410507,43.001018510924446,47.727500028080414,27.883593795886483,51.35950237364645,25.276477775971095,46.55738890171051,27.883593795886483,51.35950237364645,48.56066672007242,53.569406199748954,9.381011101934645,23.710608518890005,21.493666622373794,10.348605738482785,22.40806665685442,42.61579944301763,38.63122219509549,24.71932339421337,29.949444447623357,50.58417592320714,45.854555474387276,33.038548756341264,39.367388897471955,53.04198081845372,48.0825556119283,43.42789729450849,0.35936831922932944,51.99999999999999,-0.4484175381924156,68.0,0.35936831922932944,51.99999999999999,-0.4484175381924156,68.0,0.35936831922932944,51.99999999999999,-0.4484175381924156,68.0,0.35654563010342455,53.33333333333333,-0.4989670856780486,96.66666666666667,0.38112916537601227,65.33333333333333,-0.4841280182586365,114.66666666666666,0.4052338989583862,82.66666666666667,-0.46588824582396915,127.33333333333334,0.3593683192293294,103.99999999999999,-0.4484175381924155,136.0,0.35654563010342455,0.4052338989583862,-0.4484175381924155,-0.4989670856780486,0.3593683192293294,103.99999999999999,-0.4484175381924155,136.0
