,Config,Scheduler,Iteration,total time,cpu time,write to cpu ratio,task scheduler delay,peak JVM,total shuffle read,total shuffle write,average response time,average response time (worst10%),average response time (worst80),average response time (worst95),average response time (worst100),average proportional slowdown,average proportional slowdown (worst10%),user_1 average response time,user_1 average proportional slowdown (worst 10%),user_1 average response time (worst 10%),user_1 average proportional slowdown,user_2 average response time,user_2 average proportional slowdown (worst 10%),user_2 average response time (worst 10%),user_2 average proportional slowdown,user_3 average response time,user_3 average proportional slowdown (worst 10%),user_3 average response time (worst 10%),user_3 average proportional slowdown,user_4 average response time,user_4 average proportional slowdown (worst 10%),user_4 average response time (worst 10%),user_4 average proportional slowdown,user_5 average response time,user_5 average proportional slowdown (worst 10%),user_5 average response time (worst 10%),user_5 average proportional slowdown,user_6 average response time,user_6 average proportional slowdown (worst 10%),user_6 average response time (worst 10%),user_6 average proportional slowdown,user_7 average response time,user_7 average proportional slowdown (worst 10%),user_7 average response time (worst 10%),user_7 average proportional slowdown,user_8 average response time,user_8 average proportional slowdown (worst 10%),user_8 average response time (worst 10%),user_8 average proportional slowdown,user_9 average response time,user_9 average proportional slowdown (worst 10%),user_9 average response time (worst 10%),user_9 average proportional slowdown,user_10 average response time,user_10 average proportional slowdown (worst 10%),user_10 average response time (worst 10%),user_10 average proportional slowdown,user_11 average response time,user_11 average proportional slowdown (worst 10%),user_11 average response time (worst 10%),user_11 average proportional slowdown,user_12 average response time,user_12 average proportional slowdown (worst 10%),user_12 average response time (worst 10%),user_12 average proportional slowdown,user_13 average response time,user_13 average proportional slowdown (worst 10%),user_13 average response time (worst 10%),user_13 average proportional slowdown,user_14 average response time,user_14 average proportional slowdown (worst 10%),user_14 average response time (worst 10%),user_14 average proportional slowdown,user_15 average response time,user_15 average proportional slowdown (worst 10%),user_15 average response time (worst 10%),user_15 average proportional slowdown,user_16 average response time,user_16 average proportional slowdown (worst 10%),user_16 average response time (worst 10%),user_16 average proportional slowdown,user_17 average response time,user_17 average proportional slowdown (worst 10%),user_17 average response time (worst 10%),user_17 average proportional slowdown,user_18 average response time,user_18 average proportional slowdown (worst 10%),user_18 average response time (worst 10%),user_18 average proportional slowdown,user_19 average response time,user_19 average proportional slowdown (worst 10%),user_19 average response time (worst 10%),user_19 average proportional slowdown,user_20 average response time,user_20 average proportional slowdown (worst 10%),user_20 average response time (worst 10%),user_20 average proportional slowdown,user_21 average response time,user_21 average proportional slowdown (worst 10%),user_21 average response time (worst 10%),user_21 average proportional slowdown,user_22 average response time,user_22 average proportional slowdown (worst 10%),user_22 average response time (worst 10%),user_22 average proportional slowdown,user_23 average response time,user_23 average proportional slowdown (worst 10%),user_23 average response time (worst 10%),user_23 average proportional slowdown,user_24 average response time,user_24 average proportional slowdown (worst 10%),user_24 average response time (worst 10%),user_24 average proportional slowdown,user_25 average response time,user_25 average proportional slowdown (worst 10%),user_25 average response time (worst 10%),user_25 average proportional slowdown,user_26 average response time,user_26 average proportional slowdown (worst 10%),user_26 average response time (worst 10%),user_26 average proportional slowdown,user_27 average response time,user_27 average proportional slowdown (worst 10%),user_27 average response time (worst 10%),user_27 average proportional slowdown,loop20_ DVR,loop20_ violation count,loop20_ DSR,loop20_ slack count,loop100_ DVR,loop100_ violation count,loop100_ DSR,loop100_ slack count,loop1000_ DVR,loop1000_ violation count,loop1000_ DSR,loop1000_ slack count,user_1 DVR,user_1 violation count,user_1 DSR,user_1 slack count,user_2 DVR,user_2 violation count,user_2 DSR,user_2 slack count,user_3 DVR,user_3 violation count,user_3 DSR,user_3 slack count,user_4 DVR,user_4 violation count,user_4 DSR,user_4 slack count,user_5 DVR,user_5 violation count,user_5 DSR,user_5 slack count,user_6 DVR,user_6 violation count,user_6 DSR,user_6 slack count,user_7 DVR,user_7 violation count,user_7 DSR,user_7 slack count,user_8 DVR,user_8 violation count,user_8 DSR,user_8 slack count,user_9 DVR,user_9 violation count,user_9 DSR,user_9 slack count,user_10 DVR,user_10 violation count,user_10 DSR,user_10 slack count,user_11 DVR,user_11 violation count,user_11 DSR,user_11 slack count,user_12 DVR,user_12 violation count,user_12 DSR,user_12 slack count,user_13 DVR,user_13 violation count,user_13 DSR,user_13 slack count,user_14 DVR,user_14 violation count,user_14 DSR,user_14 slack count,user_15 DVR,user_15 violation count,user_15 DSR,user_15 slack count,user_16 DVR,user_16 violation count,user_16 DSR,user_16 slack count,user_17 DVR,user_17 violation count,user_17 DSR,user_17 slack count,user_18 DVR,user_18 violation count,user_18 DSR,user_18 slack count,user_19 DVR,user_19 violation count,user_19 DSR,user_19 slack count,user_20 DVR,user_20 violation count,user_20 DSR,user_20 slack count,user_21 DVR,user_21 violation count,user_21 DSR,user_21 slack count,user_22 DVR,user_22 violation count,user_22 DSR,user_22 slack count,user_23 DVR,user_23 violation count,user_23 DSR,user_23 slack count,user_24 DVR,user_24 violation count,user_24 DSR,user_24 slack count,user_25 DVR,user_25 violation count,user_25 DSR,user_25 slack count,user_26 DVR,user_26 violation count,user_26 DSR,user_26 slack count,user_27 DVR,user_27 violation count,user_27 DSR,user_27 slack count,best user DVR,worst user DVR ,best user DSR,worst user DSR,Total DVR,Total violations,Total DSR,Total gains
0,hetero_macro,DEFAULT_FAIR,0,644.710000038147,0,0,0,0.708596096,0.001570678,0.001570678,55.7420226114368,130.16254543174398,40.21977839822119,106.55324240886804,143.67074996232986,55.7420226114368,130.16254543174398,56.174925910102,125.11237499117851,125.11237499117851,56.174925910102,44.90110524077164,177.54299998283386,177.54299998283386,44.90110524077164,113.35800004005432,113.35800004005432,113.35800004005432,113.35800004005432,15.096500039100647,20.22000002861023,20.22000002861023,15.096500039100647,81.3730000257492,106.89199995994568,106.89199995994568,81.3730000257492,72.49566666285197,74.75099992752075,74.75099992752075,72.49566666285197,100.96300005912781,100.96300005912781,100.96300005912781,100.96300005912781,85.23285715920585,142.55799984931946,142.55799984931946,85.23285715920585,85.7350000275506,116.84100008010864,116.84100008010864,85.7350000275506,71.1489999294281,71.1489999294281,71.1489999294281,71.1489999294281,91.60033329327901,154.15899991989136,154.15899991989136,91.60033329327901,95.86636356873946,111.66999983787537,111.66999983787537,95.86636356873946,41.91319994926452,100.94400000572205,100.94400000572205,41.91319994926452,29.89800000190735,29.89800000190735,29.89800000190735,29.89800000190735,21.24399995803833,21.24399995803833,21.24399995803833,21.24399995803833,86.66166663169861,87.57599997520447,87.57599997520447,86.66166663169861,59.28869230930622,101.33400011062622,101.33400011062622,59.28869230930622,54.77099998792013,103.94299983978271,103.94299983978271,54.77099998792013,40.526552633235326,134.6263333161672,134.6263333161672,40.526552633235326,8.620000123977661,8.620000123977661,8.620000123977661,8.620000123977661,24.447666724522907,43.26600003242493,43.26600003242493,24.447666724522907,3.680000066757202,3.680000066757202,3.680000066757202,3.680000066757202,52.29249995946884,135.85599994659424,135.85599994659424,52.29249995946884,73.27099990844727,73.27099990844727,73.27099990844727,73.27099990844727,14.06849992275238,45.72200012207031,45.72200012207031,14.06849992275238,6.2459999322891235,8.458999872207642,8.458999872207642,6.2459999322891235,89.60699987411499,89.60699987411499,89.60699987411499,89.60699987411499,,0,,0,,0,,0,,0,,0,10.288019003170733,72,-0.2853556419636621,9,10.796848940345875,89,-0.2548288834272444,11,10.704742424709746,90,-0.2548288834272444,11,10.478732687471727,92,-0.2548288834272444,11,10.59559441122831,94,-0.2548288834272444,11,10.316306529470898,97,-0.2548288834272444,11,10.283867517726888,98,-0.2548288834272444,11,10.302034979930458,104,-0.24485970548564606,12,10.239311236815555,108,-0.30257907873071876,17,10.213448622895903,109,-0.30257907873071876,17,10.0741684390045,111,-0.2981597349613637,18,9.367145937716606,121,-0.2876788099159639,19,9.32410590079849,124,-0.2839327138756091,21,9.339953836969622,125,-0.2839327138756091,21,9.320420505883897,126,-0.2839327138756091,21,9.539089101448466,129,-0.2839327138756091,21,9.186366708582389,140,-0.32972451167107447,23,9.241732808034604,143,-0.32972451167107447,23,10.258794343357625,180,-0.3193119332390189,24,10.206476448304961,181,-0.3193119332390189,24,10.165184112629142,184,-0.3193119332390189,24,10.111687900890553,185,-0.3193119332390189,24,10.343221229384488,189,-0.3193119332390189,24,10.496390398687097,190,-0.3193119332390189,24,10.507770201076003,193,-0.3066329182004764,25,10.456803027938276,194,-0.30378474376012243,26,10.597747100944622,195,-0.30378474376012243,26,9.186366708582389,10.796848940345875,-0.24485970548564606,-0.32972451167107447,10.597747100944622,195,-0.30378474376012243,26
1,hetero_macro,DEFAULT_FAIR,1,642.0520000457764,0,0,0,0.732106216,0.001570678,0.001570678,56.47204976923325,130.07159092209557,41.179590902545236,107.26766667221531,141.07349999745688,56.47204976923325,130.07159092209557,57.49128394656711,124.27862501144409,124.27862501144409,57.49128394656711,46.153157899254246,174.85600018501282,174.85600018501282,46.153157899254246,121.73800015449524,121.73800015449524,121.73800015449524,121.73800015449524,15.080999851226807,20.764999866485596,20.764999866485596,15.080999851226807,76.69349992275238,97.27999997138977,97.27999997138977,76.69349992275238,72.75533326466878,74.95499992370605,74.95499992370605,72.75533326466878,98.83999991416931,98.83999991416931,98.83999991416931,98.83999991416931,72.75471435274396,138.40300011634827,138.40300011634827,72.75471435274396,84.30488885773553,129.36899995803833,129.36899995803833,84.30488885773553,69.16800022125244,69.16800022125244,69.16800022125244,69.16800022125244,89.90899999936421,150.36099982261658,150.36099982261658,89.90899999936421,95.68072726509787,106.66400003433228,106.66400003433228,95.68072726509787,41.65980000495911,100.60699987411499,100.60699987411499,41.65980000495911,28.688000202178955,28.688000202178955,28.688000202178955,28.688000202178955,29.075999975204468,29.075999975204468,29.075999975204468,29.075999975204468,87.46499991416931,88.54499983787537,88.54499983787537,87.46499991416931,68.21984613858737,112.86300015449524,112.86300015449524,68.21984613858737,46.699999968210854,102.7829999923706,102.7829999923706,46.699999968210854,40.90586841733832,133.16300002733865,133.16300002733865,40.90586841733832,9.375,9.375,9.375,9.375,22.51466663678487,43.58800005912781,43.58800005912781,22.51466663678487,3.7089998722076416,3.7089998722076416,3.7089998722076416,3.7089998722076416,61.45950001478195,132.34299993515015,132.34299993515015,61.45950001478195,74.8600001335144,74.8600001335144,74.8600001335144,74.8600001335144,12.986500024795532,43.7720000743866,43.7720000743866,12.986500024795532,6.5644999742507935,9.174000024795532,9.174000024795532,6.5644999742507935,88.57599997520447,88.57599997520447,88.57599997520447,88.57599997520447,,0,,0,,0,,0,,0,,0,10.097287125965233,74,-0.35738977157857627,7,11.045116433233822,89,-0.25646017301202356,11,10.953220409280087,90,-0.25646017301202356,11,10.72114313365589,92,-0.25646017301202356,11,10.804201129200482,94,-0.25646017301202356,11,10.518739333987387,97,-0.25646017301202356,11,10.482494105921468,98,-0.25646017301202356,11,10.504878986585558,102,-0.21524800295238417,14,10.414219026747281,106,-0.2706915937691874,19,10.384060353677993,107,-0.2706915937691874,19,10.239224922953749,109,-0.2692343514254941,20,9.428739644455566,120,-0.2692343514254941,20,9.378446482916795,123,-0.2683127355337333,22,9.389911944953877,124,-0.2683127355337333,22,9.393110779513682,125,-0.2683127355337333,22,9.61622908663632,128,-0.2683127355337333,22,9.351711390712264,138,-0.3045934260494391,25,9.346963256358373,141,-0.3045934260494391,25,10.341324632617972,179,-0.3045934260494391,25,10.289140292938416,180,-0.3045934260494391,25,10.223736583764651,183,-0.3045934260494391,25,10.169711719549454,184,-0.3045934260494391,25,10.512512980573653,188,-0.3045934260494391,25,10.670233774871853,189,-0.3045934260494391,25,10.724970652683322,191,-0.2845903566302977,27,10.673085366861464,192,-0.28306101399425704,28,10.812079305434384,193,-0.28306101399425704,28,9.346963256358373,11.045116433233822,-0.21524800295238417,-0.35738977157857627,10.812079305434384,193,-0.28306101399425704,28
2,hetero_macro,DEFAULT_FAIR,2,641.819000005722,0,0,0,0.72302992,0.001570678,0.001570678,54.068660642226895,128.05627275596964,38.693278416991234,104.35575759772098,141.2847499847412,54.068660642226895,128.05627275596964,54.97907408078512,122.2711250782013,122.2711250782013,54.97907408078512,43.9888947762941,174.63699984550476,174.63699984550476,43.9888947762941,121.16000008583069,121.16000008583069,121.16000008583069,121.16000008583069,15.50849997997284,21.019999980926514,21.019999980926514,15.50849997997284,28.673500061035156,55.15700006484985,55.15700006484985,28.673500061035156,72.1736666361491,74.02300000190735,74.02300000190735,72.1736666361491,99.17000007629395,99.17000007629395,99.17000007629395,99.17000007629395,84.33099995340619,139.5239999294281,139.5239999294281,84.33099995340619,81.4806666109297,116.1710000038147,116.1710000038147,81.4806666109297,69.0699999332428,69.0699999332428,69.0699999332428,69.0699999332428,90.52233330408733,152.5420000553131,152.5420000553131,90.52233330408733,95.50627274946733,108.99100017547607,108.99100017547607,95.50627274946733,41.43899998664856,100.13399982452393,100.13399982452393,41.43899998664856,29.394999980926514,29.394999980926514,29.394999980926514,29.394999980926514,8.771000146865845,8.771000146865845,8.771000146865845,8.771000146865845,85.34166661898296,86.2279999256134,86.2279999256134,85.34166661898296,57.57361542261564,100.3510000705719,100.3510000705719,57.57361542261564,41.48366665840149,95.24699997901917,95.24699997901917,41.48366665840149,40.337131575534215,132.47200004259744,132.47200004259744,40.337131575534215,8.696000099182129,8.696000099182129,8.696000099182129,8.696000099182129,22.547666708628338,43.12100005149841,43.12100005149841,22.547666708628338,3.6480000019073486,3.6480000019073486,3.6480000019073486,3.6480000019073486,50.767500042915344,131.96799993515015,131.96799993515015,50.767500042915344,70.98900008201599,70.98900008201599,70.98900008201599,70.98900008201599,13.443250060081482,43.22800016403198,43.22800016403198,13.443250060081482,8.395000100135803,8.397000074386597,8.397000074386597,8.395000100135803,88.30200004577637,88.30200004577637,88.30200004577637,88.30200004577637,,0,,0,,0,,0,,0,,0,10.330547702053899,70,-0.24105825980956563,11,10.736567026508082,87,-0.2054191787423102,13,10.645826860023972,88,-0.2054191787423102,13,10.416652669962927,90,-0.2054191787423102,13,10.327596088313067,91,-0.21759078052941813,14,10.047612412429046,94,-0.21759078052941813,14,10.015474580419285,95,-0.21759078052941813,14,10.15709782533245,100,-0.20063506922108085,16,10.070009538408836,104,-0.2614022626623442,21,10.042458787012453,105,-0.2614022626623442,21,9.90019593228053,107,-0.26005278052876074,22,9.196930445356612,117,-0.26807560832629174,23,9.153177134099854,120,-0.26714188366354963,25,9.16923870781585,121,-0.26714188366354963,25,9.11260797463695,122,-0.26714188366354963,25,9.336168281871934,125,-0.26714188366354963,25,9.044421238188935,135,-0.28570055730551963,28,9.022924195159352,138,-0.28570055730551963,28,10.233573738592387,173,-0.2614066475177256,31,10.179411680731066,174,-0.2614066475177256,31,10.116708846550015,177,-0.2614066475177256,31,10.06134257312491,178,-0.2614066475177256,31,10.288644489267112,182,-0.2614066475177256,31,10.441085938959818,183,-0.2614066475177256,31,10.5003311499484,185,-0.2461337739028577,33,10.394596426505977,187,-0.2461337739028577,33,10.538141874580871,188,-0.2461337739028577,33,9.022924195159352,10.736567026508082,-0.20063506922108085,-0.28570055730551963,10.538141874580871,188,-0.2461337739028577,33
3,hetero_macro,CUSTOM_FAIR,0,620.9939999580383,0,0,0,0.739235936,0.001570678,0.001570678,18.758190040674684,100.98836363445629,5.459573864936829,52.04075754050052,122.27749999364217,18.758190040674684,100.98836363445629,17.15030863549974,80.859375,80.859375,17.15030863549974,18.145263157392804,148.45000004768372,148.45000004768372,18.145263157392804,32.289000034332275,32.289000034332275,32.289000034332275,32.289000034332275,12.80299997329712,19.2260000705719,19.2260000705719,12.80299997329712,10.079000115394592,16.659000158309937,16.659000158309937,10.079000115394592,28.31933331489563,29.645000219345093,29.645000219345093,28.31933331489563,12.40499997138977,12.40499997138977,12.40499997138977,12.40499997138977,42.526714256831575,104.69400000572205,104.69400000572205,42.526714256831575,73.14911111195882,153.35700011253357,153.35700011253357,73.14911111195882,8.449000120162964,8.449000120162964,8.449000120162964,8.449000120162964,74.01200000445048,122.79900002479553,122.79900002479553,74.01200000445048,41.05481813170693,51.64900016784668,51.64900016784668,41.05481813170693,24.76159996986389,103.21000003814697,103.21000003814697,24.76159996986389,2.432000160217285,2.432000160217285,2.432000160217285,2.432000160217285,2.697000026702881,2.697000026702881,2.697000026702881,2.697000026702881,4.4436666170756025,5.0299999713897705,5.0299999713897705,4.4436666170756025,21.14661539517916,70.14400005340576,70.14400005340576,21.14661539517916,4.2793333530426025,4.8480000495910645,4.8480000495910645,4.2793333530426025,3.143315785809567,16.937000036239624,16.937000036239624,3.143315785809567,4.821000099182129,4.821000099182129,4.821000099182129,4.821000099182129,3.5070000489552817,4.873000144958496,4.873000144958496,3.5070000489552817,2.9099998474121094,2.9099998474121094,2.9099998474121094,2.9099998474121094,1.847749948501587,2.871999979019165,2.871999979019165,1.847749948501587,1.812000036239624,1.812000036239624,1.812000036239624,1.812000036239624,2.115000069141388,5.253000020980835,5.253000020980835,2.115000069141388,5.208999991416931,5.223999977111816,5.223999977111816,5.208999991416931,2.300999879837036,2.300999879837036,2.300999879837036,2.300999879837036,,0,,0,,0,,0,,0,,0,,0,0.0,81,,0,0.0,100,,0,0.0,101,,0,0.0,103,,0,0.0,105,,0,0.0,108,,0,0.0,109,,0,0.0,116,,0,0.0,125,,0,0.0,126,,0,0.0,129,,0,0.0,140,,0,0.0,145,,0,0.0,146,,0,0.0,147,,0,0.0,150,,0,0.0,163,,0,0.0,166,,0,0.0,204,,0,0.0,205,,0,0.0,208,,0,0.0,209,,0,0.0,213,,0,0.0,214,,0,0.0,218,,0,0.0,220,,0,0.0,221,,,0.0,0.0,,0,0.0,221
4,hetero_macro,CUSTOM_FAIR,1,620.7130000591278,0,0,0,0.78339756,0.001570678,0.001570678,18.962176455631514,99.83472726561807,5.576568168672648,53.87893935405847,119.26333336035411,18.962176455631514,99.83472726561807,17.659172823399672,81.95124998688698,81.95124998688698,17.659172823399672,18.04721050513418,148.15499997138977,148.15499997138977,18.04721050513418,32.198999881744385,32.198999881744385,32.198999881744385,32.198999881744385,13.195500016212463,19.67799997329712,19.67799997329712,13.195500016212463,9.739499926567078,15.759000062942505,15.759000062942505,9.739499926567078,27.744666655858357,29.930999994277954,29.930999994277954,27.744666655858357,12.276999950408936,12.276999950408936,12.276999950408936,12.276999950408936,43.14300002370562,104.92900013923645,104.92900013923645,43.14300002370562,69.04311111238268,152.84999990463257,152.84999990463257,69.04311111238268,8.390000104904175,8.390000104904175,8.390000104904175,8.390000104904175,74.72633330027263,123.97699999809265,123.97699999809265,74.72633330027263,41.615727251226254,52.7039999961853,52.7039999961853,41.615727251226254,24.714800071716308,102.8140001296997,102.8140001296997,24.714800071716308,2.505999803543091,2.505999803543091,2.505999803543091,2.505999803543091,2.494999885559082,2.494999885559082,2.494999885559082,2.494999885559082,3.997333288192749,4.802999973297119,4.802999973297119,3.997333288192749,23.326153865227333,69.72699999809265,69.72699999809265,23.326153865227333,4.5320000648498535,5.420000076293945,5.420000076293945,4.5320000648498535,3.188578913086339,17.417999982833862,17.417999982833862,3.188578913086339,4.293999910354614,4.293999910354614,4.293999910354614,4.293999910354614,3.2893332640329995,4.95799994468689,4.95799994468689,3.2893332640329995,1.8659999370574951,1.8659999370574951,1.8659999370574951,1.8659999370574951,1.862749993801117,2.937999963760376,2.937999963760376,1.862749993801117,2.0199999809265137,2.0199999809265137,2.0199999809265137,2.0199999809265137,3.3897500038146973,10.338000059127808,10.338000059127808,3.3897500038146973,5.106500029563904,5.115000009536743,5.115000009536743,5.106500029563904,2.200000047683716,2.200000047683716,2.200000047683716,2.200000047683716,,0,,0,,0,,0,,0,,0,0.06899666999651159,53,-0.05840209612549823,28,0.0813850422033298,61,-0.06355559541762333,39,0.0813850422033298,61,-0.06203561443812126,40,0.08003451753968933,63,-0.06203561443812126,40,0.08010578442313775,64,-0.06182412490355786,41,0.07795269119028755,66,-0.06234290861857678,42,0.07795269119028755,66,-0.0611611572737192,43,0.07461809618598762,72,-0.060632792558391935,44,0.07524335846905772,73,-0.062134736351067,52,0.07524335846905772,73,-0.061056174924498795,53,0.07369662681541056,75,-0.06237142599447628,54,0.07499980117365693,84,-0.0677368838754195,56,0.0746725105912187,87,-0.0663965660144655,58,0.07422579826244094,88,-0.0663965660144655,58,0.07422579826244094,88,-0.0664903831575576,59,0.07422579826244094,88,-0.06839392991126307,62,0.08046574867107555,97,-0.06565424298890492,66,0.07960747914766243,100,-0.06565424298890492,66,0.07341972458001932,124,-0.060828312272117935,80,0.07341972458001932,124,-0.06140128559573449,81,0.07297878084735794,126,-0.0624544867676403,82,0.07297878084735794,126,-0.06599548457468535,83,0.07214282688283422,128,-0.0649918202098793,85,0.07252048698857985,129,-0.0649918202098793,85,0.0788765902462909,132,-0.06503284980344265,86,0.0788765902462909,132,-0.06405665095074396,88,0.0788765902462909,132,-0.06377150574782812,89,0.06899666999651159,0.0813850422033298,-0.05840209612549823,-0.06839392991126307,0.0788765902462909,132,-0.06377150574782812,89
5,hetero_macro,CUSTOM_FAIR,2,620.3220000267029,0,0,0,0.782652032,0.001570678,0.001570678,19.258276007294114,102.05195451866497,5.6633579527789895,53.87627268560005,123.45091660817464,19.258276007294114,102.05195451866497,17.66062961684333,81.40199995040894,81.40199995040894,17.66062961684333,17.987210512161255,147.78799986839294,147.78799986839294,17.987210512161255,32.312000036239624,32.312000036239624,32.312000036239624,32.312000036239624,12.783999919891357,19.046000003814697,19.046000003814697,12.783999919891357,9.978999972343445,16.20799994468689,16.20799994468689,9.978999972343445,28.449666659037273,30.842000007629395,30.842000007629395,28.449666659037273,12.04200005531311,12.04200005531311,12.04200005531311,12.04200005531311,43.12799998692104,104.8659999370575,104.8659999370575,43.12799998692104,75.63677779833476,154.01199984550476,154.01199984550476,75.63677779833476,5.787999868392944,5.787999868392944,5.787999868392944,5.787999868392944,73.3406666914622,121.89499998092651,121.89499998092651,73.3406666914622,43.0885454307903,54.355000019073486,54.355000019073486,43.0885454307903,24.702399969100952,102.96999979019165,102.96999979019165,24.702399969100952,2.4630000591278076,2.4630000591278076,2.4630000591278076,2.4630000591278076,6.0970001220703125,6.0970001220703125,6.0970001220703125,6.0970001220703125,4.245666742324829,4.76200008392334,4.76200008392334,4.245666742324829,22.45730763215285,70.1159999370575,70.1159999370575,22.45730763215285,4.734000047047933,5.735000133514404,5.735000133514404,4.734000047047933,3.2170789430015967,17.208666642506916,17.208666642506916,3.2170789430015967,5.289000034332275,5.289000034332275,5.289000034332275,5.289000034332275,3.538333257039388,5.2779998779296875,5.2779998779296875,3.538333257039388,1.8279998302459717,1.8279998302459717,1.8279998302459717,1.8279998302459717,1.7225000262260437,2.686000108718872,2.686000108718872,1.7225000262260437,2.1029999256134033,2.1029999256134033,2.1029999256134033,2.1029999256134033,2.8980000615119934,8.240999937057495,8.240999937057495,2.8980000615119934,6.1575000286102295,6.305999994277954,6.305999994277954,6.1575000286102295,2.3339998722076416,2.3339998722076416,2.3339998722076416,2.3339998722076416,,0,,0,,0,,0,,0,,0,0.14166183194500087,45,-0.06249215065781647,36,0.13963102638619668,56,-0.0705256262845254,44,0.13963102638619668,56,-0.06896183120392758,45,0.13757458405082817,57,-0.06765375172709544,46,0.13700115307449387,58,-0.06678776532329335,47,0.13359641705722208,60,-0.06669121790849673,48,0.13359641705722208,60,-0.06597013793463584,49,0.12491381128597256,65,-0.06435973156168938,51,0.11933472300209447,71,-0.06552976679417907,54,0.11933472300209447,71,-0.07009047612222515,55,0.1176983426746945,72,-0.07023465305326554,57,0.1281375130414219,78,-0.07501565876600216,62,0.12528432652558866,80,-0.07269863394970966,65,0.12388989794839637,81,-0.07269863394970966,65,0.13785242668903017,82,-0.07269863394970966,65,0.13785242668903017,82,-0.07138480339469777,68,0.1427006318844875,91,-0.0729351134558344,72,0.14285471289406076,93,-0.07241024888698566,73,0.1279961014713254,116,-0.06576256934532926,88,0.12774600415063958,117,-0.06576256934532926,88,0.12741121886843743,118,-0.06555435594399085,90,0.12741121886843743,118,-0.06891992620072575,91,0.125668615474162,120,-0.07069561047967972,93,0.12596639358215983,121,-0.07069561047967972,93,0.12842015239087917,124,-0.07009266258174462,94,0.12918513140425297,126,-0.07009266258174462,94,0.12828427410059628,127,-0.07009266258174462,94,0.1176983426746945,0.14285471289406076,-0.06249215065781647,-0.07501565876600216,0.12828427410059628,127,-0.07009266258174462,94
6,hetero_macro,CUSTOM_CLUSTERFAIR,0,649.4869999885559,0,0,0,1.527889224,0.001570678,0.001570678,10.45796832024242,68.30113638531078,2.7856420400467785,17.89515150677074,102.53316666682561,10.45796832024242,68.30113638531078,10.302123455353724,67.61762499809265,67.61762499809265,10.302123455353724,11.603789442463926,123.04299998283386,123.04299998283386,11.603789442463926,53.77500009536743,53.77500009536743,53.77500009536743,53.77500009536743,11.809000015258789,18.388000011444092,18.388000011444092,11.809000015258789,6.865499973297119,12.395999908447266,12.395999908447266,6.865499973297119,10.36033328374227,13.571999788284302,13.571999788284302,10.36033328374227,13.65499997138977,13.65499997138977,13.65499997138977,13.65499997138977,24.096571445465088,137.97399997711182,137.97399997711182,24.096571445465088,27.3380000061459,163.6289999485016,163.6289999485016,27.3380000061459,25.348999977111816,25.348999977111816,25.348999977111816,25.348999977111816,67.2066666285197,191.20300006866455,191.20300006866455,67.2066666285197,13.142181829972701,33.13300013542175,33.13300013542175,13.142181829972701,14.246999979019165,55.11299991607666,55.11299991607666,14.246999979019165,2.7860000133514404,2.7860000133514404,2.7860000133514404,2.7860000133514404,5.378000020980835,5.378000020980835,5.378000020980835,5.378000020980835,1.9870000680287678,2.7339999675750732,2.7339999675750732,1.9870000680287678,8.025846169545101,31.979000091552734,31.979000091552734,8.025846169545101,4.837999979654948,8.741999864578247,8.741999864578247,4.837999979654948,2.1500526227449117,9.636666615804037,9.636666615804037,2.1500526227449117,3.171999931335449,3.171999931335449,3.171999931335449,3.171999931335449,1.628000020980835,2.611999988555908,2.611999988555908,1.628000020980835,7.85099983215332,7.85099983215332,7.85099983215332,7.85099983215332,2.293749988079071,4.608000040054321,4.608000040054321,2.293749988079071,1.3919999599456787,1.3919999599456787,1.3919999599456787,1.3919999599456787,4.366249918937683,12.81499981880188,12.81499981880188,4.366249918937683,1.3995000123977661,1.812000036239624,1.812000036239624,1.3995000123977661,1.50600004196167,1.50600004196167,1.50600004196167,1.50600004196167,,0,,0,,0,,0,,0,,0,0.3742734358813913,26,-0.5069771954187394,55,0.49176307050591694,32,-0.4884835742766993,68,0.4970763183381221,33,-0.4884835742766993,68,0.4970763183381221,33,-0.47769178648533384,70,0.4970763183381221,33,-0.47627133127757076,72,0.4970763183381221,33,-0.4826200870277129,75,0.4853893047108477,34,-0.4826200870277129,75,0.5285206181684325,36,-0.4880459543252879,80,0.5103789557545861,38,-0.5037937785168769,87,0.5488262546548273,39,-0.5037937785168769,87,0.5490576663124249,40,-0.5084123690099673,89,0.5490576663124249,40,-0.5266222143277904,100,0.5292864932901428,42,-0.5214693839107434,103,0.5204773512428683,43,-0.5214693839107434,103,0.5318390717564915,44,-0.5214693839107434,103,0.5318390717564915,44,-0.522442995516491,106,0.518215242540016,46,-0.5376546187558744,117,0.5248058304769031,47,-0.5337102223332955,119,0.4655101128617856,62,-0.5050267921056265,142,0.4655101128617856,62,-0.5037811720228016,143,0.4655101128617856,62,-0.5037112079748405,146,0.48513792009437606,63,-0.5037112079748405,146,0.4953016767561278,65,-0.5007430781561485,148,0.4953016767561278,65,-0.4988972690554148,149,0.51274905765741,68,-0.49612739526020183,150,0.51274905765741,68,-0.49909544722951454,152,0.51274905765741,68,-0.49808304635288314,153,0.3742734358813913,0.5490576663124249,-0.47627133127757076,-0.5376546187558744,0.51274905765741,68,-0.49808304635288314,153
7,hetero_macro,CUSTOM_CLUSTERFAIR,1,647.3559999465942,0,0,0,1.560995488,0.001570678,0.001570678,10.30642985003027,67.69022725928913,2.7170227115804497,17.56203030094956,101.66483330726624,10.30642985003027,67.69022725928913,10.230098747912749,66.81024998426437,66.81024998426437,10.230098747912749,11.35915786341617,125.76300001144409,125.76300001144409,11.35915786341617,51.937999963760376,51.937999963760376,51.937999963760376,51.937999963760376,11.05649995803833,17.00499987602234,17.00499987602234,11.05649995803833,7.135500073432922,12.324000120162964,12.324000120162964,7.135500073432922,10.162333329518637,13.107999801635742,13.107999801635742,10.162333329518637,13.629000186920166,13.629000186920166,13.629000186920166,13.629000186920166,23.559285742895945,135.760999917984,135.760999917984,23.559285742895945,26.665000041325886,163.33300018310547,163.33300018310547,26.665000041325886,26.283999919891357,26.283999919891357,26.283999919891357,26.283999919891357,66.72833323478699,189.14399981498718,189.14399981498718,66.72833323478699,13.239636356180364,32.99300003051758,32.99300003051758,13.239636356180364,14.069199991226196,54.562000036239624,54.562000036239624,14.069199991226196,2.8869998455047607,2.8869998455047607,2.8869998455047607,2.8869998455047607,5.2170000076293945,5.2170000076293945,5.2170000076293945,5.2170000076293945,2.002666711807251,2.6630001068115234,2.6630001068115234,2.002666711807251,7.923384611423199,31.843000173568726,31.843000173568726,7.923384611423199,4.791666666666667,8.32800006866455,8.32800006866455,4.791666666666667,2.1475262955615393,10.640999952952066,10.640999952952066,2.1475262955615393,3.3339998722076416,3.3339998722076416,3.3339998722076416,3.3339998722076416,1.7046666145324707,2.807999849319458,2.807999849319458,1.7046666145324707,5.943000078201294,5.943000078201294,5.943000078201294,5.943000078201294,1.85999995470047,3.0969998836517334,3.0969998836517334,1.85999995470047,1.371000051498413,1.371000051498413,1.371000051498413,1.371000051498413,3.134499967098236,9.410999774932861,9.410999774932861,3.134499967098236,1.5544999837875366,1.7559998035430908,1.7559998035430908,1.5544999837875366,1.5239999294281006,1.5239999294281006,1.5239999294281006,1.5239999294281006,,0,,0,,0,,0,,0,,0,0.272700487744127,27,-0.5130520432621977,54,0.3025993199045907,33,-0.4917463089146634,67,0.31163478690563196,34,-0.4917463089146634,67,0.31163478690563196,34,-0.4820065549878748,69,0.31163478690563196,34,-0.47811967290683993,71,0.31163478690563196,34,-0.4847554554278867,74,0.3055201342317445,35,-0.4847554554278867,74,0.33806148308584,37,-0.4900134959430108,79,0.3299227591626283,39,-0.5098647248172843,86,0.37447679627545494,40,-0.5098647248172843,86,0.3785317319543327,41,-0.5138632853654319,88,0.3785317319543327,41,-0.5314414574465302,99,0.36516912215353364,43,-0.5264848149889879,102,0.36145826501793266,44,-0.5264848149889879,102,0.3743544624055752,45,-0.5264848149889879,102,0.3743544624055752,45,-0.5271432835755867,105,0.36234020373794246,47,-0.54176245203683,116,0.3706831477461578,48,-0.5370725159330472,118,0.3128742924040283,64,-0.511094119074608,140,0.3128742924040283,64,-0.5096524582393823,141,0.3128742924040283,64,-0.5087853618626264,144,0.32417503945463194,65,-0.5087853618626264,144,0.32576532327830066,67,-0.5064214327603291,146,0.32576532327830066,67,-0.5045794586237143,147,0.3235259871659697,70,-0.501572325445719,148,0.3235259871659697,70,-0.5042950880898452,150,0.3235259871659697,70,-0.5031628910384777,151,0.272700487744127,0.3785317319543327,-0.47811967290683993,-0.54176245203683,0.3235259871659697,70,-0.5031628910384777,151
8,hetero_macro,CUSTOM_CLUSTERFAIR,2,646.8420000076294,0,0,0,1.815028504,0.001570678,0.001570678,10.562013564606058,67.66649996150623,2.928306816653772,18.16303024147496,101.62025000651677,10.562013564606058,67.66649996150623,10.4881851731995,67.07099995017052,67.07099995017052,10.4881851731995,11.362631571920295,120.19400000572205,120.19400000572205,11.362631571920295,52.998000144958496,52.998000144958496,52.998000144958496,52.998000144958496,11.171000003814697,17.18499994277954,17.18499994277954,11.171000003814697,8.65150010585785,15.561000108718872,15.561000108718872,8.65150010585785,10.565000057220459,13.035000085830688,13.035000085830688,10.565000057220459,14.461999893188477,14.461999893188477,14.461999893188477,14.461999893188477,24.12842849322728,137.56799983978271,137.56799983978271,24.12842849322728,26.956666655010647,162.26200008392334,162.26200008392334,26.956666655010647,24.200000047683716,24.200000047683716,24.200000047683716,24.200000047683716,66.81866669654846,188.60800004005432,188.60800004005432,66.81866669654846,14.358545433391225,34.257000207901,34.257000207901,14.358545433391225,14.01760001182556,54.085999965667725,54.085999965667725,14.01760001182556,2.993000030517578,2.993000030517578,2.993000030517578,2.993000030517578,5.309000015258789,5.309000015258789,5.309000015258789,5.309000015258789,1.9216667016347249,2.6429998874664307,2.6429998874664307,1.9216667016347249,7.817153820624719,31.140999794006348,31.140999794006348,7.817153820624719,5.197666645050049,9.690999984741211,9.690999984741211,5.197666645050049,2.315078936125103,11.254000027974447,11.254000027974447,2.315078936125103,3.199000120162964,3.199000120162964,3.199000120162964,3.199000120162964,1.9499998887379963,2.615999937057495,2.615999937057495,1.9499998887379963,7.888000011444092,7.888000011444092,7.888000011444092,7.888000011444092,2.331000030040741,4.615999937057495,4.615999937057495,2.331000030040741,1.446000099182129,1.446000099182129,1.446000099182129,1.446000099182129,3.6239998936653137,11.387999773025513,11.387999773025513,3.6239998936653137,1.4870001077651978,1.689000129699707,1.689000129699707,1.4870001077651978,1.3420000076293945,1.3420000076293945,1.3420000076293945,1.3420000076293945,,0,,0,,0,,0,,0,,0,0.3792045099859304,26,-0.4861775735806486,55,0.4466618503861548,32,-0.4671005267756965,68,0.45251405024715147,33,-0.4671005267756965,68,0.45251405024715147,33,-0.4579725510865347,70,0.45251405024715147,33,-0.45267987933231385,72,0.45251405024715147,33,-0.4596307097063738,75,0.44403920197847185,34,-0.4596307097063738,75,0.48773766800387214,36,-0.46573725238869407,80,0.47330251838665344,38,-0.48711811791065623,87,0.5089889353301249,39,-0.48711811791065623,87,0.5096777983911058,40,-0.4903857847656312,89,0.5096777983911058,40,-0.5074198779514523,100,0.4931329654648033,42,-0.5028441553808115,103,0.48738308631648175,43,-0.5028441553808115,103,0.4985278589090844,44,-0.5028441553808115,103,0.4985278589090844,44,-0.504766020231232,106,0.4798652916709266,46,-0.5206521765768173,117,0.4919404412144726,47,-0.5169197143686007,119,0.44471357470683487,62,-0.48675382257156874,142,0.44471357470683487,62,-0.4856838529831795,143,0.44471357470683487,62,-0.4833286876515284,146,0.4649005811078446,63,-0.4833286876515284,146,0.4667712132768769,66,-0.48385580171309023,147,0.4667712132768769,66,-0.48192145009396814,148,0.47067799389039006,68,-0.47621730917088806,150,0.47067799389039006,68,-0.47938942558644015,152,0.47067799389039006,68,-0.4789716613091203,153,0.3792045099859304,0.5096777983911058,-0.45267987933231385,-0.5206521765768173,0.47067799389039006,68,-0.4789716613091203,153
9,hetero_macro,CUSTOM_USERCLUSTERFAIR,0,649.1329998970032,0,0,0,1.801890456,0.001570678,0.001570678,11.676321264845214,77.52872723882848,2.9743465957316486,19.60566663019585,117.49958332379659,11.676321264845214,77.52872723882848,11.93961728060687,81.62212496995926,81.62212496995926,11.93961728060687,11.870368417940641,122.79399991035461,122.79399991035461,11.870368417940641,44.27900004386902,44.27900004386902,44.27900004386902,44.27900004386902,12.758000016212463,20.84599995613098,20.84599995613098,12.758000016212463,9.130500078201294,16.390000104904175,16.390000104904175,9.130500078201294,9.887999931971232,13.13099980354309,13.13099980354309,9.887999931971232,11.036999940872192,11.036999940872192,11.036999940872192,11.036999940872192,22.67285714830671,129.37199997901917,129.37199997901917,22.67285714830671,28.880666653315227,164.0809998512268,164.0809998512268,28.880666653315227,17.783999919891357,17.783999919891357,17.783999919891357,17.783999919891357,67.51933328310649,190.85199999809265,190.85199999809265,67.51933328310649,26.153636368838225,137.40200018882751,137.40200018882751,26.153636368838225,14.083200025558472,53.907999992370605,53.907999992370605,14.083200025558472,2.75600004196167,2.75600004196167,2.75600004196167,2.75600004196167,5.017999887466431,5.017999887466431,5.017999887466431,5.017999887466431,2.0709999402364097,2.884999990463257,2.884999990463257,2.0709999402364097,7.680230764242319,30.882999897003174,30.882999897003174,7.680230764242319,4.87066666285197,8.03600001335144,8.03600001335144,4.87066666285197,2.096421059809233,9.134333292643229,9.134333292643229,2.096421059809233,2.7009999752044678,2.7009999752044678,2.7009999752044678,2.7009999752044678,1.747333288192749,2.1989998817443848,2.1989998817443848,1.747333288192749,11.187999963760376,11.187999963760376,11.187999963760376,11.187999963760376,3.8155000805854797,10.170000076293945,10.170000076293945,3.8155000805854797,1.6370000839233398,1.6370000839233398,1.6370000839233398,1.6370000839233398,3.397499978542328,10.315999984741211,10.315999984741211,3.397499978542328,1.493499994277954,1.6749999523162842,1.6749999523162842,1.493499994277954,1.2669999599456787,1.2669999599456787,1.2669999599456787,1.2669999599456787,,0,,0,,0,,0,,0,,0,0.36955737651997955,28,-0.49749894603869166,53,0.5506902817848663,34,-0.47317130858131334,66,0.5454844058171151,35,-0.47317130858131334,66,0.5326899792553585,36,-0.4700930484273581,67,0.5326899792553585,36,-0.4633442795339156,69,0.5326899792553585,36,-0.47120975498228823,72,0.5326899792553585,36,-0.4662875715985333,73,0.5562617418839602,38,-0.4726041408946672,78,0.5194903033311195,41,-0.4966191303535209,84,0.5334559637441849,42,-0.4966191303535209,84,0.5339616380892545,43,-0.4999219613613448,86,0.5662293874518532,44,-0.5111065820412447,96,0.5525974446655301,46,-0.5067471090958523,99,0.5437708334415221,47,-0.5067471090958523,99,0.5504097687893087,48,-0.5067471090958523,99,0.5504097687893087,48,-0.5076915607832737,102,0.5329424240659427,50,-0.5244651970424602,113,0.5262271537277063,52,-0.5242183400827124,114,0.4678086816861532,67,-0.49695949700544834,137,0.4678086816861532,67,-0.49654187700941765,138,0.4678086816861532,67,-0.49513617986513353,141,0.5028080618666603,68,-0.49513617986513353,141,0.5524961127595136,70,-0.49034186416911785,143,0.5524961127595136,70,-0.48758440022925786,144,0.5440965028917574,73,-0.484269689265752,145,0.5440965028917574,73,-0.4874325494393283,147,0.5440965028917574,73,-0.4871694957260912,148,0.36955737651997955,0.5662293874518532,-0.4633442795339156,-0.5244651970424602,0.5440965028917574,73,-0.4871694957260912,148
10,hetero_macro,CUSTOM_USERCLUSTERFAIR,1,650.0649998188019,0,0,0,1.964357872,0.001570678,0.001570678,11.521570128013645,77.5670454827222,2.8921647573059257,18.98036365075545,117.5745000441869,11.521570128013645,77.5670454827222,11.77828394336465,81.82762503623962,81.82762503623962,11.77828394336465,11.64352630314074,123.15900015830994,123.15900015830994,11.64352630314074,48.64100003242493,48.64100003242493,48.64100003242493,48.64100003242493,12.365999937057495,19.68499994277954,19.68499994277954,12.365999937057495,9.237500071525574,16.716000080108643,16.716000080108643,9.237500071525574,10.285666704177856,13.427000045776367,13.427000045776367,10.285666704177856,10.128000020980835,10.128000020980835,10.128000020980835,10.128000020980835,22.54700003351484,128.8550000190735,128.8550000190735,22.54700003351484,28.596333318286472,163.94700002670288,163.94700002670288,28.596333318286472,17.014000177383423,17.014000177383423,17.014000177383423,17.014000177383423,68.06599990526836,191.8619999885559,191.8619999885559,68.06599990526836,24.782363653182983,136.893000125885,136.893000125885,24.782363653182983,14.24020004272461,54.14199995994568,54.14199995994568,14.24020004272461,2.7820000648498535,2.7820000648498535,2.7820000648498535,2.7820000648498535,5.170000076293945,5.170000076293945,5.170000076293945,5.170000076293945,2.115333318710327,3.006999969482422,3.006999969482422,2.115333318710327,7.82930772121136,31.147000074386597,31.147000074386597,7.82930772121136,4.937666575113933,8.055999994277954,8.055999994277954,4.937666575113933,2.0557631254196167,8.348999977111816,8.348999977111816,2.0557631254196167,2.7289998531341553,2.7289998531341553,2.7289998531341553,2.7289998531341553,1.7673332691192627,2.2029998302459717,2.2029998302459717,1.7673332691192627,10.621000051498413,10.621000051498413,10.621000051498413,10.621000051498413,3.113249957561493,7.338000059127808,7.338000059127808,3.113249957561493,1.4760000705718994,1.4760000705718994,1.4760000705718994,1.4760000705718994,2.9802500009536743,8.713000059127808,8.713000059127808,2.9802500009536743,1.501499891281128,1.6949999332427979,1.6949999332427979,1.501499891281128,1.4350001811981201,1.4350001811981201,1.4350001811981201,1.4350001811981201,,0,,0,,0,,0,,0,,0,0.3253949687196639,28,-0.4916948229897387,53,0.4555355321303565,34,-0.4672256166167044,66,0.45703733777359573,35,-0.4672256166167044,66,0.4450295820353751,36,-0.4633284113782243,67,0.43312667766401225,37,-0.463554584428539,68,0.43312667766401225,37,-0.4708964995572971,71,0.43312667766401225,37,-0.46691796132972496,72,0.45316997494686934,39,-0.47371357406748915,77,0.4331353875717488,41,-0.4936336717658807,84,0.4470492322933241,42,-0.4936336717658807,84,0.44974086871198926,43,-0.49664064687867915,86,0.48354565982877507,44,-0.5131898685379276,96,0.470795708488489,46,-0.5068300319014972,99,0.4649081165364395,47,-0.5068300319014972,99,0.4745418354251714,48,-0.5068300319014972,99,0.4745418354251714,48,-0.5074715000420043,102,0.45158261075816275,51,-0.52601497018539,112,0.4490889521256775,53,-0.5256410524207348,113,0.3965653347448979,67,-0.49288360618094984,137,0.3965653347448979,67,-0.4924203674071343,138,0.3965653347448979,67,-0.4902775087795024,141,0.4297874665679597,68,-0.4902775087795024,141,0.4603134078756028,70,-0.48566322745265633,143,0.4603134078756028,70,-0.4835246231331458,144,0.4513291287149272,73,-0.4804913104913731,145,0.4513291287149272,73,-0.48362451728622213,147,0.4513291287149272,73,-0.4828556972148041,148,0.3253949687196639,0.48354565982877507,-0.4633284113782243,-0.52601497018539,0.4513291287149272,73,-0.4828556972148041,148
11,hetero_macro,CUSTOM_USERCLUSTERFAIR,2,647.3340001106262,0,0,0,1.473743368,0.001570678,0.001570678,11.493723965338452,77.02486363324252,2.8696249804713507,19.28660606615471,116.55008329947789,11.493723965338452,77.02486363324252,11.785666645309071,81.15887495875359,81.15887495875359,11.785666645309071,11.3267368266457,120.97199988365173,120.97199988365173,11.3267368266457,48.305999994277954,48.305999994277954,48.305999994277954,48.305999994277954,11.421000003814697,17.955999851226807,17.955999851226807,11.421000003814697,9.507499933242798,17.26199984550476,17.26199984550476,9.507499933242798,11.432666540145874,17.741999864578247,17.741999864578247,11.432666540145874,10.785000085830688,10.785000085830688,10.785000085830688,10.785000085830688,21.961000067847117,127.24100017547607,127.24100017547607,21.961000067847117,28.962222231758965,163.85800004005432,163.85800004005432,28.962222231758965,17.53600001335144,17.53600001335144,17.53600001335144,17.53600001335144,67.2076666355133,189.15599989891052,189.15599989891052,67.2076666355133,25.14727276021784,136.05299997329712,136.05299997329712,25.14727276021784,14.082399940490722,53.93499994277954,53.93499994277954,14.082399940490722,2.7939999103546143,2.7939999103546143,2.7939999103546143,2.7939999103546143,5.003000020980835,5.003000020980835,5.003000020980835,5.003000020980835,1.972333272298177,2.8529999256134033,2.8529999256134033,1.972333272298177,7.745922987277691,30.753999948501587,30.753999948501587,7.745922987277691,5.447999874750773,8.355999946594238,8.355999946594238,5.447999874750773,2.0759473725369104,8.652333418528238,8.652333418528238,2.0759473725369104,2.6429998874664307,2.6429998874664307,2.6429998874664307,2.6429998874664307,1.6586666107177734,1.871000051498413,1.871000051498413,1.6586666107177734,9.433000087738037,9.433000087738037,9.433000087738037,9.433000087738037,2.9202499985694885,6.6539998054504395,6.6539998054504395,2.9202499985694885,1.496999979019165,1.496999979019165,1.496999979019165,1.496999979019165,2.8604999780654907,8.385999917984009,8.385999917984009,2.8604999780654907,1.027999997138977,1.0789999961853027,1.0789999961853027,1.027999997138977,1.073000192642212,1.073000192642212,1.073000192642212,1.073000192642212,,0,,0,,0,,0,,0,,0,0.34044143077306566,26,-0.46938856594466877,55,0.46276070714456236,31,-0.452374555643154,69,0.4637468399162924,32,-0.452374555643154,69,0.4637468399162924,32,-0.4438241156597764,71,0.45081260179862537,33,-0.4445586878366749,72,0.45081260179862537,33,-0.4507784077412392,75,0.45081260179862537,33,-0.44658346692922596,76,0.46468235969625715,35,-0.4542606184548505,81,0.43543635145737736,38,-0.4787288458984179,87,0.4518728236971962,39,-0.4787288458984179,87,0.4540897532520633,40,-0.48216478536706064,89,0.4898772054842477,41,-0.4982921590432947,99,0.4804313891386382,43,-0.4944203881331529,102,0.4730169045852429,44,-0.4944203881331529,102,0.48166250614250894,45,-0.4944203881331529,102,0.48166250614250894,45,-0.4963120915063389,105,0.47314609117414264,46,-0.5068157600374291,117,0.4696849792234577,48,-0.5030971067448092,118,0.4052056043711297,62,-0.47511113183182496,142,0.4052056043711297,62,-0.47493342615266554,143,0.4052056043711297,62,-0.47435490641475775,146,0.4344198756753168,63,-0.47435490641475775,146,0.4614310267954323,65,-0.4699828981243837,148,0.4614310267954323,65,-0.46795462606539046,149,0.4569679431700263,67,-0.46266206409370814,151,0.4569679431700263,67,-0.467178798616744,153,0.4569679431700263,67,-0.4676021642752913,154,0.34044143077306566,0.4898772054842477,-0.4438241156597764,-0.5068157600374291,0.4569679431700263,67,-0.4676021642752913,154
12,hetero_macro,DEFAULT_FAIR_PARTITIONER,0,629.3529999256134,0,0,0,0.722347872,0.00209097,0.00209097,53.50182352238651,127.29513636502352,38.12182385406711,104.30818182049376,139.3576666712761,53.50182352238651,127.29513636502352,54.30864195764801,121.641999989748,121.641999989748,54.30864195764801,42.886368450365566,162.1909999847412,162.1909999847412,42.886368450365566,118.07500004768372,118.07500004768372,118.07500004768372,118.07500004768372,10.371500015258789,13.865000009536743,13.865000009536743,10.371500015258789,74.9210000038147,94.69099998474121,94.69099998474121,74.9210000038147,71.86633332570393,74.04299998283386,74.04299998283386,71.86633332570393,99.10199999809265,99.10199999809265,99.10199999809265,99.10199999809265,83.873142855508,138.2610001564026,138.2610001564026,83.873142855508,67.26322224405077,129.08899998664856,129.08899998664856,67.26322224405077,76.07399988174438,76.07399988174438,76.07399988174438,76.07399988174438,91.44900004069011,151.64100003242493,151.64100003242493,91.44900004069011,93.70490906455301,107.98799991607666,107.98799991607666,93.70490906455301,41.444200086593625,100.03200006484985,100.03200006484985,41.444200086593625,28.98300004005432,28.98300004005432,28.98300004005432,28.98300004005432,20.70300006866455,20.70300006866455,20.70300006866455,20.70300006866455,85.80966663360596,86.89999985694885,86.89999985694885,85.80966663360596,59.5166922715994,103.44599986076355,103.44599986076355,59.5166922715994,40.542666594187416,92.92799997329712,92.92799997329712,40.542666594187416,39.91899997937052,131.66566665967306,131.66566665967306,39.91899997937052,10.340999841690063,10.340999841690063,10.340999841690063,10.340999841690063,22.50966676076253,43.456000089645386,43.456000089645386,22.50966676076253,3.4159998893737793,3.4159998893737793,3.4159998893737793,3.4159998893737793,51.096000015735626,131.2979998588562,131.2979998588562,51.096000015735626,73.9300000667572,73.9300000667572,73.9300000667572,73.9300000667572,11.694500029087067,42.93499994277954,42.93499994277954,11.694500029087067,8.376500010490417,8.384999990463257,8.384999990463257,8.376500010490417,83.31100010871887,83.31100010871887,83.31100010871887,83.31100010871887,,0,,0,,0,,0,,0,,0,11.23033467993861,71,-0.24992520395122622,10,11.39305925880966,89,-0.22941125977140822,11,11.295408111124981,90,-0.22941125977140822,11,11.051376560917253,92,-0.22941125977140822,11,11.099738297999831,94,-0.22941125977140822,11,10.802131793337038,97,-0.22941125977140822,11,10.763138977897896,98,-0.22941125977140822,11,11.004548639166472,102,-0.1945171967545511,14,10.863539783952653,105,-0.25654694417557217,20,10.835432867982018,106,-0.25654694417557217,20,10.689406145712914,108,-0.2533522030591406,21,9.897458696382383,118,-0.2620508875966393,22,9.845664607711866,121,-0.2565874336979427,24,9.859237105321272,122,-0.2565874336979427,24,9.83775784194356,123,-0.2565874336979427,24,10.15513534834283,126,-0.2565874336979427,24,9.822267020957899,136,-0.28204961020929337,27,9.788728464820297,139,-0.28204961020929337,27,11.074314676839267,175,-0.26309911251881674,29,11.019691233996495,176,-0.26309911251881674,29,10.959287947878757,179,-0.26309911251881674,29,10.898534936471874,180,-0.26309911251881674,29,11.205658137398668,183,-0.2551382027006304,30,11.346765093247454,184,-0.2551382027006304,30,11.24945391321231,188,-0.2551382027006304,30,11.137453606118099,190,-0.2551382027006304,30,11.280432888166397,191,-0.2551382027006304,30,9.788728464820297,11.39305925880966,-0.1945171967545511,-0.28204961020929337,11.280432888166397,191,-0.2551382027006304,30
13,hetero_macro,DEFAULT_FAIR_PARTITIONER,1,626.0130000114441,0,0,0,0.740149528,0.00209097,0.00209097,54.07041175009439,125.4103636416522,38.88360793888569,105.16024242747913,136.31316661834717,54.07041175009439,125.4103636416522,54.26649382084976,120.8088750243187,120.8088750243187,54.26649382084976,42.58810521426954,158.85399985313416,158.85399985313416,42.58810521426954,118.86500000953674,118.86500000953674,118.86500000953674,118.86500000953674,9.875,12.944999933242798,12.944999933242798,9.875,75.90299999713898,96.21900010108948,96.21900010108948,75.90299999713898,72.36066667238872,74.51800012588501,74.51800012588501,72.36066667238872,99.80399990081787,99.80399990081787,99.80399990081787,99.80399990081787,83.50271419116429,134.5609998703003,134.5609998703003,83.50271419116429,82.36422220865886,118.06500005722046,118.06500005722046,82.36422220865886,71.69500017166138,71.69500017166138,71.69500017166138,71.69500017166138,89.31266665458679,147.3329999446869,147.3329999446869,89.31266665458679,94.63945458152078,109.65500020980835,109.65500020980835,94.63945458152078,41.95900001525879,100.83899998664856,100.83899998664856,41.95900001525879,29.23800015449524,29.23800015449524,29.23800015449524,29.23800015449524,19.444000005722046,19.444000005722046,19.444000005722046,19.444000005722046,87.410666624705,88.64100003242493,88.64100003242493,87.410666624705,58.72299993955172,102.12599992752075,102.12599992752075,58.72299993955172,43.87766663233439,102.77699995040894,102.77699995040894,43.87766663233439,39.66721052872507,128.60566663742065,128.60566663742065,39.66721052872507,8.557999849319458,8.557999849319458,8.557999849319458,8.557999849319458,22.491333325703938,43.187000036239624,43.187000036239624,22.491333325703938,1.9819998741149902,1.9819998741149902,1.9819998741149902,1.9819998741149902,50.73375004529953,130.13499999046326,130.13499999046326,50.73375004529953,72.92899990081787,72.92899990081787,72.92899990081787,72.92899990081787,11.862999975681305,43.85800004005432,43.85800004005432,11.862999975681305,8.39199984073639,8.399999856948853,8.399999856948853,8.39199984073639,89.82099986076355,89.82099986076355,89.82099986076355,89.82099986076355,,0,,0,,0,,0,,0,,0,10.913242838392131,73,-0.30061605011306286,8,11.669634675762538,87,-0.23368301361289648,13,11.566889375072016,88,-0.23368301361289648,13,11.310456457311092,90,-0.23368301361289648,13,11.35910726870541,92,-0.23368301361289648,13,11.047581297697647,95,-0.23368301361289648,13,11.005805665390417,96,-0.23368301361289648,13,11.239279525139574,100,-0.22058735937460386,16,11.132212916771293,104,-0.2772984211166463,21,11.09637254474141,105,-0.2772984211166463,21,10.944295121032837,107,-0.2745632583121587,22,10.127614320768226,117,-0.28392472720858875,23,10.077237296572738,120,-0.2770159870896982,25,10.089916910281273,121,-0.2770159870896982,25,10.062278908730125,122,-0.2770159870896982,25,10.387086121166046,125,-0.2770159870896982,25,10.020300554547584,135,-0.2929062765050145,28,9.998877276395175,138,-0.2929062765050145,28,11.16790504398971,175,-0.28373087049496815,29,11.110331153085598,176,-0.28373087049496815,29,11.047897821116358,179,-0.28373087049496815,29,11.047897821116358,179,-0.2879369717983589,30,11.414619005319794,181,-0.27645914385165804,32,11.553300354170993,182,-0.27645914385165804,32,11.514584717406455,185,-0.26831266189343184,33,11.397957069435419,187,-0.26831266189343184,33,11.558222913955507,188,-0.26831266189343184,33,9.998877276395175,11.669634675762538,-0.22058735937460386,-0.30061605011306286,11.558222913955507,188,-0.26831266189343184,33
14,hetero_macro,DEFAULT_FAIR_PARTITIONER,2,630.0809998512268,0,0,0,0.70996612,0.00209097,0.00209097,52.23241628780624,126.75195453383706,36.8924204503948,101.83072730266687,140.82366661230722,52.23241628780624,126.75195453383706,51.824148151609634,121.11087501049042,121.11087501049042,51.824148151609634,43.04778944818597,162.9229998588562,162.9229998588562,43.04778944818597,117.70100021362305,117.70100021362305,117.70100021362305,117.70100021362305,10.269500017166138,13.759000062942505,13.759000062942505,10.269500017166138,72.99049997329712,89.90199995040894,89.90199995040894,72.99049997329712,72.88466660181682,75.03500008583069,75.03500008583069,72.88466660181682,97.91299986839294,97.91299986839294,97.91299986839294,97.91299986839294,82.62514284678868,138.95300006866455,138.95300006866455,82.62514284678868,81.3366666899787,116.25,116.25,81.3366666899787,71.62400007247925,71.62400007247925,71.62400007247925,71.62400007247925,92.096666653951,153.37199997901917,153.37199997901917,92.096666653951,82.87154550985856,105.87400007247925,105.87400007247925,82.87154550985856,41.87220001220703,101.72300004959106,101.72300004959106,41.87220001220703,29.063999891281128,29.063999891281128,29.063999891281128,29.063999891281128,20.12000012397766,20.12000012397766,20.12000012397766,20.12000012397766,86.38799993197124,87.8109998703003,87.8109998703003,86.38799993197124,51.355153854076676,100.79299998283386,100.79299998283386,51.355153854076676,42.68633325894674,98.69400000572205,98.69400000572205,42.68633325894674,40.376657887509,133.43166661262512,133.43166661262512,40.376657887509,9.062000036239624,9.062000036239624,9.062000036239624,9.062000036239624,22.587666670481365,44.01099991798401,44.01099991798401,22.587666670481365,2.3369998931884766,2.3369998931884766,2.3369998931884766,2.3369998931884766,51.37049996852875,133.44899988174438,133.44899988174438,51.37049996852875,74.49900007247925,74.49900007247925,74.49900007247925,74.49900007247925,11.02474993467331,40.44000005722046,40.44000005722046,11.02474993467331,8.44700002670288,8.447999954223633,8.447999954223633,8.44700002670288,89.1710000038147,89.1710000038147,89.1710000038147,89.1710000038147,,0,,0,,0,,0,,0,,0,11.453872090045573,69,-0.31408607887127316,12,11.862841971891292,85,-0.28077509431568826,15,11.755080209138239,86,-0.28077509431568826,15,11.489234791696594,88,-0.28077509431568826,15,11.516414650033555,90,-0.28077509431568826,15,11.193698232671014,93,-0.28077509431568826,15,11.147858606463991,94,-0.28077509431568826,15,11.479833875339073,97,-0.2441264550923702,19,11.346858236394567,101,-0.2866670117027395,24,11.307764385973597,102,-0.2866670117027395,24,11.148594960647861,104,-0.2831667010669346,25,10.361179359211619,113,-0.2981527643158099,27,10.297052589025297,116,-0.29062969405347155,29,10.307623513565687,117,-0.29062969405347155,29,10.279418070541277,118,-0.29062969405347155,29,10.60229882119269,121,-0.29062969405347155,29,10.201235404486924,130,-0.322012467659309,33,10.168562726000179,133,-0.322012467659309,33,11.457650175564606,169,-0.30419559147709224,35,11.397036770376047,170,-0.30419559147709224,35,11.327379222593017,173,-0.30419559147709224,35,11.327379222593017,173,-0.30421344363610425,36,11.642092451503295,176,-0.2996574600893009,37,11.787979633831657,177,-0.2996574600893009,37,11.732445558726202,180,-0.29182734657837567,38,11.610290083612778,182,-0.29182734657837567,38,11.77210305887115,183,-0.29182734657837567,38,10.168562726000179,11.862841971891292,-0.2441264550923702,-0.322012467659309,11.77210305887115,183,-0.29182734657837567,38
15,hetero_macro,CUSTOM_FAIR_PARTITIONER,0,621.5449998378754,0,0,0,0.72583152,0.00209097,0.00209097,18.998683265970843,99.93990910053253,5.3542272800749,54.22472728382457,122.24575001001358,18.998683265970843,99.93990910053253,17.14997531749584,76.67412501573563,76.67412501573563,17.14997531749584,17.974947364706743,154.25799989700317,154.25799989700317,17.974947364706743,32.765000104904175,32.765000104904175,32.765000104904175,32.765000104904175,9.57099997997284,12.401000022888184,12.401000022888184,9.57099997997284,10.061999917030334,16.37999987602234,16.37999987602234,10.061999917030334,29.13600007692973,31.57100009918213,31.57100009918213,29.13600007692973,12.418999910354614,12.418999910354614,12.418999910354614,12.418999910354614,42.846428632736206,104.73800015449524,104.73800015449524,42.846428632736206,72.60455555386014,154.15700006484985,154.15700006484985,72.60455555386014,8.567000150680542,8.567000150680542,8.567000150680542,8.567000150680542,73.85433340072632,123.76100015640259,123.76100015640259,73.85433340072632,44.424090905623004,54.08500003814697,54.08500003814697,44.424090905623004,24.186399984359742,103.12599992752075,103.12599992752075,24.186399984359742,2.319000005722046,2.319000005722046,2.319000005722046,2.319000005722046,2.5220000743865967,2.5220000743865967,2.5220000743865967,2.5220000743865967,3.634999990463257,4.309999942779541,4.309999942779541,3.634999990463257,24.942153838964607,69.49500012397766,69.49500012397766,24.942153838964607,4.156333367029826,4.815000057220459,4.815000057220459,4.156333367029826,2.8049210623690954,15.621666669845581,15.621666669845581,2.8049210623690954,4.212000131607056,4.212000131607056,4.212000131607056,4.212000131607056,3.2039999961853027,4.828999996185303,4.828999996185303,3.2039999961853027,3.369000196456909,3.369000196456909,3.369000196456909,3.369000196456909,1.8080000281333923,2.4670000076293945,2.4670000076293945,1.8080000281333923,1.936999797821045,1.936999797821045,1.936999797821045,1.936999797821045,1.274999976158142,1.8930001258850098,1.8930001258850098,1.274999976158142,5.230999946594238,5.286999940872192,5.286999940872192,5.230999946594238,2.111999988555908,2.111999988555908,2.111999988555908,2.111999988555908,,0,,0,,0,,0,,0,,0,,0,0.0,81,,0,0.0,100,,0,0.0,101,,0,0.0,103,,0,0.0,105,,0,0.0,108,,0,0.0,109,,0,0.0,116,,0,0.0,125,,0,0.0,126,,0,0.0,129,,0,0.0,140,,0,0.0,145,,0,0.0,146,,0,0.0,147,,0,0.0,150,,0,0.0,163,,0,0.0,166,,0,0.0,204,,0,0.0,205,,0,0.0,208,,0,0.0,209,,0,0.0,213,,0,0.0,214,,0,0.0,218,,0,0.0,220,,0,0.0,221,,,0.0,0.0,,0,0.0,221
16,hetero_macro,CUSTOM_FAIR_PARTITIONER,1,620.069000005722,0,0,0,0.73729672,0.00209097,0.00209097,18.703117643546197,97.6424090753902,5.409767042506825,53.15003030227892,118.94324998060863,18.703117643546197,97.6424090753902,17.035851852393446,76.04887500405312,76.04887500405312,17.035851852393446,17.90089470461795,152.89299988746643,152.89299988746643,17.90089470461795,33.30200004577637,33.30200004577637,33.30200004577637,33.30200004577637,9.590499997138977,12.736999988555908,12.736999988555908,9.590499997138977,10.120499968528748,16.651000022888184,16.651000022888184,10.120499968528748,29.787333329518635,31.717999935150146,31.717999935150146,29.787333329518635,12.470999956130981,12.470999956130981,12.470999956130981,12.470999956130981,41.216714245932444,104.99699997901917,104.99699997901917,41.216714245932444,68.6664444870419,154.58200001716614,154.58200001716614,68.6664444870419,8.664000034332275,8.664000034332275,8.664000034332275,8.664000034332275,73.51333324114482,122.55499982833862,122.55499982833862,73.51333324114482,43.09900004213507,53.66000008583069,53.66000008583069,43.09900004213507,24.225400018692017,102.81100010871887,102.81100010871887,24.225400018692017,2.3429999351501465,2.3429999351501465,2.3429999351501465,2.3429999351501465,2.6510000228881836,2.6510000228881836,2.6510000228881836,2.6510000228881836,3.68666664759318,4.322000026702881,4.322000026702881,3.68666664759318,25.22000002861023,69.63800001144409,69.63800001144409,25.22000002861023,4.066333293914795,4.855999946594238,4.855999946594238,4.066333293914795,2.821894727255169,15.540666659673056,15.540666659673056,2.821894727255169,4.757999897003174,4.757999897003174,4.757999897003174,4.757999897003174,3.302999973297119,4.827999830245972,4.827999830245972,3.302999973297119,2.61299991607666,2.61299991607666,2.61299991607666,2.61299991607666,1.7404999732971191,2.48799991607666,2.48799991607666,1.7404999732971191,1.9190001487731934,1.9190001487731934,1.9190001487731934,1.9190001487731934,1.3634999990463257,2.4130001068115234,2.4130001068115234,1.3634999990463257,5.3109999895095825,5.315999984741211,5.315999984741211,5.3109999895095825,2.2939999103546143,2.2939999103546143,2.2939999103546143,2.2939999103546143,,0,,0,,0,,0,,0,,0,0.04997508449968359,57,-0.06386203603461459,24,0.05429560751818862,66,-0.06177336187975165,34,0.05375990863279686,67,-0.06177336187975165,34,0.05337844437827535,68,-0.06125027608552136,35,0.0528428505439118,69,-0.0605653212822406,36,0.05163681461495641,72,-0.0605653212822406,36,0.05099123111770688,73,-0.0605653212822406,36,0.04974034391502111,76,-0.062233970279525506,40,0.04715491492628705,82,-0.06706888925695187,43,0.04673445010126247,83,-0.06706888925695187,43,0.04572901601338388,85,-0.06578846813435867,44,0.0459543246478226,92,-0.07098016433666042,48,0.045875928850572394,94,-0.06853636819726223,51,0.04555643421476356,95,-0.06853636819726223,51,0.045763390622941214,96,-0.06853636819726223,51,0.04534137611003397,98,-0.06722481826089738,52,0.04406873132712467,110,-0.06609639281264765,53,0.043880491607806396,112,-0.0668698887174075,54,0.04872004290053683,137,-0.0659201657146221,67,0.04941473014307602,138,-0.0659201657146221,67,0.04907002324497311,140,-0.06536158166253966,68,0.04907002324497311,140,-0.06762345285545257,69,0.04874500790216913,141,-0.06676316767878808,72,0.04874500790216913,141,-0.0659193228495055,73,0.050758690682120494,143,-0.06628104771855078,75,0.05046376994997043,145,-0.06628104771855078,75,0.05075052162391801,146,-0.06628104771855078,75,0.043880491607806396,0.05429560751818862,-0.0605653212822406,-0.07098016433666042,0.05075052162391801,146,-0.06628104771855078,75
17,hetero_macro,CUSTOM_FAIR_PARTITIONER,2,619.2330000400543,0,0,0,0.778249144,0.00209097,0.00209097,18.479533947431126,97.27268185398795,5.0957727405157955,53.22833331425985,119.21550005674362,18.479533947431126,97.27268185398795,16.75654321835365,75.07500004768372,75.07500004768372,16.75654321835365,17.586052693818743,152.05400013923645,152.05400013923645,17.586052693818743,32.736000061035156,32.736000061035156,32.736000061035156,32.736000061035156,9.00249993801117,11.635999917984009,11.635999917984009,9.00249993801117,10.031000018119812,16.368000030517578,16.368000030517578,10.031000018119812,29.0939998626709,30.811999797821045,30.811999797821045,29.0939998626709,12.432999849319458,12.432999849319458,12.432999849319458,12.432999849319458,42.858857086726594,105.16199994087219,105.16199994087219,42.858857086726594,68.3826666408115,153.93299984931946,153.93299984931946,68.3826666408115,8.479000091552734,8.479000091552734,8.479000091552734,8.479000091552734,72.74933338165283,120.4520001411438,120.4520001411438,72.74933338165283,43.26790907166221,54.84100008010864,54.84100008010864,43.26790907166221,24.14640007019043,102.55700016021729,102.55700016021729,24.14640007019043,2.444999933242798,2.444999933242798,2.444999933242798,2.444999933242798,5.269000053405762,5.269000053405762,5.269000053405762,5.269000053405762,3.4920000235239663,3.8610000610351562,3.8610000610351562,3.4920000235239663,23.43638462286729,68.96000003814697,68.96000003814697,23.43638462286729,4.054333368937175,4.891000032424927,4.891000032424927,4.054333368937175,2.833315792836641,15.469333330790201,15.469333330790201,2.833315792836641,4.817000150680542,4.817000150680542,4.817000150680542,4.817000150680542,2.237333377202352,3.251000165939331,3.251000165939331,2.237333377202352,2.6710000038146973,2.6710000038146973,2.6710000038146973,2.6710000038146973,1.711750090122223,2.562999963760376,2.562999963760376,1.711750090122223,1.9049999713897705,1.9049999713897705,1.9049999713897705,1.9049999713897705,1.2190000414848328,1.7890000343322754,1.7890000343322754,1.2190000414848328,5.243500113487244,5.267000198364258,5.267000198364258,5.243500113487244,2.174999952316284,2.174999952316284,2.174999952316284,2.174999952316284,,0,,0,,0,,0,,0,,0,0.09412894122575495,48,-0.07517477059558104,33,0.08650845064691175,57,-0.08701531845866389,43,0.0850721780438351,58,-0.08701531845866389,43,0.0850721780438351,58,-0.08564460142406753,45,0.0850721780438351,58,-0.08209237495109772,47,0.08412940142785315,59,-0.07929286417634575,49,0.0827728736395238,60,-0.07929286417634575,49,0.07825379030478011,64,-0.07878372508929375,52,0.07794724287458349,65,-0.08042272258089099,60,0.07794724287458349,65,-0.07923443931447752,61,0.07679287477945479,66,-0.07740918130926204,63,0.08434457505089098,71,-0.08403127179191389,69,0.08138609464857066,75,-0.08292183713252081,70,0.08147271116993822,76,-0.08292183713252081,70,0.09474565334485202,77,-0.08292183713252081,70,0.09253377205168188,79,-0.08317217830757882,71,0.08799202656676232,85,-0.08345148172786988,78,0.08700078307738016,87,-0.08412461766827753,79,0.0861712473202376,111,-0.07856054606997456,93,0.08683696162907915,112,-0.07856054606997456,93,0.08624089137420429,114,-0.08462680193750534,94,0.08624089137420429,114,-0.08583563302853703,95,0.08494800222952262,116,-0.08649012682475272,97,0.08494800222952262,116,-0.08570766520890867,98,0.08471394722175526,117,-0.08455484632702874,101,0.0835725252365741,119,-0.08455484632702874,101,0.08314834133820086,120,-0.08455484632702874,101,0.07679287477945479,0.09474565334485202,-0.07517477059558104,-0.08701531845866389,0.08314834133820086,120,-0.08455484632702874,101
18,hetero_macro,CUSTOM_CLUSTERFAIR_PARTITIONER,0,652.4260001182556,0,0,0,1.78460948,0.00209097,0.00209097,10.111760170751028,70.11799996549433,2.2987670410763132,16.398999958327323,107.41241665681203,10.111760170751028,70.11799996549433,8.9761851746359,56.37287497520447,56.37287497520447,8.9761851746359,9.966421026932565,125.07499980926514,125.07499980926514,9.966421026932565,41.42799997329712,41.42799997329712,41.42799997329712,41.42799997329712,5.516499996185303,8.29200005531311,8.29200005531311,5.516499996185303,4.257000088691711,6.585000038146973,6.585000038146973,4.257000088691711,6.876000006993611,9.782999992370605,9.782999992370605,6.876000006993611,8.210999965667725,8.210999965667725,8.210999965667725,8.210999965667725,21.988571439470565,137.37700009346008,137.37700009346008,21.988571439470565,45.28055553966098,331.61100006103516,331.61100006103516,45.28055553966098,22.322999954223633,22.322999954223633,22.322999954223633,22.322999954223633,66.74166663487752,194.07599997520447,194.07599997520447,66.74166663487752,12.87281812321056,28.322999954223633,28.322999954223633,12.87281812321056,13.958400058746339,54.2960000038147,54.2960000038147,13.958400058746339,2.127000093460083,2.127000093460083,2.127000093460083,2.127000093460083,5.163000106811523,5.163000106811523,5.163000106811523,5.163000106811523,1.9216666221618652,2.3409998416900635,2.3409998416900635,1.9216666221618652,8.041384641940777,31.763000011444092,31.763000011444092,8.041384641940777,4.700999895731608,8.530999898910522,8.530999898910522,4.700999895731608,1.7959473572279279,6.951666593551636,6.951666593551636,1.7959473572279279,3.2950000762939453,3.2950000762939453,3.2950000762939453,3.2950000762939453,1.8053332964579265,2.753999948501587,2.753999948501587,1.8053332964579265,1.867999792098999,1.867999792098999,1.867999792098999,1.867999792098999,1.1572500467300415,1.371000051498413,1.371000051498413,1.1572500467300415,1.2119998931884766,1.2119998931884766,1.2119998931884766,1.2119998931884766,3.0919999480247498,7.764999866485596,7.764999866485596,3.0919999480247498,1.5145000219345093,1.7030000686645508,1.7030000686645508,1.5145000219345093,1.3070001602172852,1.3070001602172852,1.3070001602172852,1.3070001602172852,,0,,0,,0,,0,,0,,0,0.49219797141106786,20,-0.46713823174335545,61,0.6285381637080327,23,-0.4492146483941631,77,0.6136098192561641,24,-0.4492146483941631,77,0.6136098192561641,24,-0.44951226983823384,79,0.6136098192561641,24,-0.45209924916270755,81,0.6136098192561641,24,-0.46327123733288145,84,0.6136098192561641,24,-0.46179781614058074,85,0.6015434192102698,25,-0.46645820264160043,91,0.6092727443615783,27,-0.4855611984006051,98,0.6448843113417054,28,-0.4855611984006051,98,0.6422692801938769,29,-0.4917084450473997,100,0.6422692801938769,29,-0.5120980732731911,111,0.6293177103332694,30,-0.5033871913263781,115,0.6293177103332694,30,-0.4994119527211707,116,0.6429507815342786,31,-0.4994119527211707,116,0.6429507815342786,31,-0.4986132946265203,119,0.6269743022368367,32,-0.5111617613153657,131,0.6359900624886498,33,-0.5084381183710482,133,0.5674766246878213,46,-0.4806134470036023,158,0.5674766246878213,46,-0.4789286172594032,159,0.5674766246878213,46,-0.47693269300057023,162,0.5674766246878213,46,-0.4767127404772258,163,0.5674766246878213,46,-0.4727510834322129,167,0.5674766246878213,46,-0.4721158383846522,168,0.6268641443408811,49,-0.46932225354213947,169,0.6268641443408811,49,-0.47209677112746185,171,0.6268641443408811,49,-0.4715432656578533,172,0.49219797141106786,0.6448843113417054,-0.4492146483941631,-0.5120980732731911,0.6268641443408811,49,-0.4715432656578533,172
19,hetero_macro,CUSTOM_CLUSTERFAIR_PARTITIONER,1,657.885999917984,0,0,0,1.886452256,0.00209097,0.00209097,10.508701350354501,73.5863636190241,2.286806817759167,16.906363581166122,113.50291669368744,10.508701350354501,73.5863636190241,9.20839505136749,57.646624982357025,57.646624982357025,9.20839505136749,10.044210546895078,128.76600003242493,128.76600003242493,10.044210546895078,42.21499991416931,42.21499991416931,42.21499991416931,42.21499991416931,5.585999965667725,8.348000049591064,8.348000049591064,5.585999965667725,3.6584999561309814,5.392999887466431,5.392999887466431,3.6584999561309814,6.73633337020874,9.764000177383423,9.764000177383423,6.73633337020874,8.930000066757202,8.930000066757202,8.930000066757202,8.930000066757202,22.42999999863761,139.0369999408722,139.0369999408722,22.42999999863761,50.846222188737656,381.9119999408722,381.9119999408722,50.846222188737656,22.875999927520752,22.875999927520752,22.875999927520752,22.875999927520752,68.43533325195312,198.9579999446869,198.9579999446869,68.43533325195312,13.44999996098605,28.83199977874756,28.83199977874756,13.44999996098605,14.20900001525879,56.04700016975403,56.04700016975403,14.20900001525879,2.315999984741211,2.315999984741211,2.315999984741211,2.315999984741211,4.823999881744385,4.823999881744385,4.823999881744385,4.823999881744385,1.9580000241597493,2.5859999656677246,2.5859999656677246,1.9580000241597493,8.036384600859423,32.71600008010864,32.71600008010864,8.036384600859423,5.033333381017049,9.532999992370605,9.532999992370605,5.033333381017049,1.8803421007959467,7.365666548411052,7.365666548411052,1.8803421007959467,3.202000141143799,3.202000141143799,3.202000141143799,3.202000141143799,1.8109999497731526,2.631999969482422,2.631999969482422,1.8109999497731526,2.76200008392334,2.76200008392334,2.76200008392334,2.76200008392334,1.1937499046325684,1.6699998378753662,1.6699998378753662,1.1937499046325684,1.5420000553131104,1.5420000553131104,1.5420000553131104,1.5420000553131104,2.0667500495910645,4.103000164031982,4.103000164031982,2.0667500495910645,1.3655000925064087,1.684000015258789,1.684000015258789,1.3655000925064087,1.3050000667572021,1.3050000667572021,1.3050000667572021,1.3050000667572021,,0,,0,,0,,0,,0,,0,0.6131676182638977,21,-0.470340279400618,60,0.5970623894645791,25,-0.4518404017125776,75,0.5853757288071576,26,-0.4518404017125776,75,0.5853757288071576,26,-0.45181886943700766,77,0.5853757288071576,26,-0.4551452583945094,79,0.5853757288071576,26,-0.4666618751011166,82,0.5853757288071576,26,-0.4644155368701634,83,0.5598313481568266,28,-0.4751749518481905,88,0.5821589202426501,30,-0.49411970133192107,95,0.6171907346252886,31,-0.49411970133192107,95,0.6169154705344304,32,-0.5000303273156936,97,0.6169154705344304,32,-0.5183455161746865,108,0.6074510785132589,33,-0.5096217468064722,112,0.5899273093844516,34,-0.5096217468064722,112,0.5995478276804852,35,-0.5096217468064722,112,0.5995478276804852,35,-0.5083673465980034,115,0.5867230939158717,36,-0.5214644058909863,127,0.6019680512720758,37,-0.5185995389362505,129,0.6022434299714879,50,-0.4870833890857848,154,0.6022434299714879,50,-0.4854083051166706,155,0.6022434299714879,50,-0.48321726748422283,158,0.6022434299714879,50,-0.48129265538669114,159,0.6022434299714879,50,-0.476966822437251,163,0.6022434299714879,50,-0.47528303698988683,164,0.5955965046601301,54,-0.47528303698988683,164,0.5955965046601301,54,-0.4783318720476916,166,0.5955965046601301,54,-0.47774714091736625,167,0.5598313481568266,0.6171907346252886,-0.45181886943700766,-0.5214644058909863,0.5955965046601301,54,-0.47774714091736625,167
20,hetero_macro,CUSTOM_CLUSTERFAIR_PARTITIONER,2,653.6949999332428,0,0,0,1.822166528,0.00209097,0.00209097,10.396886863320121,72.36968177015132,2.330073844302784,16.5920000148542,111.6735833088557,10.396886863320121,72.36968177015132,9.066753075446611,56.82574996352196,56.82574996352196,9.066753075446611,9.955421008561787,124.92899990081787,124.92899990081787,9.955421008561787,42.169999837875366,42.169999837875366,42.169999837875366,42.169999837875366,5.636000037193298,8.453999996185303,8.453999996185303,5.636000037193298,3.6139999628067017,5.408999919891357,5.408999919891357,3.6139999628067017,6.917666673660278,9.917999982833862,9.917999982833862,6.917666673660278,8.746999979019165,8.746999979019165,8.746999979019165,8.746999979019165,22.388142858232772,137.92199993133545,137.92199993133545,22.388142858232772,50.46133335431417,377.3029999732971,377.3029999732971,50.46133335431417,22.144999980926514,22.144999980926514,22.144999980926514,22.144999980926514,67.23633329073589,195.53999996185303,195.53999996185303,67.23633329073589,13.218454577706076,28.335999965667725,28.335999965667725,13.218454577706076,13.937600040435791,54.88900017738342,54.88900017738342,13.937600040435791,2.677000045776367,2.677000045776367,2.677000045776367,2.677000045776367,5.374000072479248,5.374000072479248,5.374000072479248,5.374000072479248,1.7486666838328044,2.127000093460083,2.127000093460083,1.7486666838328044,7.915076897694514,31.276999950408936,31.276999950408936,7.915076897694514,4.972333272298177,9.346999883651733,9.346999883651733,4.972333272298177,1.8422368200201737,7.320000012715657,7.320000012715657,1.8422368200201737,3.3369998931884766,3.3369998931884766,3.3369998931884766,3.3369998931884766,1.9580000241597493,3.236999988555908,3.236999988555908,1.9580000241597493,2.7829999923706055,2.7829999923706055,2.7829999923706055,2.7829999923706055,1.2482499480247498,1.7379999160766602,1.7379999160766602,1.2482499480247498,1.678999900817871,1.678999900817871,1.678999900817871,1.678999900817871,2.409749984741211,5.361999988555908,5.361999988555908,2.409749984741211,1.719499945640564,1.878999948501587,1.878999948501587,1.719499945640564,1.30899977684021,1.30899977684021,1.30899977684021,1.30899977684021,,0,,0,,0,,0,,0,,0,0.5468729365151326,21,-0.48151194548967324,60,0.5757199487972657,25,-0.4536949969610919,75,0.5645923802991458,26,-0.4536949969610919,75,0.5645923802991458,26,-0.45355722172600554,77,0.5645923802991458,26,-0.4569195854256747,79,0.5645923802991458,26,-0.4681391594982553,82,0.5645923802991458,26,-0.4660496482755963,83,0.538136622900394,28,-0.4751825624267266,88,0.5608723559378324,30,-0.4936908110365082,95,0.5942600597583677,31,-0.4936908110365082,95,0.593792621658644,32,-0.4996112089977535,97,0.593792621658644,32,-0.5185668260607506,108,0.5662034011724597,34,-0.5142183666804622,111,0.55459709751034,35,-0.5142183666804622,111,0.5711878324405705,36,-0.5142183666804622,111,0.5711878324405705,36,-0.5142438917616382,114,0.560501296119666,37,-0.5297813152701732,126,0.5748819528867877,38,-0.5265063829037766,128,0.5621495853687227,50,-0.4913044462766949,154,0.5621495853687227,50,-0.48924983397630534,155,0.5621495853687227,50,-0.4864426554879035,158,0.5621495853687227,50,-0.4844286857979334,159,0.5621495853687227,50,-0.47903628726501796,163,0.5621495853687227,50,-0.47690231953034534,164,0.5743730800287037,54,-0.47690231953034534,164,0.5743730800287037,54,-0.47887182091737435,166,0.5743730800287037,54,-0.47826401065237933,167,0.538136622900394,0.5942600597583677,-0.45355722172600554,-0.5297813152701732,0.5743730800287037,54,-0.47826401065237933,167
21,hetero_macro,CUSTOM_USERCLUSTERFAIR_PARTITIONER,0,649.2309999465942,0,0,0,1.662189528,0.00209097,0.00209097,11.409334851605859,81.27322731234811,2.3894147778099235,17.696000026934076,126.41316670179367,11.409334851605859,81.27322731234811,10.576160504494185,71.06875002384186,71.06875002384186,10.576160504494185,9.579789475390786,121.63499999046326,121.63499999046326,9.579789475390786,30.144999980926514,30.144999980926514,30.144999980926514,30.144999980926514,7.02400004863739,11.110000133514404,11.110000133514404,7.02400004863739,4.254500031471252,6.792999982833862,6.792999982833862,4.254500031471252,7.015666643778483,9.993000030517578,9.993000030517578,7.015666643778483,5.296000003814697,5.296000003814697,5.296000003814697,5.296000003814697,20.857285737991333,129.12600016593933,129.12600016593933,20.857285737991333,51.84588890605502,372.7130000591278,372.7130000591278,51.84588890605502,14.101999998092651,14.101999998092651,14.101999998092651,14.101999998092651,65.89366674423218,190.9079999923706,190.9079999923706,65.89366674423218,25.34509095278653,137.6380000114441,137.6380000114441,25.34509095278653,14.122399950027466,54.42700004577637,54.42700004577637,14.122399950027466,2.1449999809265137,2.1449999809265137,2.1449999809265137,2.1449999809265137,5.028000116348267,5.028000116348267,5.028000116348267,5.028000116348267,1.9203333854675293,2.749000072479248,2.749000072479248,1.9203333854675293,7.804769240892851,31.038000106811523,31.038000106811523,7.804769240892851,4.972666660944621,8.224999904632568,8.224999904632568,4.972666660944621,1.8654999983938116,6.911666711171468,6.911666711171468,1.8654999983938116,2.620000123977661,2.620000123977661,2.620000123977661,2.620000123977661,1.8293333848317463,2.2019999027252197,2.2019999027252197,1.8293333848317463,4.4040000438690186,4.4040000438690186,4.4040000438690186,4.4040000438690186,1.2847500443458557,1.6520001888275146,1.6520001888275146,1.2847500443458557,1.3250000476837158,1.3250000476837158,1.3250000476837158,1.3250000476837158,1.641749918460846,2.883999824523926,2.883999824523926,1.641749918460846,1.5045000314712524,1.7030000686645508,1.7030000686645508,1.5045000314712524,1.1729998588562012,1.1729998588562012,1.1729998588562012,1.1729998588562012,,0,,0,,0,,0,,0,,0,0.6171304904212395,24,-0.47721488632223524,57,0.5523823349356278,29,-0.461906576339907,71,0.5523823349356278,29,-0.4565382255620295,72,0.5523823349356278,29,-0.45322031834131976,74,0.5523823349356278,29,-0.45617823590331635,76,0.5523823349356278,29,-0.46773859099141674,79,0.5523823349356278,29,-0.4690653429273448,80,0.5417292701253487,30,-0.47769713811293274,86,0.5556812556951104,32,-0.49414676160410076,93,0.5584065776107366,33,-0.49414676160410076,93,0.5579602817877031,34,-0.4993185521262966,95,0.5980466674175707,35,-0.5137734944119552,105,0.5795407639620411,37,-0.508554178792811,108,0.5795407639620411,37,-0.5045690016573425,109,0.5904802659207866,38,-0.5045690016573425,109,0.5904802659207866,38,-0.5039413259375797,112,0.5650644709123542,40,-0.5200453394180681,123,0.5594956688379424,42,-0.51954388645071,124,0.5883182494461221,55,-0.49002432848063804,149,0.5883182494461221,55,-0.48927253592830916,150,0.5883182494461221,55,-0.48664367922079077,153,0.5833144099509345,56,-0.48664367922079077,153,0.5833144099509345,56,-0.48072323795788147,157,0.5833144099509345,56,-0.479686919874197,158,0.5594243277093363,60,-0.479686919874197,158,0.5594243277093363,60,-0.48254629596042353,160,0.5594243277093363,60,-0.4823223826412142,161,0.5417292701253487,0.6171304904212395,-0.45322031834131976,-0.5200453394180681,0.5594243277093363,60,-0.4823223826412142,161
22,hetero_macro,CUSTOM_USERCLUSTERFAIR_PARTITIONER,1,654.7469999790192,0,0,0,1.41814548,0.00209097,0.00209097,11.396628964540646,82.08968180959874,2.349590913815932,17.320424260515153,127.79608331123988,11.396628964540646,82.08968180959874,10.532419761021933,71.63287499547005,71.63287499547005,10.532419761021933,9.873263145747938,125.95899987220764,125.95899987220764,9.873263145747938,28.884000062942505,28.884000062942505,28.884000062942505,28.884000062942505,6.4359999895095825,10.164999961853027,10.164999961853027,6.4359999895095825,3.6339999437332153,5.398000001907349,5.398000001907349,3.6339999437332153,6.965333382288615,9.475000143051147,9.475000143051147,6.965333382288615,4.771000146865845,4.771000146865845,4.771000146865845,4.771000146865845,20.684285708836146,128.2720000743866,128.2720000743866,20.684285708836146,52.164555576112534,378.4060001373291,378.4060001373291,52.164555576112534,14.430999994277954,14.430999994277954,14.430999994277954,14.430999994277954,67.64466659228007,196.54999995231628,196.54999995231628,67.64466659228007,24.46199997988614,135.98499989509583,135.98499989509583,24.46199997988614,14.03759994506836,54.4779999256134,54.4779999256134,14.03759994506836,2.2710001468658447,2.2710001468658447,2.2710001468658447,2.2710001468658447,5.1570000648498535,5.1570000648498535,5.1570000648498535,5.1570000648498535,2.0580000082651773,2.9210000038146973,2.9210000038146973,2.0580000082651773,7.832769247201773,31.812999963760376,31.812999963760376,7.832769247201773,4.9910000165303545,7.796000003814697,7.796000003814697,4.9910000165303545,1.9052894931090505,7.363666772842407,7.363666772842407,1.9052894931090505,2.7190001010894775,2.7190001010894775,2.7190001010894775,2.7190001010894775,1.7356666723887126,2.38100004196167,2.38100004196167,1.7356666723887126,4.805999994277954,4.805999994277954,4.805999994277954,4.805999994277954,1.407749891281128,2.0749998092651367,2.0749998092651367,1.407749891281128,1.4189999103546143,1.4189999103546143,1.4189999103546143,1.4189999103546143,1.3282500505447388,2.2150001525878906,2.2150001525878906,1.3282500505447388,1.5785000324249268,1.7979998588562012,1.7979998588562012,1.5785000324249268,1.2860000133514404,1.2860000133514404,1.2860000133514404,1.2860000133514404,,0,,0,,0,,0,,0,,0,0.6391310907733145,22,-0.4585796667786247,59,0.5362622089939111,28,-0.4502079214540028,72,0.5362622089939111,28,-0.44559095730556275,73,0.5362622089939111,28,-0.44404140261940245,75,0.5362622089939111,28,-0.4477767185160451,77,0.5362622089939111,28,-0.45953140623886835,80,0.5362622089939111,28,-0.46144611420627074,81,0.5255247329182882,29,-0.47099364010686673,87,0.5564837949374039,30,-0.48442997940093435,95,0.5608237907296706,31,-0.48442997940093435,95,0.5616668690021551,32,-0.49050626083097426,97,0.6027892508817393,33,-0.5076571130599107,107,0.5814292627006967,35,-0.5030304519086868,110,0.5814292627006967,35,-0.49859576718092247,111,0.5948515384855025,36,-0.49859576718092247,111,0.5948515384855025,36,-0.49705107234475676,114,0.5827141907200111,37,-0.5118400063294211,126,0.5744142985499222,39,-0.5105081682534931,127,0.5987760011982933,51,-0.4765699048720236,153,0.5987760011982933,51,-0.4756397972646295,154,0.5987760011982933,51,-0.47436879638048696,157,0.5955664405595705,52,-0.47436879638048696,157,0.5764292114894304,54,-0.47294613177833766,159,0.5764292114894304,54,-0.47161967098677293,160,0.5524918230864834,57,-0.4696651324776697,161,0.5524918230864834,57,-0.4722315424449143,163,0.5524918230864834,57,-0.4717108445139429,164,0.5255247329182882,0.6391310907733145,-0.44404140261940245,-0.5118400063294211,0.5524918230864834,57,-0.4717108445139429,164
23,hetero_macro,CUSTOM_USERCLUSTERFAIR_PARTITIONER,2,669.6679999828339,0,0,0,1.622161704,0.00209097,0.00209097,12.104900460437412,87.53595455126329,2.357943194833669,18.63778785503272,137.0948333541552,12.104900460437412,87.53595455126329,11.32607407923098,77.59400001168251,77.59400001168251,11.32607407923098,10.434157923648232,138.59800004959106,138.59800004959106,10.434157923648232,30.95300006866455,30.95300006866455,30.95300006866455,30.95300006866455,11.322499990463257,20.006999969482422,20.006999969482422,11.322499990463257,3.578000068664551,5.490999937057495,5.490999937057495,3.578000068664551,6.908999919891357,9.960999965667725,9.960999965667725,6.908999919891357,5.764999866485596,5.764999866485596,5.764999866485596,5.764999866485596,22.150428567613876,138.02300000190735,138.02300000190735,22.150428567613876,54.33500001165602,393.8359999656677,393.8359999656677,54.33500001165602,14.353999853134155,14.353999853134155,14.353999853134155,14.353999853134155,72.43566656112671,211.06499981880188,211.06499981880188,72.43566656112671,26.60499999739907,146.4520001411438,146.4520001411438,26.60499999739907,14.369799995422364,55.396000146865845,55.396000146865845,14.369799995422364,2.0280001163482666,2.0280001163482666,2.0280001163482666,2.0280001163482666,5.124000072479248,5.124000072479248,5.124000072479248,5.124000072479248,1.8096667130788167,2.1019999980926514,2.1019999980926514,1.8096667130788167,7.845461570299589,32.47699999809265,32.47699999809265,7.845461570299589,5.165333429972331,8.60700011253357,8.60700011253357,5.165333429972331,2.0087894703212537,8.009666681289673,8.009666681289673,2.0087894703212537,3.256999969482422,3.256999969482422,3.256999969482422,3.256999969482422,1.8003332614898682,2.6489999294281006,2.6489999294281006,1.8003332614898682,1.9709999561309814,1.9709999561309814,1.9709999561309814,1.9709999561309814,1.0042500495910645,1.4880001544952393,1.4880001544952393,1.0042500495910645,1.4650001525878906,1.4650001525878906,1.4650001525878906,1.4650001525878906,1.423500120639801,2.861999988555908,2.861999988555908,1.423500120639801,1.3364999294281006,1.6740000247955322,1.6740000247955322,1.3364999294281006,1.1630001068115234,1.1630001068115234,1.1630001068115234,1.1630001068115234,,0,,0,,0,,0,,0,,0,0.6992140981728785,25,-0.4746175972695091,56,0.6911049039203382,28,-0.4633276076294761,72,0.6911049039203382,28,-0.45768304067759585,73,0.6884816676570419,29,-0.4596832223123747,74,0.6884816676570419,29,-0.4632942344479513,76,0.6884816676570419,29,-0.47470553713669433,79,0.6884816676570419,29,-0.4754509996338605,80,0.6761498832783324,30,-0.4840507264809558,86,0.6655603986545334,33,-0.5051302910013061,92,0.6659625710400253,34,-0.5051302910013061,92,0.6671177482790652,35,-0.5108410141547697,94,0.708327760221604,36,-0.5233290099371758,104,0.6821001173614721,38,-0.5170577623796456,107,0.6821001173614721,38,-0.5133322694404461,108,0.6916137671205618,39,-0.5133322694404461,108,0.6916137671205618,39,-0.5128540373662002,111,0.6783266467785688,40,-0.5280194901088899,123,0.6696717169662312,42,-0.5272221634731061,124,0.6949620253984824,56,-0.49358494742711273,148,0.6949620253984824,56,-0.49175734730428483,149,0.6949620253984824,56,-0.4896179085223824,152,0.6949620253984824,56,-0.489091147234464,153,0.6949620253984824,56,-0.4866692231419568,157,0.6949620253984824,56,-0.4850953469604061,158,0.6913298013180088,59,-0.4849149879892383,159,0.6913298013180088,59,-0.48804169912032386,161,0.6913298013180088,59,-0.4877677084449244,162,0.6655603986545334,0.708327760221604,-0.45768304067759585,-0.5280194901088899,0.6913298013180088,59,-0.4877677084449244,162
