workflow_id,ts_submit,ts_submit_seconds,task_count,total_resources,task_id,runtime,resource_amount_requested,resource_run_time,user_id
6256997551,76788260,76788.26,1,0.01019,0,32278569,0.01019,328918.61811,-394994384424794803
6257016301,77097229,77097.229,1,0.03125,0,7977927,0.03125,249310.21875,-7549302465468015677
6256981907,76661199,76661.199,1,0.05103,0,2942761,0.05103,150169.09383,-1156518839728520497
6256997548,76788248,76788.248,1,0.06189,0,1362919,0.06189,84351.05691,5344564867719370235
6257008804,77003176,77003.176,1,0.0625,0,1156552,0.0625,72284.5,918723740945614320
6257008729,76984053,76984.053,1,0.0625,0,1153141,0.0625,72071.3125,-203243746095021004
6256992035,76675125,76675.125,1,0.0075,0,7939909,0.0075,59549.3175,-4919745513527835362
6257008752,76984916,76984.916,1,0.0625,0,864527,0.0625,54032.9375,-203243746095021004
6257008781,76985785,76985.785,1,0.0625,0,781017,0.0625,48813.5625,-203243746095021004
6257018061,77111799,77111.799,1,0.0625,0,753899,0.0625,47118.6875,2395397313126361358
6256992927,76901704,76901.704,1,0.0625,0,713489,0.0625,44593.0625,-4860137523839900898
6256993687,76901713,76901.713,1,0.0625,0,588430,0.0625,36776.875,-4431312990847131336
6257010724,77086448,77086.448,1,0.05902,0,575110,0.05902,33942.9922,9029632682109812937
6256997396,76786343,76786.343,1,0.02206,0,1365592,0.02206,30124.95952,5344564867719370235
6257008628,77003169,77003.169,1,0.04376,0,676706,0.04376,29612.65456,9029632682109812937
6256992798,76693685,76693.685,1,0.04688,0,590087,0.04688,27663.27856,2395397313126361358
6256981905,76661191,76661.191,1,0.04999,0,426876,0.04999,21339.53124,-4860137523839900898
6256985366,76661239,76661.239,1,0.06873,0,278493,0.06873,19140.82389,-1452810209145394151
6257005654,76939423,76939.423,1,0.0625,0,276213,0.0625,17263.3125,8928009200130481805
6257011424,77066474,77066.474,1,0.03125,0,483210,0.03125,15100.3125,3750581634479365287
6256992617,76901691,76901.691,1,0.03125,0,435979,0.03125,13624.34375,-4860137523839900898
6257001320,76832686,76832.686,1,0.0625,0,206355,0.0625,12897.1875,2395397313126361358
6256992741,76901697,76901.697,1,0.0125,0,1028636,0.0125,12857.95,-8675029873090139979
6256983822,76661209,76661.209,1,0.06873,0,181841,0.06873,12497.93193,-1452810209145394151
6257005531,76936041,76936.041,1,0.0625,0,196471,0.0625,12279.4375,-1326963517852878682
6256985147,76661234,76661.234,1,0.06873,0,177656,0.06873,12210.29688,-1452810209145394151
6256985252,76669519,76669.519,1,0.06873,0,177656,0.06873,12210.29688,-1452810209145394151
6256984898,76661227,76661.227,1,0.06873,0,166267,0.06873,11427.53091,-1452810209145394151
6257002885,76920334,76920.334,1,0.0125,0,793079,0.0125,9913.487500000001,-2684394858317753478
6256984115,76665434,76665.434,1,0.06873,8,132897,0.06873,9134.01081,-1452810209145394151
6256984404,76661220,76661.22,1,0.06873,0,130908,0.06873,8997.30684,-1452810209145394151
6256972227,76960507,76960.507,1,0.0625,0,141445,0.0625,8840.3125,2395397313126361358
6256995466,76775967,76775.967,1,0.0625,1,140984,0.0625,8811.5,8928009200130481805
6257010089,77045561,77045.561,1,0.0125,0,670870,0.0125,8385.875,-2684394858317753478
6256995285,76768121,76768.121,1,0.0625,0,131325,0.0625,8207.8125,8928009200130481805
6257000599,76901733,76901.733,1,0.0625,0,129510,0.0625,8094.375,-6945965024893757447
6257010862,77086465,77086.465,1,0.0625,0,122194,0.0625,7637.125,-6945965024893757447
6256984032,76661216,76661.216,1,0.06873,0,104924,0.06873,7211.42652,-1452810209145394151
6257005590,76937694,76937.694,1,0.0625,0,112050,0.0625,7003.125,-1326963517852878682
6256979427,76661178,76661.178,1,0.0625,0,110542,0.0625,6908.875,-6945965024893757447
6257005496,76935186,76935.186,1,0.0625,0,99320,0.0625,6207.5,-1326963517852878682
6257011384,77064951,77064.951,1,0.01562,0,395145,0.01562,6172.1649,-2281982744805890130
6256981849,76661183,76661.183,1,0.006248,0,977575,0.006248,6107.8886,-4860137523839900898
6256995316,76901728,76901.728,1,0.006248,0,765567,0.006248,4783.262616,4933893929094123259
6256992743,76905705,76905.705,1,0.01067,0,433210,0.01067,4622.3507,-4860137523839900898
6256981878,76661187,76661.187,1,0.006248,0,693765,0.006248,4334.64372,-4860137523839900898
6256992925,76901702,76901.702,1,0.03125,0,130471,0.03125,4077.21875,3065562728177668723
6257017909,77109159,77109.159,1,0.0125,0,320150,0.0125,4001.875,-2281982744805890130
6257017965,77110903,77110.903,1,0.0125,0,316301,0.0125,3953.7625000000003,-2281982744805890130
6257010333,77065707,77065.707,1,0.03125,0,119316,0.03125,3728.625,3065562728177668723
6256966085,76661166,76661.166,1,0.006248,0,583789,0.006248,3647.513672,-2684394858317753478
6257008754,77003173,77003.173,1,0.03125,0,106130,0.03125,3316.5625,3065562728177668723
6256992893,76901680,76901.68,1,0.009369,0,329268,0.009369,3084.911892,-2684394858317753478
6257001318,76832684,76832.684,1,0.0625,0,44127,0.0625,2757.9375,8289801622000432578
6257011752,77073413,77073.413,1,0.01562,0,162548,0.01562,2538.99976,-2281982744805890130
6256987114,76634550,76634.55,1,0.01562,0,154901,0.01562,2419.55362,-2281982744805890130
6257002373,76876527,76876.527,1,0.01562,0,139169,0.01562,2173.81978,-2281982744805890130
6257002606,76885815,76885.815,1,0.01562,0,137731,0.01562,2151.35822,-2281982744805890130
6256954926,76661164,76661.164,1,0.006248,0,341328,0.006248,2132.6173440000002,-2684394858317753478
6257008322,76967543,76967.543,1,0.01562,0,128726,0.01562,2010.70012,-2281982744805890130
6256976010,76661170,76661.17,1,0.01268,0,155639,0.01268,1973.50252,2395397313126361358
6256997466,76787322,76787.322,1,0.01562,0,125421,0.01562,1959.07602,-2281982744805890130
6257008727,76984047,76984.047,1,0.01562,0,125212,0.01562,1955.81144,-2281982744805890130
6256999028,76794437,76794.437,1,0.01562,0,124119,0.01562,1938.7387800000001,-2281982744805890130
6257008518,76977152,76977.152,1,0.01562,0,119281,0.01562,1863.16922,-2281982744805890130
6257000231,76804352,76804.352,1,0.01562,0,114359,0.01562,1786.28758,-2281982744805890130
6256993332,76703716,76703.716,1,0.01562,0,111701,0.01562,1744.76962,-2281982744805890130
6257001415,76864848,76864.848,1,0.03125,0,42340,0.03125,1323.125,6246425902540258401
6257005916,76969392,76969.392,1,0.03125,0,40780,0.03125,1274.375,5246329280229544529
6256981821,76661181,76661.181,1,0.006248,0,203077,0.006248,1268.825096,-4860137523839900898
6257001436,76908591,76908.591,1,0.03125,0,37104,0.03125,1159.5,6246425902540258401
6256575814,76722276,76722.276,1,0.0125,0,89345,0.0125,1116.8125,4408680577128352280
6256992532,76688699,76688.699,1,0.0125,0,86359,0.0125,1079.4875,-2281982744805890130
6256992613,76690508,76690.508,1,0.0125,0,84011,0.0125,1050.1375,-2281982744805890130
6257018120,77112729,77112.729,1,0.03125,0,31126,0.03125,972.6875,6246425902540258401
6257009543,77016009,77016.009,1,0.0125,0,77589,0.0125,969.8625000000001,-2281982744805890130
6256976082,76665433,76665.433,1,0.006248,0,144109,0.006248,900.3930320000001,2395397313126361358
6256575860,76868197,76868.197,1,0.0125,0,71801,0.0125,897.5125,4408680577128352280
6257001376,76834399,76834.399,1,0.03125,0,28490,0.03125,890.3125,6246425902540258401
6257009581,77017643,77017.643,1,0.0125,0,69858,0.0125,873.225,-2281982744805890130
6256992108,76676673,76676.673,1,0.0125,0,69048,0.0125,863.1,-2281982744805890130
6256992891,76901660,76901.66,1,0.009369,0,90999,0.009369,852.5696310000001,-2684394858317753478
6257009603,77018440,77018.44,1,0.0125,0,63188,0.0125,789.85,-2281982744805890130
6256992192,76678344,76678.344,1,0.0125,0,62043,0.0125,775.5375,-2281982744805890130
6257009648,77020427,77020.427,1,0.0125,0,61672,0.0125,770.9000000000001,-2281982744805890130
6257005681,76940375,76940.375,1,0.0125,0,61225,0.0125,765.3125,-2281982744805890130
6257007744,76950951,76950.951,1,0.0125,0,59183,0.0125,739.7875,-2281982744805890130
6257009675,77021142,77021.142,1,0.0125,0,57995,0.0125,724.9375,-2281982744805890130
6257005732,76941981,76941.981,1,0.0125,0,57066,0.0125,713.325,-2281982744805890130
6256995497,76776836,76776.836,1,0.0125,0,57033,0.0125,712.9125,-2281982744805890130
6256986925,76630020,76630.02,1,0.009369,0,75723,0.009369,709.448787,4408680577128352280
6257001890,76855030,76855.03,1,0.0125,0,55896,0.0125,698.7,-2281982744805890130
6257009726,77022703,77022.703,1,0.0125,0,55529,0.0125,694.1125000000001,-2281982744805890130
6256995557,76778535,76778.535,1,0.0125,0,55430,0.0125,692.875,-2281982744805890130
6257001714,76847164,76847.164,1,0.0125,0,55008,0.0125,687.6,-2281982744805890130
6256994497,76742236,76742.236,1,0.0125,0,54805,0.0125,685.0625,-2281982744805890130
6257007808,76952585,76952.585,1,0.0125,0,54363,0.0125,679.5375,-2281982744805890130
6256575843,76813628,76813.628,1,0.0125,0,52995,0.0125,662.4375,4408680577128352280
6257001665,76845217,76845.217,1,0.0125,0,51864,0.0125,648.3000000000001,-2281982744805890130
6257001773,76848925,76848.925,1,0.0125,0,51208,0.0125,640.1,-2281982744805890130
6257001919,76856897,76856.897,1,0.0125,0,51144,0.0125,639.3000000000001,-2281982744805890130
6256994543,76743697,76743.697,1,0.0125,0,50304,0.0125,628.8000000000001,-2281982744805890130
6257001322,76901746,76901.746,1,0.006248,0,74853,0.006248,467.68154400000003,3826853571183045675
6256983988,76661168,76661.168,1,0.006248,0,51174,0.006248,319.735152,918723740945614320
6256954957,77016015,77016.015,1,0.006248,0,35369,0.006248,220.985512,-2684394858317753478
6257001619,76901749,76901.749,1,0.006248,0,33730,0.006248,210.74504,3826853571183045675
6256930920,76661160,76661.16,1,0.006248,0,28017,0.006248,175.050216,-2684394858317753478
6257005652,76951795,76951.795,1,0.003124,0,27211,0.003124,85.007164,3679908830099248890
6256993157,76905706,76905.706,3,0.028107,7,88231,0.009369,826.636239,-2684394858317753478
6256993157,76905706,76905.706,3,0.028107,6,85165,0.009369,797.910885,-2684394858317753478
6256993157,76905706,76905.706,3,0.028107,8,81752,0.009369,765.9344880000001,-2684394858317753478
6256984988,76665434,76665.434,4,0.27492,1,170889,0.06873,11745.20097,-1452810209145394151
6256984988,76665434,76665.434,4,0.27492,8,170096,0.06873,11690.69808,-1452810209145394151
6256984988,76665434,76665.434,4,0.27492,10,169267,0.06873,11633.72091,-1452810209145394151
6256984988,76665434,76665.434,4,0.27492,2,165219,0.06873,11355.50187,-1452810209145394151
6256983872,76665433,76665.433,5,0.34365,1,260602,0.06873,17911.17546,-1452810209145394151
6256983872,76665433,76665.433,5,0.34365,0,260602,0.06873,17911.17546,-1452810209145394151
6256983872,76665433,76665.433,5,0.34365,10,260602,0.06873,17911.17546,-1452810209145394151
6256983872,76665433,76665.433,5,0.34365,14,259758,0.06873,17853.16734,-1452810209145394151
6256983872,76665433,76665.433,5,0.34365,9,259758,0.06873,17853.16734,-1452810209145394151
6256985410,76669519,76669.519,6,0.41238,3,288637,0.06873,19838.02101,-1452810209145394151
6256985410,76669519,76669.519,6,0.41238,14,288637,0.06873,19838.02101,-1452810209145394151
6256985410,76669519,76669.519,6,0.41238,9,287144,0.06873,19735.40712,-1452810209145394151
6256985410,76669519,76669.519,6,0.41238,7,285291,0.06873,19608.05043,-1452810209145394151
6256985410,76669519,76669.519,6,0.41238,6,285291,0.06873,19608.05043,-1452810209145394151
6256985410,76669519,76669.519,6,0.41238,0,278493,0.06873,19140.82389,-1452810209145394151
6256992871,76905705,76905.705,6,0.052823999999999996,12,433210,0.008804,3813.9808399999997,-4860137523839900898
6256992871,76905705,76905.705,6,0.052823999999999996,9,432247,0.008804,3805.502588,-4860137523839900898
6256992871,76905705,76905.705,6,0.052823999999999996,17,432246,0.008804,3805.493784,-4860137523839900898
6256992871,76905705,76905.705,6,0.052823999999999996,4,432246,0.008804,3805.493784,-4860137523839900898
6256992871,76905705,76905.705,6,0.052823999999999996,14,431288,0.008804,3797.0595519999997,-4860137523839900898
6256992871,76905705,76905.705,6,0.052823999999999996,1,431288,0.008804,3797.0595519999997,-4860137523839900898
6256999030,76794457,76794.457,8,0.22048,9,14863287,0.02756,409632.18972,-394994384424794803
6256993011,76905706,76905.706,8,0.1,0,297584,0.0125,3719.8,-2684394858317753478
6256993011,76905706,76905.706,8,0.1,5,263573,0.0125,3294.6625000000004,-2684394858317753478
6256993011,76905706,76905.706,8,0.1,6,255698,0.0125,3196.2250000000004,-2684394858317753478
6256993011,76905706,76905.706,8,0.1,4,254802,0.0125,3185.025,-2684394858317753478
6256993011,76905706,76905.706,8,0.1,9,253842,0.0125,3173.025,-2684394858317753478
6256993011,76905706,76905.706,8,0.1,1,245846,0.0125,3073.0750000000003,-2684394858317753478
6256993011,76905706,76905.706,8,0.1,3,237960,0.0125,2974.5,-2684394858317753478
6256993011,76905706,76905.706,8,0.1,2,230503,0.0125,2881.2875000000004,-2684394858317753478
6256995644,76783253,76783.253,10,0.625,5,133369,0.0625,8335.5625,8928009200130481805
6256995644,76783253,76783.253,10,0.625,67,133366,0.0625,8335.375,8928009200130481805
6256995644,76783253,76783.253,10,0.625,69,133366,0.0625,8335.375,8928009200130481805
6256995644,76783253,76783.253,10,0.625,7,132573,0.0625,8285.8125,8928009200130481805
6256995644,76783253,76783.253,10,0.625,17,128435,0.0625,8027.1875,8928009200130481805
6256995644,76783253,76783.253,10,0.625,30,126454,0.0625,7903.375,8928009200130481805
6256995644,76783253,76783.253,10,0.625,15,125647,0.0625,7852.9375,8928009200130481805
6256995644,76783253,76783.253,10,0.625,32,124294,0.0625,7768.375,8928009200130481805
6256995644,76783253,76783.253,10,0.625,27,124294,0.0625,7768.375,8928009200130481805
6256995644,76783253,76783.253,10,0.625,78,108842,0.0625,6802.625,8928009200130481805
6256993142,76905706,76905.706,12,0.11242800000000001,5,183726,0.009369,1721.3288940000002,-2684394858317753478
6256993142,76905706,76905.706,12,0.11242800000000001,9,179721,0.009369,1683.806049,-2684394858317753478
6256993142,76905706,76905.706,12,0.11242800000000001,0,177254,0.009369,1660.692726,-2684394858317753478
6256993142,76905706,76905.706,12,0.11242800000000001,7,159753,0.009369,1496.7258570000001,-2684394858317753478
6256993142,76905706,76905.706,12,0.11242800000000001,3,153484,0.009369,1437.991596,-2684394858317753478
6256993142,76905706,76905.706,12,0.11242800000000001,1,152435,0.009369,1428.1635150000002,-2684394858317753478
6256993142,76905706,76905.706,12,0.11242800000000001,10,152435,0.009369,1428.1635150000002,-2684394858317753478
6256993142,76905706,76905.706,12,0.11242800000000001,2,141802,0.009369,1328.542938,-2684394858317753478
6256993142,76905706,76905.706,12,0.11242800000000001,6,107543,0.009369,1007.570367,-2684394858317753478
6256993142,76905706,76905.706,12,0.11242800000000001,4,104976,0.009369,983.5201440000001,-2684394858317753478
6256993142,76905706,76905.706,12,0.11242800000000001,12,100808,0.009369,944.4701520000001,-2684394858317753478
6256993142,76905706,76905.706,12,0.11242800000000001,8,92218,0.009369,863.990442,-2684394858317753478
6257018086,77112707,77112.707,27,0.3375000000000001,5,314839,0.0125,3935.4875,-2281982744805890130
6257018086,77112707,77112.707,27,0.3375000000000001,12,313638,0.0125,3920.4750000000004,-2281982744805890130
6257018086,77112707,77112.707,27,0.3375000000000001,25,265436,0.0125,3317.9500000000003,-2281982744805890130
6257018086,77112707,77112.707,27,0.3375000000000001,6,260270,0.0125,3253.375,-2281982744805890130
6257018086,77112707,77112.707,27,0.3375000000000001,9,260269,0.0125,3253.3625,-2281982744805890130
6257018086,77112707,77112.707,27,0.3375000000000001,1,257599,0.0125,3219.9875,-2281982744805890130
6257018086,77112707,77112.707,27,0.3375000000000001,16,242047,0.0125,3025.5875,-2281982744805890130
6257018086,77112707,77112.707,27,0.3375000000000001,23,230433,0.0125,2880.4125000000004,-2281982744805890130
6257018086,77112707,77112.707,27,0.3375000000000001,2,218178,0.0125,2727.2250000000004,-2281982744805890130
6257018086,77112707,77112.707,27,0.3375000000000001,17,212424,0.0125,2655.3,-2281982744805890130
6257018086,77112707,77112.707,27,0.3375000000000001,8,203796,0.0125,2547.4500000000003,-2281982744805890130
6257018086,77112707,77112.707,27,0.3375000000000001,13,201052,0.0125,2513.15,-2281982744805890130
6257018086,77112707,77112.707,27,0.3375000000000001,15,198212,0.0125,2477.65,-2281982744805890130
6257018086,77112707,77112.707,27,0.3375000000000001,18,181494,0.0125,2268.675,-2281982744805890130
6257018086,77112707,77112.707,27,0.3375000000000001,24,177694,0.0125,2221.175,-2281982744805890130
6257018086,77112707,77112.707,27,0.3375000000000001,30,165407,0.0125,2067.5875,-2281982744805890130
6257018086,77112707,77112.707,27,0.3375000000000001,29,161725,0.0125,2021.5625,-2281982744805890130
6257018086,77112707,77112.707,27,0.3375000000000001,7,156419,0.0125,1955.2375000000002,-2281982744805890130
6257018086,77112707,77112.707,27,0.3375000000000001,14,152177,0.0125,1902.2125,-2281982744805890130
6257018086,77112707,77112.707,27,0.3375000000000001,20,148399,0.0125,1854.9875000000002,-2281982744805890130
6257018086,77112707,77112.707,27,0.3375000000000001,28,148399,0.0125,1854.9875000000002,-2281982744805890130
6257018086,77112707,77112.707,27,0.3375000000000001,4,145860,0.0125,1823.25,-2281982744805890130
6257018086,77112707,77112.707,27,0.3375000000000001,0,143448,0.0125,1793.1000000000001,-2281982744805890130
6257018086,77112707,77112.707,27,0.3375000000000001,21,142472,0.0125,1780.9,-2281982744805890130
6257018086,77112707,77112.707,27,0.3375000000000001,3,138789,0.0125,1734.8625000000002,-2281982744805890130
6257018086,77112707,77112.707,27,0.3375000000000001,27,137115,0.0125,1713.9375,-2281982744805890130
6257018086,77112707,77112.707,27,0.3375000000000001,26,136329,0.0125,1704.1125000000002,-2281982744805890130
6256993167,76905705,76905.705,29,1.8125,38,710719,0.0625,44419.9375,-4860137523839900898
6256993167,76905705,76905.705,29,1.8125,7,709509,0.0625,44344.3125,-4860137523839900898
6256993167,76905705,76905.705,29,1.8125,11,709507,0.0625,44344.1875,-4860137523839900898
6256993167,76905705,76905.705,29,1.8125,8,708604,0.0625,44287.75,-4860137523839900898
6256993167,76905705,76905.705,29,1.8125,43,708604,0.0625,44287.75,-4860137523839900898
6256993167,76905705,76905.705,29,1.8125,39,708604,0.0625,44287.75,-4860137523839900898
6256993167,76905705,76905.705,29,1.8125,54,690173,0.0625,43135.8125,-4860137523839900898
6256993167,76905705,76905.705,29,1.8125,16,687963,0.0625,42997.6875,-4860137523839900898
6256993167,76905705,76905.705,29,1.8125,31,682574,0.0625,42660.875,-4860137523839900898
6256993167,76905705,76905.705,29,1.8125,45,681734,0.0625,42608.375,-4860137523839900898
6256993167,76905705,76905.705,29,1.8125,3,678634,0.0625,42414.625,-4860137523839900898
6256993167,76905705,76905.705,29,1.8125,35,676529,0.0625,42283.0625,-4860137523839900898
6256993167,76905705,76905.705,29,1.8125,42,675372,0.0625,42210.75,-4860137523839900898
6256993167,76905705,76905.705,29,1.8125,0,672869,0.0625,42054.3125,-4860137523839900898
6256993167,76905705,76905.705,29,1.8125,32,667420,0.0625,41713.75,-4860137523839900898
6256993167,76905705,76905.705,29,1.8125,23,665887,0.0625,41617.9375,-4860137523839900898
6256993167,76905705,76905.705,29,1.8125,57,663670,0.0625,41479.375,-4860137523839900898
6256993167,76905705,76905.705,29,1.8125,51,659631,0.0625,41226.9375,-4860137523839900898
6256993167,76905705,76905.705,29,1.8125,17,656608,0.0625,41038.0,-4860137523839900898
6256993167,76905705,76905.705,29,1.8125,59,656607,0.0625,41037.9375,-4860137523839900898
6256993167,76905705,76905.705,29,1.8125,4,654507,0.0625,40906.6875,-4860137523839900898
6256993167,76905705,76905.705,29,1.8125,28,649147,0.0625,40571.6875,-4860137523839900898
6256993167,76905705,76905.705,29,1.8125,58,649146,0.0625,40571.625,-4860137523839900898
6256993167,76905705,76905.705,29,1.8125,5,640493,0.0625,40030.8125,-4860137523839900898
6256993167,76905705,76905.705,29,1.8125,15,640491,0.0625,40030.6875,-4860137523839900898
6256993167,76905705,76905.705,29,1.8125,22,638105,0.0625,39881.5625,-4860137523839900898
6256993167,76905705,76905.705,29,1.8125,12,638105,0.0625,39881.5625,-4860137523839900898
6256993167,76905705,76905.705,29,1.8125,30,638105,0.0625,39881.5625,-4860137523839900898
6256993167,76905705,76905.705,29,1.8125,26,625502,0.0625,39093.875,-4860137523839900898
6257002958,76922387,76922.387,37,0.4625000000000001,36,792100,0.0125,9901.25,-2684394858317753478
6257002958,76922387,76922.387,37,0.4625000000000001,28,792100,0.0125,9901.25,-2684394858317753478
6257002958,76922387,76922.387,37,0.4625000000000001,34,790875,0.0125,9885.9375,-2684394858317753478
6257002958,76922387,76922.387,37,0.4625000000000001,12,790874,0.0125,9885.925000000001,-2684394858317753478
6257002958,76922387,76922.387,37,0.4625000000000001,37,790874,0.0125,9885.925000000001,-2684394858317753478
6257002958,76922387,76922.387,37,0.4625000000000001,23,790874,0.0125,9885.925000000001,-2684394858317753478
6257002958,76922387,76922.387,37,0.4625000000000001,42,790874,0.0125,9885.925000000001,-2684394858317753478
6257002958,76922387,76922.387,37,0.4625000000000001,27,790873,0.0125,9885.9125,-2684394858317753478
6257002958,76922387,76922.387,37,0.4625000000000001,6,790873,0.0125,9885.9125,-2684394858317753478
6257002958,76922387,76922.387,37,0.4625000000000001,44,790873,0.0125,9885.9125,-2684394858317753478
6257002958,76922387,76922.387,37,0.4625000000000001,2,789810,0.0125,9872.625,-2684394858317753478
6257002958,76922387,76922.387,37,0.4625000000000001,46,789809,0.0125,9872.612500000001,-2684394858317753478
6257002958,76922387,76922.387,37,0.4625000000000001,7,789809,0.0125,9872.612500000001,-2684394858317753478
6257002958,76922387,76922.387,37,0.4625000000000001,15,788747,0.0125,9859.337500000001,-2684394858317753478
6257002958,76922387,76922.387,37,0.4625000000000001,38,788746,0.0125,9859.325,-2684394858317753478
6257002958,76922387,76922.387,37,0.4625000000000001,4,788746,0.0125,9859.325,-2684394858317753478
6257002958,76922387,76922.387,37,0.4625000000000001,30,788746,0.0125,9859.325,-2684394858317753478
6257002958,76922387,76922.387,37,0.4625000000000001,10,788746,0.0125,9859.325,-2684394858317753478
6257002958,76922387,76922.387,37,0.4625000000000001,39,788746,0.0125,9859.325,-2684394858317753478
6257002958,76922387,76922.387,37,0.4625000000000001,8,787705,0.0125,9846.3125,-2684394858317753478
6257002958,76922387,76922.387,37,0.4625000000000001,45,787704,0.0125,9846.300000000001,-2684394858317753478
6257002958,76922387,76922.387,37,0.4625000000000001,41,787703,0.0125,9846.2875,-2684394858317753478
6257002958,76922387,76922.387,37,0.4625000000000001,31,743475,0.0125,9293.4375,-2684394858317753478
6257002958,76922387,76922.387,37,0.4625000000000001,35,742612,0.0125,9282.65,-2684394858317753478
6257002958,76922387,76922.387,37,0.4625000000000001,29,735952,0.0125,9199.4,-2684394858317753478
6257002958,76922387,76922.387,37,0.4625000000000001,9,727815,0.0125,9097.6875,-2684394858317753478
6257002958,76922387,76922.387,37,0.4625000000000001,43,720664,0.0125,9008.300000000001,-2684394858317753478
6257002958,76922387,76922.387,37,0.4625000000000001,21,719644,0.0125,8995.550000000001,-2684394858317753478
6257002958,76922387,76922.387,37,0.4625000000000001,18,711992,0.0125,8899.9,-2684394858317753478
6257002958,76922387,76922.387,37,0.4625000000000001,26,706999,0.0125,8837.487500000001,-2684394858317753478
6257002958,76922387,76922.387,37,0.4625000000000001,40,706998,0.0125,8837.475,-2684394858317753478
6257002958,76922387,76922.387,37,0.4625000000000001,11,688798,0.0125,8609.975,-2684394858317753478
6257002958,76922387,76922.387,37,0.4625000000000001,0,682502,0.0125,8531.275,-2684394858317753478
6257002958,76922387,76922.387,37,0.4625000000000001,24,679061,0.0125,8488.2625,-2684394858317753478
6257002958,76922387,76922.387,37,0.4625000000000001,1,678057,0.0125,8475.7125,-2684394858317753478
6257002958,76922387,76922.387,37,0.4625000000000001,20,677110,0.0125,8463.875,-2684394858317753478
6257002958,76922387,76922.387,37,0.4625000000000001,22,669409,0.0125,8367.612500000001,-2684394858317753478
6257010168,77065703,77065.703,38,0.4750000000000001,5,650720,0.0125,8134.0,-2684394858317753478
6257010168,77065703,77065.703,38,0.4750000000000001,31,650720,0.0125,8134.0,-2684394858317753478
6257010168,77065703,77065.703,38,0.4750000000000001,22,650720,0.0125,8134.0,-2684394858317753478
6257010168,77065703,77065.703,38,0.4750000000000001,9,649287,0.0125,8116.087500000001,-2684394858317753478
6257010168,77065703,77065.703,38,0.4750000000000001,32,649287,0.0125,8116.087500000001,-2684394858317753478
6257010168,77065703,77065.703,38,0.4750000000000001,43,648202,0.0125,8102.525000000001,-2684394858317753478
6257010168,77065703,77065.703,38,0.4750000000000001,41,648201,0.0125,8102.512500000001,-2684394858317753478
6257010168,77065703,77065.703,38,0.4750000000000001,25,646976,0.0125,8087.200000000001,-2684394858317753478
6257010168,77065703,77065.703,38,0.4750000000000001,42,646976,0.0125,8087.200000000001,-2684394858317753478
6257010168,77065703,77065.703,38,0.4750000000000001,21,646975,0.0125,8087.1875,-2684394858317753478
6257010168,77065703,77065.703,38,0.4750000000000001,0,646975,0.0125,8087.1875,-2684394858317753478
6257010168,77065703,77065.703,38,0.4750000000000001,49,646974,0.0125,8087.175,-2684394858317753478
6257010168,77065703,77065.703,38,0.4750000000000001,29,645912,0.0125,8073.900000000001,-2684394858317753478
6257010168,77065703,77065.703,38,0.4750000000000001,3,645912,0.0125,8073.900000000001,-2684394858317753478
6257010168,77065703,77065.703,38,0.4750000000000001,13,645911,0.0125,8073.887500000001,-2684394858317753478
6257010168,77065703,77065.703,38,0.4750000000000001,10,644848,0.0125,8060.6,-2684394858317753478
6257010168,77065703,77065.703,38,0.4750000000000001,6,643806,0.0125,8047.575000000001,-2684394858317753478
6257010168,77065703,77065.703,38,0.4750000000000001,28,643806,0.0125,8047.575000000001,-2684394858317753478
6257010168,77065703,77065.703,38,0.4750000000000001,8,643805,0.0125,8047.5625,-2684394858317753478
6257010168,77065703,77065.703,38,0.4750000000000001,40,643804,0.0125,8047.55,-2684394858317753478
6257010168,77065703,77065.703,38,0.4750000000000001,39,642795,0.0125,8034.9375,-2684394858317753478
6257010168,77065703,77065.703,38,0.4750000000000001,46,642794,0.0125,8034.925,-2684394858317753478
6257010168,77065703,77065.703,38,0.4750000000000001,44,642793,0.0125,8034.9125,-2684394858317753478
6257010168,77065703,77065.703,38,0.4750000000000001,14,569074,0.0125,7113.425,-2684394858317753478
6257010168,77065703,77065.703,38,0.4750000000000001,38,533211,0.0125,6665.137500000001,-2684394858317753478
6257010168,77065703,77065.703,38,0.4750000000000001,27,531383,0.0125,6642.2875,-2684394858317753478
6257010168,77065703,77065.703,38,0.4750000000000001,45,514917,0.0125,6436.462500000001,-2684394858317753478
6257010168,77065703,77065.703,38,0.4750000000000001,36,512127,0.0125,6401.587500000001,-2684394858317753478
6257010168,77065703,77065.703,38,0.4750000000000001,48,499847,0.0125,6248.087500000001,-2684394858317753478
6257010168,77065703,77065.703,38,0.4750000000000001,23,472764,0.0125,5909.55,-2684394858317753478
6257010168,77065703,77065.703,38,0.4750000000000001,18,470911,0.0125,5886.387500000001,-2684394858317753478
6257010168,77065703,77065.703,38,0.4750000000000001,2,470910,0.0125,5886.375,-2684394858317753478
6257010168,77065703,77065.703,38,0.4750000000000001,7,446394,0.0125,5579.925,-2684394858317753478
6257010168,77065703,77065.703,38,0.4750000000000001,1,443067,0.0125,5538.337500000001,-2684394858317753478
6257010168,77065703,77065.703,38,0.4750000000000001,20,443067,0.0125,5538.337500000001,-2684394858317753478
6257010168,77065703,77065.703,38,0.4750000000000001,19,441901,0.0125,5523.762500000001,-2684394858317753478
6257010168,77065703,77065.703,38,0.4750000000000001,12,441010,0.0125,5512.625,-2684394858317753478
6257010168,77065703,77065.703,38,0.4750000000000001,24,438922,0.0125,5486.525000000001,-2684394858317753478
6257005918,76947577,76947.577,46,2.875,15,271311,0.0625,16956.9375,8928009200130481805
6257005918,76947577,76947.577,46,2.875,73,271309,0.0625,16956.8125,8928009200130481805
6257005918,76947577,76947.577,46,2.875,18,269613,0.0625,16850.8125,8928009200130481805
6257005918,76947577,76947.577,46,2.875,79,268757,0.0625,16797.3125,8928009200130481805
6257005918,76947577,76947.577,46,2.875,77,267292,0.0625,16705.75,8928009200130481805
6257005918,76947577,76947.577,46,2.875,0,262798,0.0625,16424.875,8928009200130481805
6257005918,76947577,76947.577,46,2.875,63,261696,0.0625,16356.0,8928009200130481805
6257005918,76947577,76947.577,46,2.875,21,259394,0.0625,16212.125,8928009200130481805
6257005918,76947577,76947.577,46,2.875,34,257621,0.0625,16101.3125,8928009200130481805
6257005918,76947577,76947.577,46,2.875,17,256792,0.0625,16049.5,8928009200130481805
6257005918,76947577,76947.577,46,2.875,75,256790,0.0625,16049.375,8928009200130481805
6257005918,76947577,76947.577,46,2.875,3,255178,0.0625,15948.625,8928009200130481805
6257005918,76947577,76947.577,46,2.875,40,255177,0.0625,15948.5625,8928009200130481805
6257005918,76947577,76947.577,46,2.875,38,253507,0.0625,15844.1875,8928009200130481805
6257005918,76947577,76947.577,46,2.875,24,247749,0.0625,15484.3125,8928009200130481805
6257005918,76947577,76947.577,46,2.875,37,246920,0.0625,15432.5,8928009200130481805
6257005918,76947577,76947.577,46,2.875,12,246919,0.0625,15432.4375,8928009200130481805
6257005918,76947577,76947.577,46,2.875,5,245942,0.0625,15371.375,8928009200130481805
6257005918,76947577,76947.577,46,2.875,14,245112,0.0625,15319.5,8928009200130481805
6257005918,76947577,76947.577,46,2.875,1,239719,0.0625,14982.4375,8928009200130481805
6257005918,76947577,76947.577,46,2.875,23,239719,0.0625,14982.4375,8928009200130481805
6257005918,76947577,76947.577,46,2.875,49,234883,0.0625,14680.1875,8928009200130481805
6257005918,76947577,76947.577,46,2.875,33,230603,0.0625,14412.6875,8928009200130481805
6257005918,76947577,76947.577,46,2.875,48,230602,0.0625,14412.625,8928009200130481805
6257005918,76947577,76947.577,46,2.875,30,227228,0.0625,14201.75,8928009200130481805
6257005918,76947577,76947.577,46,2.875,76,220052,0.0625,13753.25,8928009200130481805
6257005918,76947577,76947.577,46,2.875,16,218141,0.0625,13633.8125,8928009200130481805
6257005918,76947577,76947.577,46,2.875,36,215739,0.0625,13483.6875,8928009200130481805
6257005918,76947577,76947.577,46,2.875,25,215738,0.0625,13483.625,8928009200130481805
6257005918,76947577,76947.577,46,2.875,42,210519,0.0625,13157.4375,8928009200130481805
6257005918,76947577,76947.577,46,2.875,22,208355,0.0625,13022.1875,8928009200130481805
6257005918,76947577,76947.577,46,2.875,32,205883,0.0625,12867.6875,8928009200130481805
6257005918,76947577,76947.577,46,2.875,41,205048,0.0625,12815.5,8928009200130481805
6257005918,76947577,76947.577,46,2.875,54,205047,0.0625,12815.4375,8928009200130481805
6257005918,76947577,76947.577,46,2.875,20,204218,0.0625,12763.625,8928009200130481805
6257005918,76947577,76947.577,46,2.875,11,204217,0.0625,12763.5625,8928009200130481805
6257005918,76947577,76947.577,46,2.875,19,202719,0.0625,12669.9375,8928009200130481805
6257005918,76947577,76947.577,46,2.875,8,200032,0.0625,12502.0,8928009200130481805
6257005918,76947577,76947.577,46,2.875,7,198899,0.0625,12431.1875,8928009200130481805
6257005918,76947577,76947.577,46,2.875,47,194386,0.0625,12149.125,8928009200130481805
6257005918,76947577,76947.577,46,2.875,13,193503,0.0625,12093.9375,8928009200130481805
6257005918,76947577,76947.577,46,2.875,46,192127,0.0625,12007.9375,8928009200130481805
6257005918,76947577,76947.577,46,2.875,9,191169,0.0625,11948.0625,8928009200130481805
6257005918,76947577,76947.577,46,2.875,29,189650,0.0625,11853.125,8928009200130481805
6257005918,76947577,76947.577,46,2.875,39,188875,0.0625,11804.6875,8928009200130481805
6257005918,76947577,76947.577,46,2.875,43,187564,0.0625,11722.75,8928009200130481805
6257011278,77088158,77088.158,103,2.61208,76,438685,0.02536,11125.0516,9029632682109812937
6257011278,77088158,77088.158,103,2.61208,6,401341,0.02536,10178.00776,9029632682109812937
6257011278,77088158,77088.158,103,2.61208,77,385842,0.02536,9784.95312,9029632682109812937
6257011278,77088158,77088.158,103,2.61208,1,354066,0.02536,8979.11376,9029632682109812937
6257011278,77088158,77088.158,103,2.61208,18,343296,0.02536,8705.98656,9029632682109812937
6257011278,77088158,77088.158,103,2.61208,90,343294,0.02536,8705.93584,9029632682109812937
6257011278,77088158,77088.158,103,2.61208,72,338946,0.02536,8595.67056,9029632682109812937
6257011278,77088158,77088.158,103,2.61208,19,333435,0.02536,8455.9116,9029632682109812937
6257011278,77088158,77088.158,103,2.61208,56,321953,0.02536,8164.72808,9029632682109812937
6257011278,77088158,77088.158,103,2.61208,28,317460,0.02536,8050.7856,9029632682109812937
6257011278,77088158,77088.158,103,2.61208,40,314863,0.02536,7984.92568,9029632682109812937
6257011278,77088158,77088.158,103,2.61208,3,314862,0.02536,7984.90032,9029632682109812937
6257011278,77088158,77088.158,103,2.61208,70,309627,0.02536,7852.14072,9029632682109812937
6257011278,77088158,77088.158,103,2.61208,16,308783,0.02536,7830.73688,9029632682109812937
6257011278,77088158,77088.158,103,2.61208,21,307053,0.02536,7786.86408,9029632682109812937
6257011278,77088158,77088.158,103,2.61208,64,307052,0.02536,7786.83872,9029632682109812937
6257011278,77088158,77088.158,103,2.61208,61,307052,0.02536,7786.83872,9029632682109812937
6257011278,77088158,77088.158,103,2.61208,96,307052,0.02536,7786.83872,9029632682109812937
6257011278,77088158,77088.158,103,2.61208,22,306136,0.02536,7763.6089600000005,9029632682109812937
6257011278,77088158,77088.158,103,2.61208,38,305250,0.02536,7741.14,9029632682109812937
6257011278,77088158,77088.158,103,2.61208,15,304377,0.02536,7719.00072,9029632682109812937
6257011278,77088158,77088.158,103,2.61208,89,304376,0.02536,7718.97536,9029632682109812937
6257011278,77088158,77088.158,103,2.61208,54,301500,0.02536,7646.04,9029632682109812937
6257011278,77088158,77088.158,103,2.61208,62,301499,0.02536,7646.01464,9029632682109812937
6257011278,77088158,77088.158,103,2.61208,45,300599,0.02536,7623.19064,9029632682109812937
6257011278,77088158,77088.158,103,2.61208,52,298415,0.02536,7567.8044,9029632682109812937
6257011278,77088158,77088.158,103,2.61208,55,297490,0.02536,7544.3464,9029632682109812937
6257011278,77088158,77088.158,103,2.61208,103,296500,0.02536,7519.24,9029632682109812937
6257011278,77088158,77088.158,103,2.61208,66,295570,0.02536,7495.6552,9029632682109812937
6257011278,77088158,77088.158,103,2.61208,101,295570,0.02536,7495.6552,9029632682109812937
6257011278,77088158,77088.158,103,2.61208,73,294661,0.02536,7472.60296,9029632682109812937
6257011278,77088158,77088.158,103,2.61208,24,293736,0.02536,7449.1449600000005,9029632682109812937
6257011278,77088158,77088.158,103,2.61208,30,293736,0.02536,7449.1449600000005,9029632682109812937
6257011278,77088158,77088.158,103,2.61208,82,293735,0.02536,7449.1196,9029632682109812937
6257011278,77088158,77088.158,103,2.61208,98,293735,0.02536,7449.1196,9029632682109812937
6257011278,77088158,77088.158,103,2.61208,92,292622,0.02536,7420.89392,9029632682109812937
6257011278,77088158,77088.158,103,2.61208,36,291637,0.02536,7395.91432,9029632682109812937
6257011278,77088158,77088.158,103,2.61208,41,290809,0.02536,7374.9162400000005,9029632682109812937
6257011278,77088158,77088.158,103,2.61208,57,290809,0.02536,7374.9162400000005,9029632682109812937
6257011278,77088158,77088.158,103,2.61208,14,290809,0.02536,7374.9162400000005,9029632682109812937
6257011278,77088158,77088.158,103,2.61208,10,290809,0.02536,7374.9162400000005,9029632682109812937
6257011278,77088158,77088.158,103,2.61208,13,289976,0.02536,7353.79136,9029632682109812937
6257011278,77088158,77088.158,103,2.61208,78,289976,0.02536,7353.79136,9029632682109812937
6257011278,77088158,77088.158,103,2.61208,47,289976,0.02536,7353.79136,9029632682109812937
6257011278,77088158,77088.158,103,2.61208,20,289976,0.02536,7353.79136,9029632682109812937
6257011278,77088158,77088.158,103,2.61208,44,289976,0.02536,7353.79136,9029632682109812937
6257011278,77088158,77088.158,103,2.61208,7,289975,0.02536,7353.7660000000005,9029632682109812937
6257011278,77088158,77088.158,103,2.61208,68,288744,0.02536,7322.54784,9029632682109812937
6257011278,77088158,77088.158,103,2.61208,83,288742,0.02536,7322.49712,9029632682109812937
6257011278,77088158,77088.158,103,2.61208,25,287348,0.02536,7287.14528,9029632682109812937
6257011278,77088158,77088.158,103,2.61208,87,287348,0.02536,7287.14528,9029632682109812937
6257011278,77088158,77088.158,103,2.61208,2,287348,0.02536,7287.14528,9029632682109812937
6257011278,77088158,77088.158,103,2.61208,91,286470,0.02536,7264.8792,9029632682109812937
6257011278,77088158,77088.158,103,2.61208,100,286469,0.02536,7264.85384,9029632682109812937
6257011278,77088158,77088.158,103,2.61208,93,285547,0.02536,7241.47192,9029632682109812937
6257011278,77088158,77088.158,103,2.61208,11,284691,0.02536,7219.76376,9029632682109812937
6257011278,77088158,77088.158,103,2.61208,29,283732,0.02536,7195.44352,9029632682109812937
6257011278,77088158,77088.158,103,2.61208,60,283732,0.02536,7195.44352,9029632682109812937
6257011278,77088158,77088.158,103,2.61208,8,283732,0.02536,7195.44352,9029632682109812937
6257011278,77088158,77088.158,103,2.61208,43,283732,0.02536,7195.44352,9029632682109812937
6257011278,77088158,77088.158,103,2.61208,42,283732,0.02536,7195.44352,9029632682109812937
6257011278,77088158,77088.158,103,2.61208,85,283731,0.02536,7195.41816,9029632682109812937
6257011278,77088158,77088.158,103,2.61208,23,283731,0.02536,7195.41816,9029632682109812937
6257011278,77088158,77088.158,103,2.61208,102,283731,0.02536,7195.41816,9029632682109812937
6257011278,77088158,77088.158,103,2.61208,9,283731,0.02536,7195.41816,9029632682109812937
6257011278,77088158,77088.158,103,2.61208,37,280478,0.02536,7112.92208,9029632682109812937
6257011278,77088158,77088.158,103,2.61208,39,280477,0.02536,7112.89672,9029632682109812937
6257011278,77088158,77088.158,103,2.61208,48,280477,0.02536,7112.89672,9029632682109812937
6257011278,77088158,77088.158,103,2.61208,75,279527,0.02536,7088.80472,9029632682109812937
6257011278,77088158,77088.158,103,2.61208,59,279525,0.02536,7088.754,9029632682109812937
6257011278,77088158,77088.158,103,2.61208,4,278618,0.02536,7065.75248,9029632682109812937
6257011278,77088158,77088.158,103,2.61208,79,278618,0.02536,7065.75248,9029632682109812937
6257011278,77088158,77088.158,103,2.61208,86,278617,0.02536,7065.7271200000005,9029632682109812937
6257011278,77088158,77088.158,103,2.61208,69,278617,0.02536,7065.7271200000005,9029632682109812937
6257011278,77088158,77088.158,103,2.61208,65,277063,0.02536,7026.31768,9029632682109812937
6257011278,77088158,77088.158,103,2.61208,34,277063,0.02536,7026.31768,9029632682109812937
6257011278,77088158,77088.158,103,2.61208,80,277063,0.02536,7026.31768,9029632682109812937
6257011278,77088158,77088.158,103,2.61208,32,277063,0.02536,7026.31768,9029632682109812937
6257011278,77088158,77088.158,103,2.61208,99,277062,0.02536,7026.2923200000005,9029632682109812937
6257011278,77088158,77088.158,103,2.61208,17,275999,0.02536,6999.33464,9029632682109812937
6257011278,77088158,77088.158,103,2.61208,26,275001,0.02536,6974.025360000001,9029632682109812937
6257011278,77088158,77088.158,103,2.61208,50,275000,0.02536,6974.0,9029632682109812937
6257011278,77088158,77088.158,103,2.61208,74,275000,0.02536,6974.0,9029632682109812937
6257011278,77088158,77088.158,103,2.61208,71,275000,0.02536,6974.0,9029632682109812937
6257011278,77088158,77088.158,103,2.61208,58,273316,0.02536,6931.2937600000005,9029632682109812937
6257011278,77088158,77088.158,103,2.61208,27,273315,0.02536,6931.2684,9029632682109812937
6257011278,77088158,77088.158,103,2.61208,88,273315,0.02536,6931.2684,9029632682109812937
6257011278,77088158,77088.158,103,2.61208,97,270297,0.02536,6854.73192,9029632682109812937
6257011278,77088158,77088.158,103,2.61208,53,269208,0.02536,6827.11488,9029632682109812937
6257011278,77088158,77088.158,103,2.61208,94,269206,0.02536,6827.06416,9029632682109812937
6257011278,77088158,77088.158,103,2.61208,46,268248,0.02536,6802.76928,9029632682109812937
6257011278,77088158,77088.158,103,2.61208,35,266795,0.02536,6765.9212,9029632682109812937
6257011278,77088158,77088.158,103,2.61208,63,263749,0.02536,6688.67464,9029632682109812937
6257011278,77088158,77088.158,103,2.61208,51,260521,0.02536,6606.81256,9029632682109812937
6257011278,77088158,77088.158,103,2.61208,49,260521,0.02536,6606.81256,9029632682109812937
6257011278,77088158,77088.158,103,2.61208,0,259583,0.02536,6583.02488,9029632682109812937
6257011278,77088158,77088.158,103,2.61208,12,257589,0.02536,6532.45704,9029632682109812937
6257011278,77088158,77088.158,103,2.61208,67,257589,0.02536,6532.45704,9029632682109812937
6257011278,77088158,77088.158,103,2.61208,84,253657,0.02536,6432.7415200000005,9029632682109812937
6257011278,77088158,77088.158,103,2.61208,33,252675,0.02536,6407.838,9029632682109812937
6257011278,77088158,77088.158,103,2.61208,81,252673,0.02536,6407.7872800000005,9029632682109812937
6257011278,77088158,77088.158,103,2.61208,5,249770,0.02536,6334.1672,9029632682109812937
6257011278,77088158,77088.158,103,2.61208,95,246624,0.02536,6254.38464,9029632682109812937
6256976154,76665433,76665.433,188,1.7613720000000002,40,148198,0.009369,1388.4670620000002,2395397313126361358
6256976154,76665433,76665.433,188,1.7613720000000002,61,148197,0.009369,1388.457693,2395397313126361358
6256976154,76665433,76665.433,188,1.7613720000000002,96,148197,0.009369,1388.457693,2395397313126361358
6256976154,76665433,76665.433,188,1.7613720000000002,67,148197,0.009369,1388.457693,2395397313126361358
6256976154,76665433,76665.433,188,1.7613720000000002,90,148197,0.009369,1388.457693,2395397313126361358
6256976154,76665433,76665.433,188,1.7613720000000002,107,148196,0.009369,1388.4483240000002,2395397313126361358
6256976154,76665433,76665.433,188,1.7613720000000002,9,147328,0.009369,1380.3160320000002,2395397313126361358
6256976154,76665433,76665.433,188,1.7613720000000002,57,147327,0.009369,1380.306663,2395397313126361358
6256976154,76665433,76665.433,188,1.7613720000000002,139,147326,0.009369,1380.2972940000002,2395397313126361358
6256976154,76665433,76665.433,188,1.7613720000000002,108,147326,0.009369,1380.2972940000002,2395397313126361358
6256976154,76665433,76665.433,188,1.7613720000000002,169,147324,0.009369,1380.278556,2395397313126361358
6256976154,76665433,76665.433,188,1.7613720000000002,11,146497,0.009369,1372.530393,2395397313126361358
6256976154,76665433,76665.433,188,1.7613720000000002,119,146495,0.009369,1372.511655,2395397313126361358
6256976154,76665433,76665.433,188,1.7613720000000002,152,146494,0.009369,1372.5022860000001,2395397313126361358
6256976154,76665433,76665.433,188,1.7613720000000002,176,146494,0.009369,1372.5022860000001,2395397313126361358
6256976154,76665433,76665.433,188,1.7613720000000002,196,146493,0.009369,1372.492917,2395397313126361358
6256976154,76665433,76665.433,188,1.7613720000000002,39,145707,0.009369,1365.128883,2395397313126361358
6256976154,76665433,76665.433,188,1.7613720000000002,60,145706,0.009369,1365.119514,2395397313126361358
6256976154,76665433,76665.433,188,1.7613720000000002,123,145704,0.009369,1365.100776,2395397313126361358
6256976154,76665433,76665.433,188,1.7613720000000002,191,145703,0.009369,1365.0914070000001,2395397313126361358
6256976154,76665433,76665.433,188,1.7613720000000002,44,144944,0.009369,1357.980336,2395397313126361358
6256976154,76665433,76665.433,188,1.7613720000000002,53,144943,0.009369,1357.970967,2395397313126361358
6256976154,76665433,76665.433,188,1.7613720000000002,25,144943,0.009369,1357.970967,2395397313126361358
6256976154,76665433,76665.433,188,1.7613720000000002,78,144942,0.009369,1357.961598,2395397313126361358
6256976154,76665433,76665.433,188,1.7613720000000002,98,144942,0.009369,1357.961598,2395397313126361358
6256976154,76665433,76665.433,188,1.7613720000000002,133,144941,0.009369,1357.952229,2395397313126361358
6256976154,76665433,76665.433,188,1.7613720000000002,131,144941,0.009369,1357.952229,2395397313126361358
6256976154,76665433,76665.433,188,1.7613720000000002,132,144941,0.009369,1357.952229,2395397313126361358
6256976154,76665433,76665.433,188,1.7613720000000002,128,144941,0.009369,1357.952229,2395397313126361358
6256976154,76665433,76665.433,188,1.7613720000000002,38,144108,0.009369,1350.147852,2395397313126361358
6256976154,76665433,76665.433,188,1.7613720000000002,64,144107,0.009369,1350.1384830000002,2395397313126361358
6256976154,76665433,76665.433,188,1.7613720000000002,26,144107,0.009369,1350.1384830000002,2395397313126361358
6256976154,76665433,76665.433,188,1.7613720000000002,3,144107,0.009369,1350.1384830000002,2395397313126361358
6256976154,76665433,76665.433,188,1.7613720000000002,54,144106,0.009369,1350.129114,2395397313126361358
6256976154,76665433,76665.433,188,1.7613720000000002,104,144106,0.009369,1350.129114,2395397313126361358
6256976154,76665433,76665.433,188,1.7613720000000002,151,144105,0.009369,1350.1197450000002,2395397313126361358
6256976154,76665433,76665.433,188,1.7613720000000002,112,144105,0.009369,1350.1197450000002,2395397313126361358
6256976154,76665433,76665.433,188,1.7613720000000002,184,144105,0.009369,1350.1197450000002,2395397313126361358
6256976154,76665433,76665.433,188,1.7613720000000002,163,144105,0.009369,1350.1197450000002,2395397313126361358
6256976154,76665433,76665.433,188,1.7613720000000002,177,144104,0.009369,1350.110376,2395397313126361358
6256976154,76665433,76665.433,188,1.7613720000000002,30,142842,0.009369,1338.2866980000001,2395397313126361358
6256976154,76665433,76665.433,188,1.7613720000000002,69,142841,0.009369,1338.277329,2395397313126361358
6256976154,76665433,76665.433,188,1.7613720000000002,186,142840,0.009369,1338.2679600000001,2395397313126361358
6256976154,76665433,76665.433,188,1.7613720000000002,124,142840,0.009369,1338.2679600000001,2395397313126361358
6256976154,76665433,76665.433,188,1.7613720000000002,74,141968,0.009369,1330.0981920000002,2395397313126361358
6256976154,76665433,76665.433,188,1.7613720000000002,129,141967,0.009369,1330.088823,2395397313126361358
6256976154,76665433,76665.433,188,1.7613720000000002,91,141967,0.009369,1330.088823,2395397313126361358
6256976154,76665433,76665.433,188,1.7613720000000002,89,141967,0.009369,1330.088823,2395397313126361358
6256976154,76665433,76665.433,188,1.7613720000000002,172,141965,0.009369,1330.070085,2395397313126361358
6256976154,76665433,76665.433,188,1.7613720000000002,36,141126,0.009369,1322.2094940000002,2395397313126361358
6256976154,76665433,76665.433,188,1.7613720000000002,97,141125,0.009369,1322.200125,2395397313126361358
6256976154,76665433,76665.433,188,1.7613720000000002,63,130587,0.009369,1223.469603,2395397313126361358
6256976154,76665433,76665.433,188,1.7613720000000002,86,130586,0.009369,1223.4602340000001,2395397313126361358
6256976154,76665433,76665.433,188,1.7613720000000002,168,130584,0.009369,1223.4414960000001,2395397313126361358
6256976154,76665433,76665.433,188,1.7613720000000002,5,128934,0.009369,1207.9826460000002,2395397313126361358
6256976154,76665433,76665.433,188,1.7613720000000002,111,128933,0.009369,1207.973277,2395397313126361358
6256976154,76665433,76665.433,188,1.7613720000000002,77,128132,0.009369,1200.468708,2395397313126361358
6256976154,76665433,76665.433,188,1.7613720000000002,144,128131,0.009369,1200.459339,2395397313126361358
6256976154,76665433,76665.433,188,1.7613720000000002,147,127244,0.009369,1192.149036,2395397313126361358
6256976154,76665433,76665.433,188,1.7613720000000002,116,127244,0.009369,1192.149036,2395397313126361358
6256976154,76665433,76665.433,188,1.7613720000000002,117,127244,0.009369,1192.149036,2395397313126361358
6256976154,76665433,76665.433,188,1.7613720000000002,130,127244,0.009369,1192.149036,2395397313126361358
6256976154,76665433,76665.433,188,1.7613720000000002,156,127243,0.009369,1192.1396670000001,2395397313126361358
6256976154,76665433,76665.433,188,1.7613720000000002,59,126511,0.009369,1185.281559,2395397313126361358
6256976154,76665433,76665.433,188,1.7613720000000002,110,126511,0.009369,1185.281559,2395397313126361358
6256976154,76665433,76665.433,188,1.7613720000000002,195,126509,0.009369,1185.262821,2395397313126361358
6256976154,76665433,76665.433,188,1.7613720000000002,35,125709,0.009369,1177.767621,2395397313126361358
6256976154,76665433,76665.433,188,1.7613720000000002,83,125708,0.009369,1177.758252,2395397313126361358
6256976154,76665433,76665.433,188,1.7613720000000002,87,125708,0.009369,1177.758252,2395397313126361358
6256976154,76665433,76665.433,188,1.7613720000000002,101,125708,0.009369,1177.758252,2395397313126361358
6256976154,76665433,76665.433,188,1.7613720000000002,120,125707,0.009369,1177.748883,2395397313126361358
6256976154,76665433,76665.433,188,1.7613720000000002,146,125707,0.009369,1177.748883,2395397313126361358
6256976154,76665433,76665.433,188,1.7613720000000002,181,125706,0.009369,1177.739514,2395397313126361358
6256976154,76665433,76665.433,188,1.7613720000000002,51,124941,0.009369,1170.572229,2395397313126361358
6256976154,76665433,76665.433,188,1.7613720000000002,50,124941,0.009369,1170.572229,2395397313126361358
6256976154,76665433,76665.433,188,1.7613720000000002,118,124939,0.009369,1170.5534910000001,2395397313126361358
6256976154,76665433,76665.433,188,1.7613720000000002,185,124939,0.009369,1170.5534910000001,2395397313126361358
6256976154,76665433,76665.433,188,1.7613720000000002,183,124938,0.009369,1170.544122,2395397313126361358
6256976154,76665433,76665.433,188,1.7613720000000002,16,123179,0.009369,1154.064051,2395397313126361358
6256976154,76665433,76665.433,188,1.7613720000000002,33,123179,0.009369,1154.064051,2395397313126361358
6256976154,76665433,76665.433,188,1.7613720000000002,17,123179,0.009369,1154.064051,2395397313126361358
6256976154,76665433,76665.433,188,1.7613720000000002,14,123179,0.009369,1154.064051,2395397313126361358
6256976154,76665433,76665.433,188,1.7613720000000002,114,123177,0.009369,1154.045313,2395397313126361358
6256976154,76665433,76665.433,188,1.7613720000000002,143,123177,0.009369,1154.045313,2395397313126361358
6256976154,76665433,76665.433,188,1.7613720000000002,170,123176,0.009369,1154.035944,2395397313126361358
6256976154,76665433,76665.433,188,1.7613720000000002,174,122445,0.009369,1147.1872050000002,2395397313126361358
6256976154,76665433,76665.433,188,1.7613720000000002,188,122445,0.009369,1147.1872050000002,2395397313126361358
6256976154,76665433,76665.433,188,1.7613720000000002,94,121388,0.009369,1137.2841720000001,2395397313126361358
6256976154,76665433,76665.433,188,1.7613720000000002,153,121387,0.009369,1137.274803,2395397313126361358
6256976154,76665433,76665.433,188,1.7613720000000002,55,120516,0.009369,1129.1144040000001,2395397313126361358
6256976154,76665433,76665.433,188,1.7613720000000002,7,120516,0.009369,1129.1144040000001,2395397313126361358
6256976154,76665433,76665.433,188,1.7613720000000002,175,120514,0.009369,1129.0956660000002,2395397313126361358
6256976154,76665433,76665.433,188,1.7613720000000002,149,120514,0.009369,1129.0956660000002,2395397313126361358
6256976154,76665433,76665.433,188,1.7613720000000002,134,120514,0.009369,1129.0956660000002,2395397313126361358
6256976154,76665433,76665.433,188,1.7613720000000002,145,120514,0.009369,1129.0956660000002,2395397313126361358
6256976154,76665433,76665.433,188,1.7613720000000002,197,120513,0.009369,1129.086297,2395397313126361358
6256976154,76665433,76665.433,188,1.7613720000000002,158,120513,0.009369,1129.086297,2395397313126361358
6256976154,76665433,76665.433,188,1.7613720000000002,192,120513,0.009369,1129.086297,2395397313126361358
6256976154,76665433,76665.433,188,1.7613720000000002,190,120513,0.009369,1129.086297,2395397313126361358
6256976154,76665433,76665.433,188,1.7613720000000002,0,119676,0.009369,1121.2444440000002,2395397313126361358
6256976154,76665433,76665.433,188,1.7613720000000002,42,119675,0.009369,1121.235075,2395397313126361358
6256976154,76665433,76665.433,188,1.7613720000000002,20,119675,0.009369,1121.235075,2395397313126361358
6256976154,76665433,76665.433,188,1.7613720000000002,85,119673,0.009369,1121.216337,2395397313126361358
6256976154,76665433,76665.433,188,1.7613720000000002,125,119672,0.009369,1121.206968,2395397313126361358
6256976154,76665433,76665.433,188,1.7613720000000002,173,119672,0.009369,1121.206968,2395397313126361358
6256976154,76665433,76665.433,188,1.7613720000000002,52,118749,0.009369,1112.559381,2395397313126361358
6256976154,76665433,76665.433,188,1.7613720000000002,8,118749,0.009369,1112.559381,2395397313126361358
6256976154,76665433,76665.433,188,1.7613720000000002,165,118747,0.009369,1112.540643,2395397313126361358
6256976154,76665433,76665.433,188,1.7613720000000002,115,118747,0.009369,1112.540643,2395397313126361358
6256976154,76665433,76665.433,188,1.7613720000000002,164,118746,0.009369,1112.5312740000002,2395397313126361358
6256976154,76665433,76665.433,188,1.7613720000000002,171,118746,0.009369,1112.5312740000002,2395397313126361358
6256976154,76665433,76665.433,188,1.7613720000000002,194,118746,0.009369,1112.5312740000002,2395397313126361358
6256976154,76665433,76665.433,188,1.7613720000000002,166,118746,0.009369,1112.5312740000002,2395397313126361358
6256976154,76665433,76665.433,188,1.7613720000000002,75,117812,0.009369,1103.780628,2395397313126361358
6256976154,76665433,76665.433,188,1.7613720000000002,23,117812,0.009369,1103.780628,2395397313126361358
6256976154,76665433,76665.433,188,1.7613720000000002,46,117812,0.009369,1103.780628,2395397313126361358
6256976154,76665433,76665.433,188,1.7613720000000002,76,117812,0.009369,1103.780628,2395397313126361358
6256976154,76665433,76665.433,188,1.7613720000000002,45,117812,0.009369,1103.780628,2395397313126361358
6256976154,76665433,76665.433,188,1.7613720000000002,72,117811,0.009369,1103.771259,2395397313126361358
6256976154,76665433,76665.433,188,1.7613720000000002,66,117811,0.009369,1103.771259,2395397313126361358
6256976154,76665433,76665.433,188,1.7613720000000002,159,117810,0.009369,1103.76189,2395397313126361358
6256976154,76665433,76665.433,188,1.7613720000000002,1,116836,0.009369,1094.636484,2395397313126361358
6256976154,76665433,76665.433,188,1.7613720000000002,81,116833,0.009369,1094.608377,2395397313126361358
6256976154,76665433,76665.433,188,1.7613720000000002,135,116833,0.009369,1094.608377,2395397313126361358
6256976154,76665433,76665.433,188,1.7613720000000002,137,116833,0.009369,1094.608377,2395397313126361358
6256976154,76665433,76665.433,188,1.7613720000000002,122,116832,0.009369,1094.5990080000001,2395397313126361358
6256976154,76665433,76665.433,188,1.7613720000000002,136,116832,0.009369,1094.5990080000001,2395397313126361358
6256976154,76665433,76665.433,188,1.7613720000000002,167,116831,0.009369,1094.589639,2395397313126361358
6256976154,76665433,76665.433,188,1.7613720000000002,157,116831,0.009369,1094.589639,2395397313126361358
6256976154,76665433,76665.433,188,1.7613720000000002,180,116831,0.009369,1094.589639,2395397313126361358
6256976154,76665433,76665.433,188,1.7613720000000002,193,116830,0.009369,1094.5802700000002,2395397313126361358
6256976154,76665433,76665.433,188,1.7613720000000002,2,115887,0.009369,1085.7453030000001,2395397313126361358
6256976154,76665433,76665.433,188,1.7613720000000002,29,115886,0.009369,1085.735934,2395397313126361358
6256976154,76665433,76665.433,188,1.7613720000000002,68,115885,0.009369,1085.7265650000002,2395397313126361358
6256976154,76665433,76665.433,188,1.7613720000000002,178,115884,0.009369,1085.717196,2395397313126361358
6256976154,76665433,76665.433,188,1.7613720000000002,179,115884,0.009369,1085.717196,2395397313126361358
6256976154,76665433,76665.433,188,1.7613720000000002,161,115883,0.009369,1085.7078270000002,2395397313126361358
6256976154,76665433,76665.433,188,1.7613720000000002,15,114831,0.009369,1075.851639,2395397313126361358
6256976154,76665433,76665.433,188,1.7613720000000002,4,114831,0.009369,1075.851639,2395397313126361358
6256976154,76665433,76665.433,188,1.7613720000000002,48,114831,0.009369,1075.851639,2395397313126361358
6256976154,76665433,76665.433,188,1.7613720000000002,102,114830,0.009369,1075.84227,2395397313126361358
6256976154,76665433,76665.433,188,1.7613720000000002,21,114830,0.009369,1075.84227,2395397313126361358
6256976154,76665433,76665.433,188,1.7613720000000002,127,114829,0.009369,1075.832901,2395397313126361358
6256976154,76665433,76665.433,188,1.7613720000000002,79,114829,0.009369,1075.832901,2395397313126361358
6256976154,76665433,76665.433,188,1.7613720000000002,155,114828,0.009369,1075.8235320000001,2395397313126361358
6256976154,76665433,76665.433,188,1.7613720000000002,162,114827,0.009369,1075.814163,2395397313126361358
6256976154,76665433,76665.433,188,1.7613720000000002,49,113794,0.009369,1066.135986,2395397313126361358
6256976154,76665433,76665.433,188,1.7613720000000002,28,113794,0.009369,1066.135986,2395397313126361358
6256976154,76665433,76665.433,188,1.7613720000000002,82,113794,0.009369,1066.135986,2395397313126361358
6256976154,76665433,76665.433,188,1.7613720000000002,18,113794,0.009369,1066.135986,2395397313126361358
6256976154,76665433,76665.433,188,1.7613720000000002,6,113794,0.009369,1066.135986,2395397313126361358
6256976154,76665433,76665.433,188,1.7613720000000002,80,113793,0.009369,1066.1266170000001,2395397313126361358
6256976154,76665433,76665.433,188,1.7613720000000002,73,113793,0.009369,1066.1266170000001,2395397313126361358
6256976154,76665433,76665.433,188,1.7613720000000002,109,113792,0.009369,1066.117248,2395397313126361358
6256976154,76665433,76665.433,188,1.7613720000000002,160,113791,0.009369,1066.1078790000001,2395397313126361358
6256976154,76665433,76665.433,188,1.7613720000000002,32,112872,0.009369,1057.4977680000002,2395397313126361358
6256976154,76665433,76665.433,188,1.7613720000000002,10,112872,0.009369,1057.4977680000002,2395397313126361358
6256976154,76665433,76665.433,188,1.7613720000000002,31,112872,0.009369,1057.4977680000002,2395397313126361358
6256976154,76665433,76665.433,188,1.7613720000000002,95,112871,0.009369,1057.488399,2395397313126361358
6256976154,76665433,76665.433,188,1.7613720000000002,93,112871,0.009369,1057.488399,2395397313126361358
6256976154,76665433,76665.433,188,1.7613720000000002,37,112871,0.009369,1057.488399,2395397313126361358
6256976154,76665433,76665.433,188,1.7613720000000002,27,112871,0.009369,1057.488399,2395397313126361358
6256976154,76665433,76665.433,188,1.7613720000000002,141,112869,0.009369,1057.469661,2395397313126361358
6256976154,76665433,76665.433,188,1.7613720000000002,182,112869,0.009369,1057.469661,2395397313126361358
6256976154,76665433,76665.433,188,1.7613720000000002,189,112868,0.009369,1057.460292,2395397313126361358
6256976154,76665433,76665.433,188,1.7613720000000002,22,111877,0.009369,1048.175613,2395397313126361358
6256976154,76665433,76665.433,188,1.7613720000000002,65,111876,0.009369,1048.166244,2395397313126361358
6256976154,76665433,76665.433,188,1.7613720000000002,142,111875,0.009369,1048.1568750000001,2395397313126361358
6256976154,76665433,76665.433,188,1.7613720000000002,70,109023,0.009369,1021.436487,2395397313126361358
6256976154,76665433,76665.433,188,1.7613720000000002,187,109020,0.009369,1021.4083800000001,2395397313126361358
6256976154,76665433,76665.433,188,1.7613720000000002,12,108182,0.009369,1013.5571580000001,2395397313126361358
6256976154,76665433,76665.433,188,1.7613720000000002,140,108181,0.009369,1013.5477890000001,2395397313126361358
6256976154,76665433,76665.433,188,1.7613720000000002,88,108181,0.009369,1013.5477890000001,2395397313126361358
6256976154,76665433,76665.433,188,1.7613720000000002,150,108180,0.009369,1013.5384200000001,2395397313126361358
6256976154,76665433,76665.433,188,1.7613720000000002,41,107322,0.009369,1005.4998180000001,2395397313126361358
6256976154,76665433,76665.433,188,1.7613720000000002,19,107322,0.009369,1005.4998180000001,2395397313126361358
6256976154,76665433,76665.433,188,1.7613720000000002,105,107321,0.009369,1005.490449,2395397313126361358
6256976154,76665433,76665.433,188,1.7613720000000002,58,106455,0.009369,997.3768950000001,2395397313126361358
6256976154,76665433,76665.433,188,1.7613720000000002,138,106454,0.009369,997.3675260000001,2395397313126361358
6256976154,76665433,76665.433,188,1.7613720000000002,121,105658,0.009369,989.909802,2395397313126361358
6256976154,76665433,76665.433,188,1.7613720000000002,71,103910,0.009369,973.5327900000001,2395397313126361358
6256976154,76665433,76665.433,188,1.7613720000000002,148,103909,0.009369,973.5234210000001,2395397313126361358
6256976154,76665433,76665.433,188,1.7613720000000002,126,103909,0.009369,973.5234210000001,2395397313126361358
6256976154,76665433,76665.433,188,1.7613720000000002,62,102997,0.009369,964.9788930000001,2395397313126361358
6256976154,76665433,76665.433,188,1.7613720000000002,56,102996,0.009369,964.9695240000001,2395397313126361358
6256976154,76665433,76665.433,188,1.7613720000000002,92,102996,0.009369,964.9695240000001,2395397313126361358
6256976154,76665433,76665.433,188,1.7613720000000002,106,102995,0.009369,964.9601550000001,2395397313126361358
6256976154,76665433,76665.433,188,1.7613720000000002,113,102082,0.009369,956.4062580000001,2395397313126361358
6257016454,77102564,77102.564,193,1.2058640000000003,6,7972458,0.006248,49811.917584,-7549302465468015677
6257016454,77102564,77102.564,193,1.2058640000000003,115,7969936,0.006248,49796.160128,-7549302465468015677
6257016454,77102564,77102.564,193,1.2058640000000003,188,3124010,0.006248,19518.81448,-7549302465468015677
6257016454,77102564,77102.564,193,1.2058640000000003,164,3114553,0.006248,19459.727144,-7549302465468015677
6257016454,77102564,77102.564,193,1.2058640000000003,43,327583,0.006248,2046.738584,-7549302465468015677
6257016454,77102564,77102.564,193,1.2058640000000003,157,305229,0.006248,1907.070792,-7549302465468015677
6257016454,77102564,77102.564,193,1.2058640000000003,58,287995,0.006248,1799.39276,-7549302465468015677
6257016454,77102564,77102.564,193,1.2058640000000003,178,278211,0.006248,1738.262328,-7549302465468015677
6257016454,77102564,77102.564,193,1.2058640000000003,189,269320,0.006248,1682.71136,-7549302465468015677
6257016454,77102564,77102.564,193,1.2058640000000003,77,258907,0.006248,1617.650936,-7549302465468015677
6257016454,77102564,77102.564,193,1.2058640000000003,109,251306,0.006248,1570.159888,-7549302465468015677
6257016454,77102564,77102.564,193,1.2058640000000003,99,243179,0.006248,1519.382392,-7549302465468015677
6257016454,77102564,77102.564,193,1.2058640000000003,186,229969,0.006248,1436.8463120000001,-7549302465468015677
6257016454,77102564,77102.564,193,1.2058640000000003,27,220843,0.006248,1379.827064,-7549302465468015677
6257016454,77102564,77102.564,193,1.2058640000000003,47,206686,0.006248,1291.374128,-7549302465468015677
6257016454,77102564,77102.564,193,1.2058640000000003,112,200636,0.006248,1253.573728,-7549302465468015677
6257016454,77102564,77102.564,193,1.2058640000000003,8,194232,0.006248,1213.561536,-7549302465468015677
6257016454,77102564,77102.564,193,1.2058640000000003,22,189488,0.006248,1183.921024,-7549302465468015677
6257016454,77102564,77102.564,193,1.2058640000000003,90,189487,0.006248,1183.914776,-7549302465468015677
6257016454,77102564,77102.564,193,1.2058640000000003,143,181336,0.006248,1132.987328,-7549302465468015677
6257016454,77102564,77102.564,193,1.2058640000000003,131,180504,0.006248,1127.788992,-7549302465468015677
6257016454,77102564,77102.564,193,1.2058640000000003,33,177200,0.006248,1107.1456,-7549302465468015677
6257016454,77102564,77102.564,193,1.2058640000000003,71,169983,0.006248,1062.053784,-7549302465468015677
6257016454,77102564,77102.564,193,1.2058640000000003,64,168212,0.006248,1050.988576,-7549302465468015677
6257016454,77102564,77102.564,193,1.2058640000000003,40,164750,0.006248,1029.358,-7549302465468015677
6257016454,77102564,77102.564,193,1.2058640000000003,135,161756,0.006248,1010.651488,-7549302465468015677
6257016454,77102564,77102.564,193,1.2058640000000003,48,159376,0.006248,995.781248,-7549302465468015677
6257016454,77102564,77102.564,193,1.2058640000000003,54,156036,0.006248,974.912928,-7549302465468015677
6257016454,77102564,77102.564,193,1.2058640000000003,20,153419,0.006248,958.561912,-7549302465468015677
6257016454,77102564,77102.564,193,1.2058640000000003,134,153417,0.006248,958.5494160000001,-7549302465468015677
6257016454,77102564,77102.564,193,1.2058640000000003,119,151841,0.006248,948.702568,-7549302465468015677
6257016454,77102564,77102.564,193,1.2058640000000003,4,143893,0.006248,899.043464,-7549302465468015677
6257016454,77102564,77102.564,193,1.2058640000000003,170,143002,0.006248,893.476496,-7549302465468015677
6257016454,77102564,77102.564,193,1.2058640000000003,190,135918,0.006248,849.2156640000001,-7549302465468015677
6257016454,77102564,77102.564,193,1.2058640000000003,68,134106,0.006248,837.894288,-7549302465468015677
6257016454,77102564,77102.564,193,1.2058640000000003,174,130571,0.006248,815.807608,-7549302465468015677
6257016454,77102564,77102.564,193,1.2058640000000003,128,128386,0.006248,802.155728,-7549302465468015677
6257016454,77102564,77102.564,193,1.2058640000000003,10,126625,0.006248,791.153,-7549302465468015677
6257016454,77102564,77102.564,193,1.2058640000000003,0,126625,0.006248,791.153,-7549302465468015677
6257016454,77102564,77102.564,193,1.2058640000000003,87,119046,0.006248,743.799408,-7549302465468015677
6257016454,77102564,77102.564,193,1.2058640000000003,24,117919,0.006248,736.757912,-7549302465468015677
6257016454,77102564,77102.564,193,1.2058640000000003,142,117918,0.006248,736.751664,-7549302465468015677
6257016454,77102564,77102.564,193,1.2058640000000003,150,117010,0.006248,731.07848,-7549302465468015677
6257016454,77102564,77102.564,193,1.2058640000000003,89,116180,0.006248,725.89264,-7549302465468015677
6257016454,77102564,77102.564,193,1.2058640000000003,49,115314,0.006248,720.481872,-7549302465468015677
6257016454,77102564,77102.564,193,1.2058640000000003,107,112993,0.006248,705.980264,-7549302465468015677
6257016454,77102564,77102.564,193,1.2058640000000003,19,109958,0.006248,687.017584,-7549302465468015677
6257016454,77102564,77102.564,193,1.2058640000000003,83,109957,0.006248,687.011336,-7549302465468015677
6257016454,77102564,77102.564,193,1.2058640000000003,9,109255,0.006248,682.62524,-7549302465468015677
6257016454,77102564,77102.564,193,1.2058640000000003,29,109254,0.006248,682.618992,-7549302465468015677
6257016454,77102564,77102.564,193,1.2058640000000003,13,108498,0.006248,677.895504,-7549302465468015677
6257016454,77102564,77102.564,193,1.2058640000000003,52,108498,0.006248,677.895504,-7549302465468015677
6257016454,77102564,77102.564,193,1.2058640000000003,105,108496,0.006248,677.883008,-7549302465468015677
6257016454,77102564,77102.564,193,1.2058640000000003,5,105953,0.006248,661.994344,-7549302465468015677
6257016454,77102564,77102.564,193,1.2058640000000003,97,105095,0.006248,656.63356,-7549302465468015677
6257016454,77102564,77102.564,193,1.2058640000000003,57,105095,0.006248,656.63356,-7549302465468015677
6257016454,77102564,77102.564,193,1.2058640000000003,17,104261,0.006248,651.422728,-7549302465468015677
6257016454,77102564,77102.564,193,1.2058640000000003,61,104260,0.006248,651.41648,-7549302465468015677
6257016454,77102564,77102.564,193,1.2058640000000003,183,104259,0.006248,651.4102320000001,-7549302465468015677
6257016454,77102564,77102.564,193,1.2058640000000003,1,103323,0.006248,645.562104,-7549302465468015677
6257016454,77102564,77102.564,193,1.2058640000000003,111,103320,0.006248,645.54336,-7549302465468015677
6257016454,77102564,77102.564,193,1.2058640000000003,2,102494,0.006248,640.382512,-7549302465468015677
6257016454,77102564,77102.564,193,1.2058640000000003,140,102491,0.006248,640.363768,-7549302465468015677
6257016454,77102564,77102.564,193,1.2058640000000003,191,101654,0.006248,635.134192,-7549302465468015677
6257016454,77102564,77102.564,193,1.2058640000000003,60,99967,0.006248,624.5938160000001,-7549302465468015677
6257016454,77102564,77102.564,193,1.2058640000000003,161,99965,0.006248,624.58132,-7549302465468015677
6257016454,77102564,77102.564,193,1.2058640000000003,154,99965,0.006248,624.58132,-7549302465468015677
6257016454,77102564,77102.564,193,1.2058640000000003,85,99207,0.006248,619.845336,-7549302465468015677
6257016454,77102564,77102.564,193,1.2058640000000003,94,99207,0.006248,619.845336,-7549302465468015677
6257016454,77102564,77102.564,193,1.2058640000000003,179,99205,0.006248,619.83284,-7549302465468015677
6257016454,77102564,77102.564,193,1.2058640000000003,180,99205,0.006248,619.83284,-7549302465468015677
6257016454,77102564,77102.564,193,1.2058640000000003,91,98448,0.006248,615.103104,-7549302465468015677
6257016454,77102564,77102.564,193,1.2058640000000003,70,98448,0.006248,615.103104,-7549302465468015677
6257016454,77102564,77102.564,193,1.2058640000000003,130,98447,0.006248,615.096856,-7549302465468015677
6257016454,77102564,77102.564,193,1.2058640000000003,173,98446,0.006248,615.090608,-7549302465468015677
6257016454,77102564,77102.564,193,1.2058640000000003,192,98446,0.006248,615.090608,-7549302465468015677
6257016454,77102564,77102.564,193,1.2058640000000003,148,97732,0.006248,610.629536,-7549302465468015677
6257016454,77102564,77102.564,193,1.2058640000000003,146,97732,0.006248,610.629536,-7549302465468015677
6257016454,77102564,77102.564,193,1.2058640000000003,124,97732,0.006248,610.629536,-7549302465468015677
6257016454,77102564,77102.564,193,1.2058640000000003,172,97731,0.006248,610.623288,-7549302465468015677
6257016454,77102564,77102.564,193,1.2058640000000003,171,97731,0.006248,610.623288,-7549302465468015677
6257016454,77102564,77102.564,193,1.2058640000000003,51,96709,0.006248,604.237832,-7549302465468015677
6257016454,77102564,77102.564,193,1.2058640000000003,31,96709,0.006248,604.237832,-7549302465468015677
6257016454,77102564,77102.564,193,1.2058640000000003,66,96708,0.006248,604.231584,-7549302465468015677
6257016454,77102564,77102.564,193,1.2058640000000003,65,96708,0.006248,604.231584,-7549302465468015677
6257016454,77102564,77102.564,193,1.2058640000000003,110,96708,0.006248,604.231584,-7549302465468015677
6257016454,77102564,77102.564,193,1.2058640000000003,162,96707,0.006248,604.225336,-7549302465468015677
6257016454,77102564,77102.564,193,1.2058640000000003,62,95952,0.006248,599.508096,-7549302465468015677
6257016454,77102564,77102.564,193,1.2058640000000003,106,95951,0.006248,599.501848,-7549302465468015677
6257016454,77102564,77102.564,193,1.2058640000000003,169,95950,0.006248,599.4956,-7549302465468015677
6257016454,77102564,77102.564,193,1.2058640000000003,185,95950,0.006248,599.4956,-7549302465468015677
6257016454,77102564,77102.564,193,1.2058640000000003,160,95950,0.006248,599.4956,-7549302465468015677
6257016454,77102564,77102.564,193,1.2058640000000003,177,95950,0.006248,599.4956,-7549302465468015677
6257016454,77102564,77102.564,193,1.2058640000000003,73,95212,0.006248,594.884576,-7549302465468015677
6257016454,77102564,77102.564,193,1.2058640000000003,147,95211,0.006248,594.878328,-7549302465468015677
6257016454,77102564,77102.564,193,1.2058640000000003,108,95211,0.006248,594.878328,-7549302465468015677
6257016454,77102564,77102.564,193,1.2058640000000003,194,95209,0.006248,594.865832,-7549302465468015677
6257016454,77102564,77102.564,193,1.2058640000000003,55,94289,0.006248,589.117672,-7549302465468015677
6257016454,77102564,77102.564,193,1.2058640000000003,12,94289,0.006248,589.117672,-7549302465468015677
6257016454,77102564,77102.564,193,1.2058640000000003,120,94287,0.006248,589.105176,-7549302465468015677
6257016454,77102564,77102.564,193,1.2058640000000003,151,94286,0.006248,589.098928,-7549302465468015677
6257016454,77102564,77102.564,193,1.2058640000000003,196,94284,0.006248,589.0864320000001,-7549302465468015677
6257016454,77102564,77102.564,193,1.2058640000000003,98,92620,0.006248,578.68976,-7549302465468015677
6257016454,77102564,77102.564,193,1.2058640000000003,23,92620,0.006248,578.68976,-7549302465468015677
6257016454,77102564,77102.564,193,1.2058640000000003,92,92620,0.006248,578.68976,-7549302465468015677
6257016454,77102564,77102.564,193,1.2058640000000003,101,92620,0.006248,578.68976,-7549302465468015677
6257016454,77102564,77102.564,193,1.2058640000000003,84,92620,0.006248,578.68976,-7549302465468015677
6257016454,77102564,77102.564,193,1.2058640000000003,88,92619,0.006248,578.6835120000001,-7549302465468015677
6257016454,77102564,77102.564,193,1.2058640000000003,137,92619,0.006248,578.6835120000001,-7549302465468015677
6257016454,77102564,77102.564,193,1.2058640000000003,195,92617,0.006248,578.671016,-7549302465468015677
6257016454,77102564,77102.564,193,1.2058640000000003,37,91643,0.006248,572.585464,-7549302465468015677
6257016454,77102564,77102.564,193,1.2058640000000003,32,91643,0.006248,572.585464,-7549302465468015677
6257016454,77102564,77102.564,193,1.2058640000000003,30,91643,0.006248,572.585464,-7549302465468015677
6257016454,77102564,77102.564,193,1.2058640000000003,45,91642,0.006248,572.579216,-7549302465468015677
6257016454,77102564,77102.564,193,1.2058640000000003,122,91641,0.006248,572.5729680000001,-7549302465468015677
6257016454,77102564,77102.564,193,1.2058640000000003,133,91641,0.006248,572.5729680000001,-7549302465468015677
6257016454,77102564,77102.564,193,1.2058640000000003,138,91640,0.006248,572.56672,-7549302465468015677
6257016454,77102564,77102.564,193,1.2058640000000003,132,91640,0.006248,572.56672,-7549302465468015677
6257016454,77102564,77102.564,193,1.2058640000000003,136,91640,0.006248,572.56672,-7549302465468015677
6257016454,77102564,77102.564,193,1.2058640000000003,155,91639,0.006248,572.560472,-7549302465468015677
6257016454,77102564,77102.564,193,1.2058640000000003,197,91639,0.006248,572.560472,-7549302465468015677
6257016454,77102564,77102.564,193,1.2058640000000003,184,91639,0.006248,572.560472,-7549302465468015677
6257016454,77102564,77102.564,193,1.2058640000000003,7,90814,0.006248,567.405872,-7549302465468015677
6257016454,77102564,77102.564,193,1.2058640000000003,18,90813,0.006248,567.399624,-7549302465468015677
6257016454,77102564,77102.564,193,1.2058640000000003,35,90812,0.006248,567.393376,-7549302465468015677
6257016454,77102564,77102.564,193,1.2058640000000003,53,90812,0.006248,567.393376,-7549302465468015677
6257016454,77102564,77102.564,193,1.2058640000000003,74,90812,0.006248,567.393376,-7549302465468015677
6257016454,77102564,77102.564,193,1.2058640000000003,36,90811,0.006248,567.387128,-7549302465468015677
6257016454,77102564,77102.564,193,1.2058640000000003,102,90811,0.006248,567.387128,-7549302465468015677
6257016454,77102564,77102.564,193,1.2058640000000003,175,90809,0.006248,567.374632,-7549302465468015677
6257016454,77102564,77102.564,193,1.2058640000000003,28,89873,0.006248,561.526504,-7549302465468015677
6257016454,77102564,77102.564,193,1.2058640000000003,11,89873,0.006248,561.526504,-7549302465468015677
6257016454,77102564,77102.564,193,1.2058640000000003,16,89872,0.006248,561.520256,-7549302465468015677
6257016454,77102564,77102.564,193,1.2058640000000003,46,89872,0.006248,561.520256,-7549302465468015677
6257016454,77102564,77102.564,193,1.2058640000000003,42,89872,0.006248,561.520256,-7549302465468015677
6257016454,77102564,77102.564,193,1.2058640000000003,95,89872,0.006248,561.520256,-7549302465468015677
6257016454,77102564,77102.564,193,1.2058640000000003,14,89872,0.006248,561.520256,-7549302465468015677
6257016454,77102564,77102.564,193,1.2058640000000003,75,89871,0.006248,561.514008,-7549302465468015677
6257016454,77102564,77102.564,193,1.2058640000000003,127,89871,0.006248,561.514008,-7549302465468015677
6257016454,77102564,77102.564,193,1.2058640000000003,86,89871,0.006248,561.514008,-7549302465468015677
6257016454,77102564,77102.564,193,1.2058640000000003,176,89869,0.006248,561.501512,-7549302465468015677
6257016454,77102564,77102.564,193,1.2058640000000003,34,89046,0.006248,556.359408,-7549302465468015677
6257016454,77102564,77102.564,193,1.2058640000000003,39,89046,0.006248,556.359408,-7549302465468015677
6257016454,77102564,77102.564,193,1.2058640000000003,104,89045,0.006248,556.35316,-7549302465468015677
6257016454,77102564,77102.564,193,1.2058640000000003,181,89043,0.006248,556.3406640000001,-7549302465468015677
6257016454,77102564,77102.564,193,1.2058640000000003,21,88104,0.006248,550.473792,-7549302465468015677
6257016454,77102564,77102.564,193,1.2058640000000003,25,88104,0.006248,550.473792,-7549302465468015677
6257016454,77102564,77102.564,193,1.2058640000000003,153,88103,0.006248,550.467544,-7549302465468015677
6257016454,77102564,77102.564,193,1.2058640000000003,81,88103,0.006248,550.467544,-7549302465468015677
6257016454,77102564,77102.564,193,1.2058640000000003,113,88103,0.006248,550.467544,-7549302465468015677
6257016454,77102564,77102.564,193,1.2058640000000003,103,88103,0.006248,550.467544,-7549302465468015677
6257016454,77102564,77102.564,193,1.2058640000000003,166,88102,0.006248,550.4612960000001,-7549302465468015677
6257016454,77102564,77102.564,193,1.2058640000000003,118,88102,0.006248,550.4612960000001,-7549302465468015677
6257016454,77102564,77102.564,193,1.2058640000000003,167,88101,0.006248,550.455048,-7549302465468015677
6257016454,77102564,77102.564,193,1.2058640000000003,56,86916,0.006248,543.051168,-7549302465468015677
6257016454,77102564,77102.564,193,1.2058640000000003,44,86916,0.006248,543.051168,-7549302465468015677
6257016454,77102564,77102.564,193,1.2058640000000003,76,86915,0.006248,543.04492,-7549302465468015677
6257016454,77102564,77102.564,193,1.2058640000000003,82,86915,0.006248,543.04492,-7549302465468015677
6257016454,77102564,77102.564,193,1.2058640000000003,67,86915,0.006248,543.04492,-7549302465468015677
6257016454,77102564,77102.564,193,1.2058640000000003,72,86915,0.006248,543.04492,-7549302465468015677
6257016454,77102564,77102.564,193,1.2058640000000003,116,86914,0.006248,543.038672,-7549302465468015677
6257016454,77102564,77102.564,193,1.2058640000000003,121,86914,0.006248,543.038672,-7549302465468015677
6257016454,77102564,77102.564,193,1.2058640000000003,123,86914,0.006248,543.038672,-7549302465468015677
6257016454,77102564,77102.564,193,1.2058640000000003,139,86914,0.006248,543.038672,-7549302465468015677
6257016454,77102564,77102.564,193,1.2058640000000003,187,86913,0.006248,543.032424,-7549302465468015677
6257016454,77102564,77102.564,193,1.2058640000000003,165,86913,0.006248,543.032424,-7549302465468015677
6257016454,77102564,77102.564,193,1.2058640000000003,26,86171,0.006248,538.396408,-7549302465468015677
6257016454,77102564,77102.564,193,1.2058640000000003,141,86170,0.006248,538.39016,-7549302465468015677
6257016454,77102564,77102.564,193,1.2058640000000003,79,86170,0.006248,538.39016,-7549302465468015677
6257016454,77102564,77102.564,193,1.2058640000000003,69,86170,0.006248,538.39016,-7549302465468015677
6257016454,77102564,77102.564,193,1.2058640000000003,59,86170,0.006248,538.39016,-7549302465468015677
6257016454,77102564,77102.564,193,1.2058640000000003,163,86169,0.006248,538.383912,-7549302465468015677
6257016454,77102564,77102.564,193,1.2058640000000003,149,86169,0.006248,538.383912,-7549302465468015677
6257016454,77102564,77102.564,193,1.2058640000000003,126,86169,0.006248,538.383912,-7549302465468015677
6257016454,77102564,77102.564,193,1.2058640000000003,129,86169,0.006248,538.383912,-7549302465468015677
6257016454,77102564,77102.564,193,1.2058640000000003,144,86169,0.006248,538.383912,-7549302465468015677
6257016454,77102564,77102.564,193,1.2058640000000003,158,86169,0.006248,538.383912,-7549302465468015677
6257016454,77102564,77102.564,193,1.2058640000000003,168,86168,0.006248,538.377664,-7549302465468015677
6257016454,77102564,77102.564,193,1.2058640000000003,15,85420,0.006248,533.70416,-7549302465468015677
6257016454,77102564,77102.564,193,1.2058640000000003,50,85420,0.006248,533.70416,-7549302465468015677
6257016454,77102564,77102.564,193,1.2058640000000003,41,85420,0.006248,533.70416,-7549302465468015677
6257016454,77102564,77102.564,193,1.2058640000000003,80,85419,0.006248,533.697912,-7549302465468015677
6257016454,77102564,77102.564,193,1.2058640000000003,38,85419,0.006248,533.697912,-7549302465468015677
6257016454,77102564,77102.564,193,1.2058640000000003,96,85419,0.006248,533.697912,-7549302465468015677
6257016454,77102564,77102.564,193,1.2058640000000003,100,85419,0.006248,533.697912,-7549302465468015677
6257016454,77102564,77102.564,193,1.2058640000000003,152,85418,0.006248,533.6916640000001,-7549302465468015677
6257016454,77102564,77102.564,193,1.2058640000000003,117,85417,0.006248,533.685416,-7549302465468015677
6257016454,77102564,77102.564,193,1.2058640000000003,182,85417,0.006248,533.685416,-7549302465468015677
6257016454,77102564,77102.564,193,1.2058640000000003,193,85416,0.006248,533.679168,-7549302465468015677
6257016454,77102564,77102.564,193,1.2058640000000003,3,84631,0.006248,528.774488,-7549302465468015677
6257016454,77102564,77102.564,193,1.2058640000000003,114,84628,0.006248,528.755744,-7549302465468015677
6257016454,77102564,77102.564,193,1.2058640000000003,145,84628,0.006248,528.755744,-7549302465468015677
6257016454,77102564,77102.564,193,1.2058640000000003,125,84628,0.006248,528.755744,-7549302465468015677
